Datetime,electrical_current,voltage,power_factor,room_temperature
2021-07-25 11:06:00,5.5600000000000005,243.77,0.28,24.0
2021-07-25 11:08:00,5.42,243.34,0.28,24.0
2021-07-25 11:10:00,5.6,242.53,0.29,24.02
2021-07-25 11:12:00,5.61,243.48,0.35,24.02
2021-07-25 11:14:00,5.7,244.03,0.35,24.04
2021-07-25 11:16:00,5.550000000000001,243.75,0.22,24.04
2021-07-25 11:18:00,5.710000000000001,242.48,0.23,24.02
2021-07-25 11:20:00,5.54,244.04,0.28,24.0
2021-07-25 11:22:00,5.300000000000001,243.14,0.27,23.99
2021-07-25 11:24:00,5.44,243.2,0.29,23.97
2021-07-25 11:26:00,5.67,244.21,0.32,23.97
2021-07-25 11:28:00,5.65,242.45,0.3,24.0
2021-07-25 11:30:00,5.58,243.58,0.24,23.89
2021-07-25 11:32:00,5.67,243.89,0.35,23.94
2021-07-25 11:34:00,5.66,243.96,0.32,23.94
2021-07-25 11:36:00,5.35,242.63,0.25,23.94
2021-07-25 11:38:00,5.63,243.62,0.26,23.93
2021-07-25 11:40:00,5.61,243.45,0.32,23.92
2021-07-25 11:42:00,5.76,244.17,0.35,23.9
2021-07-25 11:44:00,5.74,243.42,0.28,24.32
2021-07-25 11:46:00,5.75,243.46,0.35,24.32
2021-07-25 11:48:00,5.69,243.21,0.23,24.32
2021-07-25 11:50:00,5.33,244.43,0.27,24.32
2021-07-25 11:52:00,5.64,242.3,0.35,24.32
2021-07-25 11:56:00,5.63,241.93,0.27,24.28
2021-07-25 11:58:00,5.67,242.36,0.32,24.28
2021-07-25 12:00:00,5.86,241.84,0.37,24.28
2021-07-25 12:02:00,4.92,243.07,0.02,24.28
2021-07-25 12:04:00,5.58,242.53,0.29,24.28
2021-07-25 12:06:00,5.63,241.53,0.33,24.28
2021-07-25 12:08:00,5.71,243.5,0.34,24.25
2021-07-25 12:10:00,5.72,243.7,0.34,24.25
2021-07-25 12:14:00,5.57,243.07,0.29,24.28
2021-07-25 12:16:00,5.77,244.14,0.23,24.28
2021-07-25 12:18:00,5.539999999999999,242.86,0.33,24.28
2021-07-25 12:20:00,5.66,244.01,0.26,24.28
2021-07-25 12:22:00,5.64,243.74,0.23,24.28
2021-07-25 12:24:00,5.470000000000001,244.97,0.29,24.28
2021-07-25 12:26:00,6.01,244.87,0.29,24.28
2021-07-25 12:28:00,5.550000000000001,244.03,0.32,24.28
2021-07-25 12:30:00,5.55,244.77,0.3,23.79
2021-07-25 12:32:00,5.6,244.69,0.26,23.83
2021-07-25 12:34:00,5.49,243.65,0.33,23.83
2021-07-25 12:36:00,5.75,242.89,0.31,23.84
2021-07-25 12:38:00,5.84,241.66,0.29,23.84
2021-07-25 12:40:00,5.49,240.41,0.29,23.85
2021-07-25 12:42:00,5.71,241.34,0.33,23.88
2021-07-25 12:46:00,5.84,240.88,0.31,23.88
2021-07-25 12:50:00,5.42,242.0,0.31,23.88
2021-07-25 12:52:00,5.91,240.77,0.34,23.85
2021-07-25 12:54:00,5.64,241.3,0.32,23.83
2021-07-25 12:56:00,5.71,240.27,0.31,23.83
2021-07-25 12:58:00,5.73,240.77,0.34,23.81
2021-07-25 13:00:00,5.51,239.56,0.27,23.8
2021-07-25 13:02:00,5.67,240.78,0.28,23.8
2021-07-25 13:06:00,5.5,242.38,0.33,23.79
2021-07-25 13:08:00,5.71,240.7,0.28,23.78
2021-07-25 13:10:00,5.85,241.3,0.32,23.77
2021-07-25 13:12:00,5.54,240.82,0.31,23.77
2021-07-25 13:14:00,5.74,241.72,0.22,23.77
2021-07-25 13:16:00,5.53,241.01,0.31,23.78
2021-07-25 13:18:00,5.699999999999999,240.74,0.31,23.79
2021-07-25 13:20:00,5.7,240.23,0.29,23.81
2021-07-25 13:22:00,5.72,241.17,0.31,23.82
2021-07-25 13:24:00,5.67,239.33,0.27,23.82
2021-07-25 13:26:00,5.640000000000001,241.31,0.35,23.82
2021-07-25 13:28:00,5.65,240.52,0.38,23.95
2021-07-25 13:30:00,5.84,241.06,0.3,23.82
2021-07-25 13:34:00,5.48,240.61,0.3,23.8
2021-07-25 13:36:00,5.44,238.89,0.23,23.79
2021-07-25 13:40:00,5.48,238.39,0.32,23.76
2021-07-25 13:42:00,5.44,242.98,0.33,23.75
2021-07-25 13:44:00,5.61,241.61,0.32,23.81
2021-07-25 13:46:00,5.530000000000001,240.8,0.35,23.81
2021-07-25 13:48:00,5.42,240.25,0.27,23.81
2021-07-25 13:50:00,5.470000000000001,239.17,0.37,23.81
2021-07-25 13:52:00,5.49,240.95,0.28,23.83
2021-07-25 13:54:00,5.88,240.12,0.33,23.81
2021-07-25 13:56:00,5.41,240.04,0.28,23.81
2021-07-25 13:58:00,5.72,239.08,0.27,23.81
2021-07-25 14:00:00,5.720000000000001,239.08,0.31,23.81
2021-07-25 14:02:00,5.88,239.47,0.3,23.83
2021-07-25 14:06:00,5.65,239.63,0.3,23.8
2021-07-25 14:08:00,5.5,239.09,0.27,23.79
2021-07-25 14:10:00,5.58,240.0,0.35,23.79
2021-07-25 14:12:00,5.69,238.52,0.31,23.81
2021-07-25 14:14:00,5.71,238.68,0.34,23.78
2021-07-25 14:16:00,5.87,238.46,0.29,23.77
2021-07-25 14:18:00,5.53,239.6,0.33,23.81
2021-07-25 14:22:00,5.58,240.2,0.33,23.72
2021-07-25 14:24:00,5.6,240.45,0.34,23.72
2021-07-25 14:26:00,5.83,240.62,0.29,23.81
2021-07-25 14:28:00,5.579999999999999,240.22,0.27,23.81
2021-07-25 14:34:00,5.77,240.88,0.34,23.76
2021-07-25 14:38:00,5.69,238.55,0.33,23.8
2021-07-25 14:40:00,5.61,238.41,0.3,23.82
2021-07-25 14:42:00,5.65,238.96,0.3,23.8
2021-07-25 14:44:00,5.43,237.63,0.3,23.82
2021-07-25 14:46:00,5.69,239.07,0.27,23.8
2021-07-25 14:48:00,5.3100000000000005,238.34,0.24,23.82
2021-07-25 14:50:00,5.71,240.0,0.31,23.8
2021-07-25 14:52:00,5.71,238.92,0.32,23.8
2021-07-25 14:54:00,5.5200000000000005,239.02,0.3,23.82
2021-07-25 14:56:00,5.63,239.77,0.32,23.8
2021-07-25 14:58:00,5.470000000000001,241.11,0.31,23.82
2021-07-25 15:00:00,5.6,241.38,0.29,23.82
2021-07-25 15:02:00,5.82,241.52,0.31,23.82
2021-07-25 15:04:00,5.34,240.86,0.27,23.8
2021-07-25 15:06:00,5.880000000000001,240.2,0.34,23.82
2021-07-25 15:10:00,5.52,241.41,0.3,23.82
2021-07-25 15:12:00,5.44,242.22,0.3,23.82
2021-07-25 15:14:00,5.57,241.49,0.24,23.82
2021-07-25 15:16:00,5.5200000000000005,241.49,0.31,23.78
2021-07-25 15:18:00,5.54,244.17,0.31,23.82
2021-07-25 15:20:00,5.69,243.46,0.29,23.78
2021-07-25 15:22:00,5.87,242.68,0.33,23.82
2021-07-25 15:24:00,5.78,244.14,0.28,23.79
2021-07-25 15:26:00,5.510000000000001,243.25,0.36,23.82
2021-07-25 15:28:00,5.55,242.31,0.29,23.82
2021-07-25 15:30:00,5.64,243.57,0.28,23.76
2021-07-25 15:36:00,5.43,243.69,0.32,23.75
2021-07-25 15:38:00,5.83,243.98,0.33,23.74
2021-07-25 15:40:00,5.62,243.33,0.29,23.73
2021-07-25 15:42:00,5.4,242.94,0.33,23.72
2021-07-25 15:44:00,5.69,243.56,0.26,23.7
2021-07-25 15:46:00,5.5,242.78,0.28,23.72
2021-07-25 15:48:00,5.64,244.3,0.33,23.73
2021-07-25 15:50:00,5.85,242.61,0.33,23.76
2021-07-25 15:52:00,5.55,244.24,0.33,23.77
2021-07-25 15:54:00,5.73,242.84,0.31,23.79
2021-07-25 15:56:00,5.54,243.08,0.26,23.79
2021-07-25 15:58:00,5.829999999999999,239.89,0.34,23.79
2021-07-25 16:00:00,5.73,240.81,0.26,23.79
2021-07-25 16:04:00,5.73,239.43,0.23,23.78
2021-07-25 16:06:00,5.609999999999999,241.01,0.31,23.77
2021-07-25 16:08:00,5.73,240.19,0.27,23.75
2021-07-25 16:10:00,5.65,242.31,0.34,23.74
2021-07-25 16:12:00,5.74,242.0,0.32,23.73
2021-07-25 16:14:00,5.7,241.48,0.26,23.72
2021-07-25 16:18:00,5.77,243.24,0.32,23.7
2021-07-25 16:20:00,5.58,242.3,0.28,23.69
2021-07-25 16:22:00,5.62,241.87,0.32,23.68
2021-07-25 16:24:00,5.8100000000000005,243.34,0.37,23.69
2021-07-25 16:26:00,5.51,242.24,0.29,23.7
2021-07-25 16:28:00,5.5600000000000005,241.96,0.19,23.7
2021-07-25 16:30:00,5.619999999999999,242.87,0.3,23.76
2021-07-25 16:32:00,5.7,241.54,0.36,23.76
2021-07-25 16:34:00,5.58,242.67,0.29,23.76
2021-07-25 16:36:00,5.81,242.53,0.29,23.76
2021-07-25 16:38:00,5.630000000000001,242.69,0.33,23.76
2021-07-25 16:40:00,5.65,241.55,0.29,23.76
2021-07-25 16:42:00,5.39,241.79,0.3,23.76
2021-07-25 16:44:00,5.78,241.97,0.35,23.76
2021-07-25 16:46:00,5.65,242.11,0.26,23.76
2021-07-25 16:48:00,5.49,239.95,0.3,23.76
2021-07-25 16:54:00,5.65,240.39,0.3,23.75
2021-07-25 16:56:00,5.77,240.0,0.3,23.75
2021-07-25 16:58:00,5.52,240.65,0.28,23.75
2021-07-25 17:00:00,5.82,241.25,0.29,23.75
2021-07-25 17:02:00,5.45,240.27,0.36,23.75
2021-07-25 17:04:00,5.829999999999999,240.54,0.27,23.75
2021-07-25 17:06:00,5.949999999999999,240.75,0.31,23.75
2021-07-25 17:08:00,5.6000000000000005,241.2,0.35,23.75
2021-07-25 17:10:00,5.62,240.89,0.25,23.75
2021-07-25 17:12:00,5.76,241.58,0.37,23.75
2021-07-25 17:14:00,5.48,240.24,0.32,23.75
2021-07-25 17:16:00,5.65,240.53,0.29,23.74
2021-07-25 17:18:00,5.6,240.44,0.31,23.74
2021-07-25 17:20:00,5.68,239.98,0.29,23.74
2021-07-25 17:22:00,5.73,241.41,0.28,23.74
2021-07-25 17:24:00,5.58,241.04,0.34,23.74
2021-07-25 17:26:00,5.71,241.26,0.33,23.74
2021-07-25 17:28:00,5.51,242.15,0.32,23.74
2021-07-25 17:30:00,5.79,240.88,0.35,23.68
2021-07-25 17:32:00,5.52,240.38,0.26,23.69
2021-07-25 17:34:00,5.58,240.75,0.33,23.7
2021-07-25 17:36:00,5.640000000000001,241.12,0.26,23.72
2021-07-25 17:38:00,5.79,240.92,0.31,23.73
2021-07-25 17:40:00,5.43,240.2,0.29,23.74
2021-07-25 17:44:00,5.76,239.96,0.34,23.77
2021-07-25 17:46:00,5.67,240.23,0.24,23.78
2021-07-25 17:48:00,5.98,240.99,0.24,23.78
2021-07-25 17:50:00,5.67,240.69,0.27,23.77
2021-07-25 17:52:00,5.83,239.91,0.31,23.76
2021-07-25 17:54:00,4.9,240.84,0.04,23.76
2021-07-25 17:56:00,4.65,240.23,0.13,23.76
2021-07-25 18:00:00,5.609999999999999,242.31,0.27,23.74
2021-07-25 18:02:00,5.58,242.62,0.27,23.73
2021-07-25 18:08:00,5.550000000000001,242.66,0.29,23.73
2021-07-25 18:10:00,5.67,243.07,0.27,23.7
2021-07-25 18:12:00,5.699999999999999,240.79,0.27,23.7
2021-07-25 18:14:00,5.66,241.97,0.37,23.69
2021-07-25 18:16:00,5.59,241.98,0.32,23.7
2021-07-25 18:18:00,5.43,241.5,0.29,23.72
2021-07-25 18:20:00,40.64,242.33,0.95,23.72
2021-07-25 18:22:00,5.7,241.44,0.24,23.74
2021-07-25 18:24:00,5.68,241.47,0.34,23.75
2021-07-25 18:26:00,5.74,243.16,0.3,23.76
2021-07-25 18:28:00,5.69,243.11,0.23,23.78
2021-07-25 18:32:00,5.53,242.3,0.27,23.76
2021-07-25 18:36:00,5.66,241.87,0.28,23.68
2021-07-25 18:38:00,5.67,243.9,0.29,23.68
2021-07-25 18:40:00,5.66,243.34,0.31,23.68
2021-07-25 18:42:00,5.75,243.3,0.24,23.68
2021-07-25 18:44:00,5.5,242.75,0.23,23.68
2021-07-25 18:46:00,5.73,243.86,0.31,23.68
2021-07-25 18:48:00,5.63,244.64,0.3,23.68
2021-07-25 18:50:00,5.65,244.85,0.26,23.68
2021-07-25 18:52:00,5.68,243.82,0.35,23.68
2021-07-25 18:54:00,5.5,243.17,0.29,23.68
2021-07-25 18:56:00,5.68,242.78,0.32,23.68
2021-07-25 18:58:00,5.66,243.14,0.27,23.68
2021-07-25 19:00:00,77.86000000000001,240.95,0.76,23.68
2021-07-25 19:02:00,5.87,242.78,0.34,23.68
2021-07-25 19:04:00,5.28,241.91,0.31,23.68
2021-07-25 19:06:00,5.57,242.5,0.24,23.68
2021-07-25 19:08:00,4.65,244.19,0.05,23.69
2021-07-25 19:10:00,4.789999999999999,243.23,0.03,23.69
2021-07-25 19:12:00,5.6,243.87,0.38,23.69
2021-07-25 19:16:00,5.760000000000001,242.96,0.31,23.68
2021-07-25 19:18:00,5.83,243.73,0.37,23.68
2021-07-25 19:20:00,5.59,243.35,0.3,23.68
2021-07-25 19:22:00,5.659999999999999,244.8,0.27,23.68
2021-07-25 19:24:00,5.58,243.53,0.25,23.68
2021-07-25 19:26:00,5.680000000000001,243.31,0.28,23.68
2021-07-25 19:28:00,5.47,243.65,0.34,23.69
2021-07-25 19:30:00,5.63,243.07,0.24,23.74
2021-07-25 19:32:00,5.45,244.08,0.31,23.76
2021-07-25 19:34:00,5.710000000000001,244.44,0.28,23.76
2021-07-25 19:40:00,4.95,244.33,0.07,23.74
2021-07-25 19:42:00,4.8100000000000005,244.58,0.1,23.75
2021-07-25 19:44:00,5.65,244.26,0.32,23.75
2021-07-25 19:46:00,5.63,244.62,0.31,23.74
2021-07-25 19:48:00,5.61,242.97,0.3,23.73
2021-07-25 19:50:00,5.62,244.44,0.24,23.69
2021-07-25 19:52:00,5.42,244.46,0.27,23.68
2021-07-25 19:54:00,5.790000000000001,244.92,0.34,23.68
2021-07-25 19:56:00,5.819999999999999,242.54,0.34,23.69
2021-07-25 20:02:00,5.56,242.67,0.32,23.69
2021-07-25 20:04:00,5.88,240.54,0.35,23.7
2021-07-25 20:06:00,6.06,242.33,0.29,23.72
2021-07-25 20:08:00,5.529999999999999,241.04,0.3,23.74
2021-07-25 20:10:00,5.890000000000001,241.0,0.26,23.76
2021-07-25 20:12:00,5.46,242.22,0.27,23.77
2021-07-25 20:14:00,5.58,241.65,0.27,23.78
2021-07-25 20:16:00,5.75,242.04,0.3,23.78
2021-07-25 20:18:00,5.5,242.38,0.32,23.78
2021-07-25 20:20:00,5.6,242.35,0.26,23.78
2021-07-25 20:22:00,5.81,241.52,0.32,23.77
2021-07-25 20:24:00,5.63,242.96,0.33,23.76
2021-07-25 20:26:00,5.65,243.48,0.33,23.76
2021-07-25 20:28:00,5.66,241.97,0.31,23.74
2021-07-25 20:32:00,5.63,241.26,0.33,23.73
2021-07-25 20:36:00,5.49,241.87,0.26,23.74
2021-07-25 20:38:00,5.53,241.59,0.28,23.74
2021-07-25 20:40:00,5.62,242.46,0.31,23.74
2021-07-25 20:42:00,5.5,241.33,0.27,23.74
2021-07-25 20:44:00,5.92,241.76,0.33,23.74
2021-07-25 20:46:00,5.49,243.02,0.27,23.74
2021-07-25 20:50:00,5.76,241.36,0.35,23.76
2021-07-25 20:52:00,5.579999999999999,240.96,0.28,23.75
2021-07-25 20:54:00,5.78,241.09,0.3,23.73
2021-07-25 20:56:00,5.42,242.82,0.28,23.74
2021-07-25 20:58:00,5.529999999999999,242.03,0.23,23.73
2021-07-25 21:00:00,5.54,242.9,0.36,23.73
2021-07-25 21:02:00,5.72,242.97,0.33,23.7
2021-07-25 21:04:00,5.58,242.75,0.28,23.74
2021-07-25 21:06:00,5.57,241.78,0.34,23.74
2021-07-25 21:08:00,5.56,241.55,0.31,23.74
2021-07-25 21:10:00,5.470000000000001,241.22,0.36,23.74
2021-07-25 21:12:00,5.709999999999999,243.54,0.34,23.74
2021-07-25 21:14:00,5.44,243.93,0.34,23.74
2021-07-25 21:18:00,5.69,242.47,0.32,23.74
2021-07-25 21:20:00,5.56,242.95,0.32,23.74
2021-07-25 21:22:00,5.83,243.33,0.32,23.74
2021-07-25 21:26:00,5.52,241.85,0.26,23.76
2021-07-25 21:28:00,5.69,242.37,0.31,23.75
2021-07-25 21:30:00,5.54,242.04,0.3,23.74
2021-07-25 21:32:00,5.73,243.64,0.3,23.73
2021-07-25 21:38:00,5.63,242.61,0.35,23.72
2021-07-25 21:40:00,5.890000000000001,241.95,0.37,23.7
2021-07-25 21:42:00,5.43,242.02,0.26,23.69
2021-07-25 21:44:00,5.66,243.01,0.26,23.72
2021-07-25 21:46:00,5.55,242.86,0.24,23.73
2021-07-25 21:48:00,5.54,242.17,0.31,23.74
2021-07-25 21:50:00,5.88,243.21,0.33,23.76
2021-07-25 21:52:00,5.64,242.05,0.3,23.77
2021-07-25 21:54:00,5.71,242.17,0.23,23.79
2021-07-25 21:56:00,5.64,242.11,0.34,23.68
2021-07-25 21:58:00,5.44,242.14,0.27,23.68
2021-07-25 22:00:00,5.77,242.56,0.3,23.68
2021-07-25 22:02:00,5.7,243.04,0.35,23.68
2021-07-25 22:04:00,6.0,242.56,0.28,23.68
2021-07-25 22:06:00,5.710000000000001,242.21,0.31,23.68
2021-07-25 22:08:00,5.65,242.64,0.35,23.68
2021-07-25 22:10:00,5.43,243.35,0.23,23.68
2021-07-25 22:12:00,4.82,242.94,0.08,23.68
2021-07-25 22:14:00,4.609999999999999,242.67,0.03,23.68
2021-07-25 22:16:00,5.66,242.79,0.29,23.68
2021-07-25 22:18:00,5.43,243.17,0.28,23.68
2021-07-25 22:20:00,5.55,242.84,0.26,23.68
2021-07-25 22:24:00,5.55,244.22,0.27,23.77
2021-07-25 22:28:00,5.71,243.34,0.34,23.77
2021-07-25 22:34:00,5.71,241.94,0.28,23.78
2021-07-25 22:38:00,5.65,243.32,0.28,23.78
2021-07-25 22:40:00,5.63,243.56,0.28,23.77
2021-07-25 22:42:00,5.66,241.14,0.24,23.75
2021-07-25 22:44:00,5.62,243.09,0.27,23.74
2021-07-25 22:46:00,5.5,241.45,0.27,23.73
2021-07-25 22:48:00,5.859999999999999,243.39,0.26,23.72
2021-07-25 22:50:00,5.62,243.34,0.29,23.72
2021-07-25 22:52:00,5.82,242.55,0.33,23.72
2021-07-25 22:54:00,5.84,243.95,0.3,23.73
2021-07-25 22:56:00,5.550000000000001,241.93,0.28,23.73
2021-07-25 22:58:00,5.699999999999999,243.06,0.29,23.74
2021-07-25 23:00:00,5.370000000000001,243.17,0.3,23.75
2021-07-25 23:02:00,5.609999999999999,241.7,0.28,23.75
2021-07-25 23:04:00,5.73,243.2,0.32,23.77
2021-07-25 23:06:00,5.5600000000000005,241.72,0.31,23.78
2021-07-25 23:08:00,5.63,242.24,0.3,23.76
2021-07-25 23:10:00,5.68,241.77,0.32,23.76
2021-07-25 23:12:00,5.59,243.72,0.25,23.76
2021-07-25 23:14:00,5.53,244.06,0.31,23.76
2021-07-25 23:16:00,5.46,243.75,0.34,23.76
2021-07-25 23:20:00,4.63,242.11,0.09,23.74
2021-07-25 23:22:00,5.5,242.49,0.3,23.73
2021-07-25 23:24:00,5.69,242.79,0.29,23.72
2021-07-25 23:26:00,5.51,243.67,0.25,23.72
2021-07-25 23:28:00,5.71,242.52,0.38,23.7
2021-07-25 23:30:00,5.61,244.0,0.31,23.76
2021-07-25 23:32:00,5.73,242.85,0.3,23.74
2021-07-25 23:34:00,5.65,243.15,0.29,23.75
2021-07-25 23:36:00,5.5,243.6,0.29,23.77
2021-07-25 23:38:00,5.8,241.89,0.31,23.79
2021-07-25 23:40:00,5.6,242.43,0.3,23.79
2021-07-25 23:42:00,5.44,243.8,0.26,23.8
2021-07-25 23:44:00,5.67,241.98,0.3,23.81
2021-07-25 23:46:00,5.5,242.58,0.31,23.79
2021-07-25 23:52:00,4.859999999999999,241.69,0.09,23.78
2021-07-25 23:54:00,4.9,241.95,-0.02,23.78
2021-07-25 23:56:00,5.550000000000001,242.35,0.36,23.78
2021-07-25 23:58:00,5.91,242.33,0.27,23.78
2021-07-26 00:00:00,5.92,241.97,0.32,23.78
2021-07-26 00:02:00,4.65,242.42,0.01,23.78
2021-07-26 00:04:00,5.8100000000000005,241.9,0.34,23.78
2021-07-26 00:06:00,5.870000000000001,241.74,0.27,23.78
2021-07-26 00:08:00,5.7,241.81,0.32,23.78
2021-07-26 00:12:00,5.54,241.2,0.32,23.79
2021-07-26 00:14:00,5.57,241.1,0.35,23.79
2021-07-26 00:16:00,5.609999999999999,240.16,0.23,23.79
2021-07-26 00:18:00,5.67,240.82,0.29,23.79
2021-07-26 00:20:00,5.859999999999999,240.58,0.3,23.79
2021-07-26 00:22:00,5.53,240.97,0.32,23.79
2021-07-26 00:24:00,5.61,240.95,0.32,23.79
2021-07-26 00:26:00,5.760000000000001,241.09,0.31,23.79
2021-07-26 00:28:00,5.449999999999999,240.88,0.23,23.79
2021-07-26 00:32:00,5.760000000000001,242.48,0.29,23.77
2021-07-26 00:36:00,5.760000000000001,241.49,0.3,23.77
2021-07-26 00:38:00,5.65,241.2,0.27,23.76
2021-07-26 00:40:00,5.59,241.31,0.32,23.77
2021-07-26 00:42:00,5.390000000000001,239.03,0.28,23.77
2021-07-26 00:44:00,5.63,242.29,0.36,23.79
2021-07-26 00:46:00,5.57,241.65,0.28,23.79
2021-07-26 00:48:00,5.609999999999999,241.99,0.32,23.81
2021-07-26 00:50:00,5.02,243.1,0.0,23.82
2021-07-26 00:52:00,4.9,241.66,0.08,23.82
2021-07-26 00:54:00,5.71,241.49,0.33,23.82
2021-07-26 00:56:00,5.779999999999999,241.23,0.32,23.82
2021-07-26 00:58:00,5.6,241.29,0.32,23.8
2021-07-26 01:00:00,5.84,240.52,0.3,23.78
2021-07-26 01:02:00,5.44,239.94,0.33,23.78
2021-07-26 01:04:00,5.65,240.73,0.33,23.76
2021-07-26 01:06:00,5.67,240.84,0.31,23.75
2021-07-26 01:08:00,5.63,241.69,0.37,23.75
2021-07-26 01:10:00,5.59,240.01,0.3,23.75
2021-07-26 01:12:00,5.67,242.7,0.32,23.75
2021-07-26 01:14:00,5.6000000000000005,242.73,0.35,23.75
2021-07-26 01:16:00,5.85,243.92,0.35,23.77
2021-07-26 01:18:00,5.73,243.76,0.28,23.78
2021-07-26 01:20:00,5.73,243.32,0.36,23.79
2021-07-26 01:22:00,5.92,242.9,0.23,23.8
2021-07-26 01:24:00,5.6,241.61,0.3,23.81
2021-07-26 01:26:00,5.8,241.92,0.27,23.81
2021-07-26 01:28:00,5.430000000000001,243.63,0.28,23.82
2021-07-26 01:30:00,5.73,242.39,0.34,23.82
2021-07-26 01:32:00,5.66,241.03,0.24,23.81
2021-07-26 01:34:00,5.62,241.94,0.37,23.8
2021-07-26 01:36:00,5.84,241.1,0.32,23.78
2021-07-26 01:38:00,5.48,241.42,0.33,23.77
2021-07-26 01:40:00,5.54,241.88,0.29,23.78
2021-07-26 01:46:00,5.78,241.24,0.27,23.75
2021-07-26 01:48:00,5.4,241.37,0.32,23.75
2021-07-26 01:50:00,5.84,240.94,0.34,23.76
2021-07-26 01:52:00,5.74,241.52,0.32,23.76
2021-07-26 01:54:00,5.41,241.02,0.28,23.76
2021-07-26 01:56:00,5.640000000000001,242.15,0.31,23.77
2021-07-26 01:58:00,5.36,239.36,0.29,23.78
2021-07-26 02:02:00,5.49,242.21,0.33,23.79
2021-07-26 02:04:00,5.67,243.66,0.27,23.81
2021-07-26 02:06:00,5.6,243.11,0.26,23.82
2021-07-26 02:08:00,5.67,242.04,0.27,23.82
2021-07-26 02:10:00,5.71,243.66,0.29,23.82
2021-07-26 02:14:00,5.56,242.5,0.33,23.81
2021-07-26 02:16:00,5.59,241.82,0.34,23.8
2021-07-26 02:18:00,5.94,243.07,0.35,23.8
2021-07-26 02:20:00,5.720000000000001,240.88,0.33,23.8
2021-07-26 02:22:00,5.54,240.4,0.35,23.79
2021-07-26 02:24:00,5.799999999999999,242.43,0.34,23.78
2021-07-26 02:26:00,5.35,240.05,0.25,23.77
2021-07-26 02:28:00,4.91,241.9,0.13,23.76
2021-07-26 02:30:00,4.83,241.3,0.0,23.78
2021-07-26 02:32:00,5.949999999999999,242.03,0.33,23.82
2021-07-26 02:34:00,5.65,243.68,0.33,23.82
2021-07-26 02:36:00,5.55,242.39,0.29,23.82
2021-07-26 02:38:00,5.63,241.3,0.29,23.82
2021-07-26 02:40:00,5.61,239.67,0.31,23.82
2021-07-26 02:46:00,5.779999999999999,241.85,0.33,23.82
2021-07-26 02:48:00,5.619999999999999,243.36,0.34,23.81
2021-07-26 02:50:00,5.51,244.53,0.34,23.82
2021-07-26 02:52:00,6.050000000000001,241.8,0.33,23.82
2021-07-26 02:54:00,5.5600000000000005,242.26,0.25,23.81
2021-07-26 02:56:00,5.81,243.49,0.32,23.8
2021-07-26 03:00:00,5.42,244.0,0.28,23.79
2021-07-26 03:02:00,5.59,242.74,0.31,23.78
2021-07-26 03:04:00,5.49,243.99,0.32,23.78
2021-07-26 03:08:00,5.42,243.01,0.28,23.78
2021-07-26 03:10:00,5.710000000000001,242.08,0.32,23.77
2021-07-26 03:14:00,5.699999999999999,239.57,0.27,23.79
2021-07-26 03:16:00,5.48,239.76,0.33,23.81
2021-07-26 03:18:00,5.57,239.99,0.26,23.83
2021-07-26 03:20:00,5.75,239.38,0.35,23.84
2021-07-26 03:22:00,5.46,242.56,0.29,23.87
2021-07-26 03:24:00,5.67,241.97,0.33,23.88
2021-07-26 03:26:00,5.59,240.89,0.27,23.88
2021-07-26 03:28:00,5.5600000000000005,242.68,0.29,23.88
2021-07-26 03:30:00,5.73,243.45,0.26,23.92
2021-07-26 03:32:00,5.6,243.26,0.27,23.83
2021-07-26 03:34:00,71.06,238.81,0.73,23.83
2021-07-26 03:36:00,5.66,240.95,0.25,23.83
2021-07-26 03:38:00,5.54,241.99,0.37,23.83
2021-07-26 03:40:00,5.73,247.57,0.26,23.83
2021-07-26 03:42:00,5.51,243.62,0.3,23.84
2021-07-26 03:44:00,5.5600000000000005,243.54,0.23,23.84
2021-07-26 03:46:00,5.87,243.41,0.36,23.78
2021-07-26 03:48:00,5.640000000000001,243.84,0.34,23.78
2021-07-26 03:50:00,5.720000000000001,241.55,0.36,23.78
2021-07-26 03:52:00,5.72,239.45,0.22,23.78
2021-07-26 03:54:00,5.8500000000000005,238.96,0.33,23.78
2021-07-26 03:56:00,5.760000000000001,238.7,0.32,23.78
2021-07-26 03:58:00,5.46,240.48,0.31,23.78
2021-07-26 04:00:00,5.65,239.1,0.33,23.78
2021-07-26 04:02:00,5.61,238.09,0.3,23.78
2021-07-26 04:04:00,5.45,239.48,0.27,23.78
2021-07-26 04:06:00,5.65,238.27,0.29,23.78
2021-07-26 04:14:00,5.53,238.97,0.35,23.92
2021-07-26 04:16:00,4.95,238.32,0.04,23.92
2021-07-26 04:18:00,4.7,241.62,0.02,23.91
2021-07-26 04:20:00,5.46,242.98,0.35,23.91
2021-07-26 04:22:00,5.46,243.67,0.31,23.91
2021-07-26 04:24:00,5.18,241.76,0.33,23.9
2021-07-26 04:26:00,5.32,241.02,0.28,23.9
2021-07-26 04:28:00,5.66,241.62,0.33,23.89
2021-07-26 04:32:00,5.609999999999999,239.63,0.34,24.02
2021-07-26 04:38:00,5.640000000000001,237.22,0.38,23.93
2021-07-26 04:40:00,5.53,237.97,0.34,23.95
2021-07-26 04:42:00,5.63,237.85,0.33,23.96
2021-07-26 04:44:00,5.369999999999999,236.7,0.38,23.97
2021-07-26 04:46:00,5.45,233.71,0.3,23.97
2021-07-26 04:48:00,5.65,235.98,0.32,23.96
2021-07-26 04:50:00,5.36,239.24,0.26,23.95
2021-07-26 04:52:00,5.76,240.36,0.32,23.95
2021-07-26 04:54:00,5.73,239.52,0.35,23.95
2021-07-26 04:56:00,5.45,241.8,0.27,23.95
2021-07-26 04:58:00,5.55,241.13,0.32,23.95
2021-07-26 05:00:00,5.7700000000000005,241.32,0.24,23.95
2021-07-26 05:02:00,5.43,241.13,0.37,23.95
2021-07-26 05:04:00,5.73,240.72,0.33,23.94
2021-07-26 05:06:00,5.69,240.9,0.27,23.95
2021-07-26 05:10:00,5.46,242.31,0.28,23.95
2021-07-26 05:12:00,5.51,241.96,0.29,23.94
2021-07-26 05:14:00,5.5600000000000005,241.47,0.35,23.95
2021-07-26 05:16:00,5.65,238.78,0.35,23.97
2021-07-26 05:18:00,5.620000000000001,240.66,0.29,23.99
2021-07-26 05:20:00,5.58,239.59,0.31,23.99
2021-07-26 05:22:00,5.75,240.01,0.33,23.85
2021-07-26 05:24:00,5.66,242.01,0.34,23.85
2021-07-26 05:26:00,5.46,241.07,0.34,23.85
2021-07-26 05:28:00,5.61,242.13,0.36,23.85
2021-07-26 05:30:00,5.529999999999999,241.79,0.24,23.99
2021-07-26 05:32:00,5.33,239.75,0.33,24.0
2021-07-26 05:38:00,5.4,237.54,0.29,23.9
2021-07-26 05:40:00,5.46,238.34,0.29,23.9
2021-07-26 05:42:00,5.8100000000000005,238.82,0.34,23.9
2021-07-26 05:46:00,5.58,238.72,0.35,23.9
2021-07-26 05:48:00,5.54,238.82,0.38,23.9
2021-07-26 05:50:00,5.67,238.89,0.33,23.9
2021-07-26 05:52:00,5.59,239.23,0.3,23.92
2021-07-26 05:54:00,5.61,238.23,0.31,23.92
2021-07-26 05:56:00,5.48,237.79,0.35,23.92
2021-07-26 05:58:00,5.5,238.66,0.3,23.92
2021-07-26 06:00:00,5.69,239.53,0.33,23.92
2021-07-26 06:02:00,5.699999999999999,241.47,0.29,23.92
2021-07-26 06:04:00,5.390000000000001,240.23,0.33,23.92
2021-07-26 06:06:00,5.38,238.95,0.26,23.92
2021-07-26 06:08:00,5.69,240.84,0.33,23.92
2021-07-26 06:10:00,5.4,239.3,0.31,23.92
2021-07-26 06:12:00,5.45,239.58,0.34,23.92
2021-07-26 06:14:00,5.63,238.8,0.33,23.92
2021-07-26 06:16:00,5.5,239.53,0.3,23.92
2021-07-26 06:18:00,5.33,238.9,0.28,23.92
2021-07-26 06:20:00,5.470000000000001,237.58,0.32,23.92
2021-07-26 06:24:00,5.49,239.46,0.3,23.9
2021-07-26 06:26:00,36.9,238.7,0.85,23.9
2021-07-26 06:28:00,4.7,241.51,0.07,23.9
2021-07-26 06:32:00,5.380000000000001,240.9,0.25,24.1
2021-07-26 06:34:00,5.37,239.54,0.29,24.1
2021-07-26 06:36:00,5.779999999999999,237.95,0.35,24.0
2021-07-26 06:40:00,5.760000000000001,239.09,0.34,23.99
2021-07-26 06:42:00,5.64,240.15,0.31,23.99
2021-07-26 06:44:00,5.739999999999999,237.93,0.36,23.99
2021-07-26 06:46:00,5.57,239.57,0.28,23.99
2021-07-26 06:48:00,5.659999999999999,238.85,0.34,23.99
2021-07-26 06:52:00,5.68,237.69,0.33,23.97
2021-07-26 06:54:00,5.32,236.75,0.28,23.99
2021-07-26 06:56:00,5.64,236.18,0.32,23.99
2021-07-26 06:58:00,5.68,236.54,0.26,24.0
2021-07-26 07:00:00,5.35,238.69,0.34,24.0
2021-07-26 07:02:00,5.22,238.49,0.27,24.0
2021-07-26 07:04:00,5.54,238.5,0.31,23.99
2021-07-26 07:06:00,5.29,236.93,0.27,23.99
2021-07-26 07:08:00,5.720000000000001,238.7,0.34,23.98
2021-07-26 07:10:00,5.55,238.16,0.37,23.98
2021-07-26 07:12:00,5.619999999999999,238.7,0.33,23.98
2021-07-26 07:14:00,5.47,238.87,0.38,23.98
2021-07-26 07:16:00,5.43,237.8,0.25,23.96
2021-07-26 07:18:00,5.43,239.5,0.32,23.99
2021-07-26 07:20:00,5.529999999999999,238.53,0.26,23.99
2021-07-26 07:22:00,5.31,238.57,0.28,23.99
2021-07-26 07:24:00,5.67,240.57,0.31,23.99
2021-07-26 07:26:00,5.54,241.95,0.31,23.99
2021-07-26 07:28:00,5.46,242.45,0.25,23.99
2021-07-26 07:32:00,5.880000000000001,240.87,0.28,24.07
2021-07-26 07:34:00,5.47,241.94,0.26,24.09
2021-07-26 07:42:00,5.69,240.82,0.29,24.1
2021-07-26 07:44:00,5.66,240.39,0.37,24.11
2021-07-26 07:46:00,4.8,239.72,0.01,24.11
2021-07-26 07:48:00,5.62,240.96,0.25,24.11
2021-07-26 07:52:00,5.5600000000000005,241.39,0.28,24.09
2021-07-26 07:54:00,5.59,239.65,0.33,24.09
2021-07-26 07:56:00,5.51,237.92,0.38,24.1
2021-07-26 07:58:00,5.7,238.64,0.28,24.1
2021-07-26 08:00:00,5.69,239.11,0.27,24.09
2021-07-26 08:02:00,5.49,237.5,0.37,24.09
2021-07-26 08:04:00,5.61,238.58,0.26,24.08
2021-07-26 08:06:00,5.69,238.57,0.25,24.08
2021-07-26 08:08:00,5.47,238.86,0.29,24.08
2021-07-26 08:10:00,5.62,237.76,0.36,24.08
2021-07-26 08:12:00,5.6,238.52,0.3,24.09
2021-07-26 08:14:00,5.4,239.4,0.35,24.08
2021-07-26 08:16:00,5.75,240.42,0.32,24.07
2021-07-26 08:18:00,5.71,239.58,0.34,24.06
2021-07-26 08:20:00,5.38,240.18,0.29,24.07
2021-07-26 08:22:00,5.5,239.79,0.3,24.08
2021-07-26 08:24:00,5.529999999999999,238.56,0.32,24.1
2021-07-26 08:26:00,5.31,238.12,0.32,24.13
2021-07-26 08:28:00,5.71,239.38,0.29,24.13
2021-07-26 08:32:00,5.51,238.15,0.3,23.99
2021-07-26 08:38:00,5.45,241.73,0.27,24.17
2021-07-26 08:40:00,5.510000000000001,239.29,0.32,24.14
2021-07-26 08:42:00,5.73,239.29,0.3,24.13
2021-07-26 08:44:00,5.53,240.35,0.34,24.11
2021-07-26 08:46:00,74.1,237.21,0.77,24.07
2021-07-26 08:48:00,5.720000000000001,241.24,0.36,24.07
2021-07-26 08:50:00,5.45,240.45,0.26,24.07
2021-07-26 08:52:00,5.32,239.59,0.27,24.07
2021-07-26 08:54:00,5.34,239.89,0.29,24.07
2021-07-26 08:56:00,5.66,241.64,0.32,24.07
2021-07-26 08:58:00,5.48,240.82,0.33,24.07
2021-07-26 09:00:00,5.27,239.44,0.24,24.07
2021-07-26 09:02:00,5.57,240.7,0.29,24.07
2021-07-26 09:04:00,4.92,238.93,0.06,24.07
2021-07-26 09:06:00,4.65,239.83,0.01,24.07
2021-07-26 09:10:00,5.640000000000001,238.8,0.36,24.07
2021-07-26 09:12:00,5.54,240.26,0.28,24.07
2021-07-26 09:14:00,5.66,239.17,0.33,24.07
2021-07-26 09:16:00,5.68,239.59,0.35,24.07
2021-07-26 09:18:00,5.44,240.2,0.38,24.07
2021-07-26 09:20:00,5.42,241.88,0.31,24.07
2021-07-26 09:22:00,5.449999999999999,239.82,0.29,24.07
2021-07-26 09:24:00,5.37,239.14,0.3,24.07
2021-07-26 09:26:00,5.75,241.08,0.31,24.07
2021-07-26 09:28:00,5.54,239.9,0.27,24.07
2021-07-26 09:30:00,5.46,239.62,0.33,24.04
2021-07-26 09:32:00,5.38,239.59,0.27,24.02
2021-07-26 09:34:00,5.58,242.6,0.25,24.0
2021-07-26 09:42:00,5.66,241.43,0.32,23.96
2021-07-26 09:44:00,5.65,241.66,0.37,23.96
2021-07-26 09:46:00,5.6000000000000005,242.18,0.32,23.97
2021-07-26 09:48:00,5.67,243.77,0.35,23.97
2021-07-26 09:50:00,5.35,240.92,0.3,23.96
2021-07-26 09:52:00,5.49,241.14,0.32,23.98
2021-07-26 09:54:00,5.909999999999999,242.4,0.36,24.0
2021-07-26 09:56:00,5.83,240.06,0.27,24.04
2021-07-26 09:58:00,5.48,239.39,0.34,24.06
2021-07-26 10:00:00,5.550000000000001,240.6,0.35,24.07
2021-07-26 10:02:00,5.34,242.63,0.34,24.08
2021-07-26 10:04:00,5.609999999999999,239.01,0.34,24.08
2021-07-26 10:06:00,5.44,239.37,0.31,24.09
2021-07-26 10:08:00,5.49,237.77,0.33,24.08
2021-07-26 10:10:00,5.609999999999999,239.85,0.29,24.07
2021-07-26 10:12:00,4.48,238.67,0.05,24.08
2021-07-26 10:14:00,4.51,239.63,0.08,24.07
2021-07-26 10:16:00,5.49,239.68,0.28,24.08
2021-07-26 10:18:00,5.5,238.6,0.33,24.07
2021-07-26 10:20:00,5.6000000000000005,239.37,0.32,24.08
2021-07-26 10:22:00,5.53,238.24,0.37,24.08
2021-07-26 10:24:00,5.630000000000001,236.86,0.26,24.07
2021-07-26 10:26:00,5.550000000000001,238.8,0.34,24.08
2021-07-26 10:28:00,5.59,238.07,0.3,24.07
2021-07-26 10:30:00,5.85,238.47,0.34,24.07
2021-07-26 10:32:00,5.61,238.69,0.36,24.07
2021-07-26 10:34:00,5.6,240.24,0.35,24.07
2021-07-26 10:36:00,5.4,238.05,0.3,24.05
2021-07-26 10:38:00,5.470000000000001,239.82,0.32,24.06
2021-07-26 10:40:00,5.58,239.84,0.36,24.06
2021-07-26 10:42:00,5.51,241.4,0.33,24.06
2021-07-26 10:44:00,5.54,241.42,0.37,24.04
2021-07-26 10:46:00,5.38,241.72,0.36,24.04
2021-07-26 10:48:00,4.72,243.07,0.05,24.04
2021-07-26 10:52:00,5.659999999999999,241.36,0.34,24.04
2021-07-26 10:54:00,5.63,242.75,0.3,24.05
2021-07-26 10:56:00,5.42,242.92,0.34,24.04
2021-07-26 10:58:00,5.67,243.26,0.34,24.04
2021-07-26 11:00:00,5.58,243.95,0.31,24.02
2021-07-26 11:02:00,5.3100000000000005,242.15,0.27,24.04
2021-07-26 11:04:00,5.4,241.18,0.34,24.04
2021-07-26 11:06:00,5.67,239.04,0.27,24.04
2021-07-26 11:08:00,5.55,239.51,0.3,24.04
2021-07-26 11:10:00,5.52,239.94,0.35,24.04
2021-07-26 11:12:00,5.46,238.97,0.33,24.04
2021-07-26 11:14:00,5.58,239.81,0.25,24.04
2021-07-26 11:16:00,5.4,239.01,0.28,24.04
2021-07-26 11:18:00,5.34,239.25,0.32,24.04
2021-07-26 11:20:00,5.64,238.33,0.33,24.04
2021-07-26 11:22:00,5.44,238.32,0.3,24.04
2021-07-26 11:24:00,5.319999999999999,240.55,0.29,24.02
2021-07-26 11:26:00,5.890000000000001,240.01,0.35,24.04
2021-07-26 11:28:00,5.45,240.06,0.32,24.04
2021-07-26 11:30:00,6.02,240.52,0.28,24.04
2021-07-26 11:32:00,8.52,240.56,0.26,24.06
2021-07-26 11:34:00,7.41,242.33,0.27,24.09
2021-07-26 11:36:00,7.67,241.23,0.22,24.1
2021-07-26 11:38:00,74.35,238.85,0.76,24.12
2021-07-26 11:44:00,6.23,242.4,0.26,24.07
2021-07-26 11:46:00,5.66,241.59,0.28,24.07
2021-07-26 11:50:00,7.7,240.09,0.25,24.05
2021-07-26 11:52:00,7.709999999999999,240.01,0.33,24.06
2021-07-26 11:54:00,6.12,239.99,0.3,24.06
2021-07-26 11:56:00,7.540000000000001,240.31,0.21,24.06
2021-07-26 11:58:00,7.79,237.49,0.23,24.04
2021-07-26 12:00:00,7.51,239.31,0.27,24.04
2021-07-26 12:02:00,6.85,239.33,0.26,24.04
2021-07-26 12:06:00,7.249999999999999,238.54,0.27,24.04
2021-07-26 12:08:00,6.22,239.85,0.36,24.04
2021-07-26 12:10:00,5.79,239.0,0.31,24.05
2021-07-26 12:12:00,5.62,238.61,0.32,24.04
2021-07-26 12:14:00,5.42,238.41,0.26,24.07
2021-07-26 12:16:00,5.61,239.13,0.33,24.09
2021-07-26 12:18:00,5.61,239.76,0.24,24.1
2021-07-26 12:20:00,5.54,239.4,0.32,24.1
2021-07-26 12:22:00,5.449999999999999,239.47,0.26,24.1
2021-07-26 12:24:00,5.53,239.67,0.24,24.09
2021-07-26 12:26:00,5.609999999999999,240.04,0.32,24.1
2021-07-26 12:28:00,5.47,240.69,0.32,24.08
2021-07-26 12:32:00,5.62,242.03,0.34,23.89
2021-07-26 12:36:00,5.22,240.8,0.34,24.04
2021-07-26 12:38:00,5.42,240.78,0.36,23.84
2021-07-26 12:40:00,5.66,242.17,0.31,24.04
2021-07-26 12:42:00,5.21,241.24,0.31,23.84
2021-07-26 12:44:00,5.4,242.42,0.32,23.87
2021-07-26 12:48:00,5.47,240.8,0.34,23.88
2021-07-26 12:50:00,5.489999999999999,242.06,0.29,23.9
2021-07-26 12:52:00,5.38,240.71,0.3,23.93
2021-07-26 12:54:00,5.63,242.43,0.29,23.93
2021-07-26 12:56:00,5.3,240.76,0.29,23.95
2021-07-26 12:58:00,5.54,241.97,0.26,23.95
2021-07-26 13:00:00,5.45,240.95,0.31,23.95
2021-07-26 13:02:00,5.58,240.68,0.32,23.95
2021-07-26 13:04:00,5.72,240.92,0.32,23.94
2021-07-26 13:06:00,5.41,241.07,0.3,23.94
2021-07-26 13:08:00,4.8,242.51,0.14,23.94
2021-07-26 13:10:00,5.609999999999999,241.6,0.31,23.93
2021-07-26 13:12:00,5.49,241.93,0.36,23.93
2021-07-26 13:14:00,5.54,241.1,0.33,23.92
2021-07-26 13:16:00,5.48,241.47,0.34,23.91
2021-07-26 13:18:00,5.41,242.37,0.26,23.9
2021-07-26 13:20:00,5.49,240.76,0.31,23.89
2021-07-26 13:22:00,5.62,240.92,0.35,23.85
2021-07-26 13:24:00,5.369999999999999,242.34,0.31,23.85
2021-07-26 13:26:00,5.65,242.18,0.28,23.87
2021-07-26 13:28:00,5.23,241.02,0.26,23.87
2021-07-26 13:30:00,5.71,242.63,0.31,23.83
2021-07-26 13:32:00,5.75,241.15,0.3,23.9
2021-07-26 13:34:00,5.45,240.78,0.3,23.9
2021-07-26 13:36:00,5.62,240.26,0.29,23.9
2021-07-26 13:38:00,5.69,239.69,0.32,23.9
2021-07-26 13:40:00,5.51,239.1,0.35,23.9
2021-07-26 13:42:00,5.47,240.51,0.27,23.9
2021-07-26 13:44:00,5.47,239.3,0.29,23.9
2021-07-26 13:46:00,5.5600000000000005,239.32,0.34,23.9
2021-07-26 13:48:00,5.6000000000000005,240.67,0.26,23.9
2021-07-26 13:50:00,5.71,239.74,0.29,23.9
2021-07-26 13:52:00,5.6,238.02,0.35,23.9
2021-07-26 13:54:00,5.66,238.78,0.33,23.9
2021-07-26 13:56:00,5.46,240.05,0.35,23.9
2021-07-26 13:58:00,5.659999999999999,239.55,0.33,23.89
2021-07-26 14:00:00,5.64,239.54,0.29,23.89
2021-07-26 14:04:00,5.49,241.18,0.32,23.89
2021-07-26 14:06:00,5.51,240.63,0.24,23.89
2021-07-26 14:08:00,5.49,240.83,0.29,23.89
2021-07-26 14:10:00,5.59,238.89,0.3,23.89
2021-07-26 14:12:00,5.73,239.3,0.33,23.89
2021-07-26 14:14:00,4.82,240.62,0.0,23.89
2021-07-26 14:16:00,5.6,238.92,0.33,23.89
2021-07-26 14:18:00,5.449999999999999,241.19,0.36,23.89
2021-07-26 14:20:00,5.46,240.77,0.36,23.89
2021-07-26 14:22:00,5.63,240.91,0.32,23.89
2021-07-26 14:24:00,5.58,241.59,0.24,23.89
2021-07-26 14:26:00,5.539999999999999,240.87,0.35,23.89
2021-07-26 14:28:00,5.43,240.29,0.29,23.89
2021-07-26 14:32:00,5.289999999999999,241.62,0.31,23.83
2021-07-26 14:36:00,5.74,241.76,0.27,23.81
2021-07-26 14:38:00,4.71,244.07,0.08,23.81
2021-07-26 14:40:00,4.8100000000000005,242.11,-0.01,23.81
2021-07-26 14:42:00,5.7,241.24,0.3,23.81
2021-07-26 14:44:00,5.46,242.61,0.34,23.83
2021-07-26 14:46:00,5.67,241.41,0.28,23.83
2021-07-26 14:48:00,5.58,240.7,0.32,23.84
2021-07-26 14:50:00,5.45,242.24,0.38,23.85
2021-07-26 14:52:00,5.59,242.25,0.31,23.88
2021-07-26 14:54:00,5.51,241.01,0.27,23.89
2021-07-26 14:56:00,4.66,242.35,0.07,23.9
2021-07-26 15:00:00,5.99,241.86,0.35,23.9
2021-07-26 15:02:00,5.45,241.78,0.29,23.89
2021-07-26 15:04:00,5.61,243.03,0.25,23.88
2021-07-26 15:06:00,5.51,241.47,0.37,23.88
2021-07-26 15:08:00,5.5,240.56,0.36,23.87
2021-07-26 15:12:00,4.8,242.68,0.12,23.87
2021-07-26 15:14:00,4.87,242.38,0.01,23.81
2021-07-26 15:16:00,5.7,242.81,0.31,23.79
2021-07-26 15:18:00,5.54,242.82,0.34,23.78
2021-07-26 15:20:00,5.68,244.01,0.28,23.79
2021-07-26 15:22:00,5.91,244.25,0.33,23.88
2021-07-26 15:24:00,5.48,243.27,0.34,23.88
2021-07-26 15:26:00,5.470000000000001,242.96,0.31,23.88
2021-07-26 15:28:00,5.859999999999999,243.35,0.36,23.88
2021-07-26 15:30:00,5.5200000000000005,242.46,0.35,23.83
2021-07-26 15:32:00,5.37,243.47,0.28,23.88
2021-07-26 15:34:00,5.52,243.4,0.28,23.88
2021-07-26 15:36:00,5.45,242.48,0.26,23.88
2021-07-26 15:38:00,5.4,242.61,0.28,23.84
2021-07-26 15:40:00,5.79,243.92,0.24,23.84
2021-07-26 15:42:00,5.42,242.7,0.29,23.84
2021-07-26 15:44:00,5.6,243.69,0.25,23.83
2021-07-26 15:48:00,5.56,244.07,0.35,23.83
2021-07-26 15:50:00,5.57,243.41,0.28,23.83
2021-07-26 15:52:00,5.7700000000000005,243.23,0.31,23.83
2021-07-26 15:54:00,5.55,243.93,0.32,23.83
2021-07-26 15:56:00,5.52,243.88,0.23,23.83
2021-07-26 15:58:00,5.630000000000001,244.83,0.32,23.83
2021-07-26 16:00:00,5.699999999999999,244.89,0.37,23.83
2021-07-26 16:02:00,5.4,244.97,0.34,23.83
2021-07-26 16:06:00,5.609999999999999,243.47,0.31,23.84
2021-07-26 16:08:00,5.36,243.25,0.33,23.84
2021-07-26 16:10:00,5.53,243.45,0.29,23.84
2021-07-26 16:12:00,5.2700000000000005,243.12,0.24,23.84
2021-07-26 16:14:00,5.3,243.14,0.32,23.84
2021-07-26 16:16:00,5.59,242.65,0.29,23.84
2021-07-26 16:18:00,5.59,242.43,0.28,23.84
2021-07-26 16:20:00,5.5200000000000005,242.78,0.36,23.84
2021-07-26 16:22:00,5.82,243.12,0.35,23.83
2021-07-26 16:24:00,5.55,244.49,0.32,23.83
2021-07-26 16:26:00,5.66,244.42,0.26,23.83
2021-07-26 16:30:00,5.73,244.97,0.34,23.81
2021-07-26 16:32:00,5.63,244.0,0.39,23.83
2021-07-26 16:34:00,5.720000000000001,243.94,0.35,23.83
2021-07-26 16:36:00,5.54,243.96,0.27,23.83
2021-07-26 16:38:00,5.68,245.18,0.29,23.83
2021-07-26 16:40:00,5.68,243.5,0.35,23.83
2021-07-26 16:42:00,5.43,244.85,0.28,23.83
2021-07-26 16:48:00,5.45,244.32,0.35,23.83
2021-07-26 16:50:00,5.54,243.83,0.28,23.83
2021-07-26 16:52:00,5.57,244.16,0.38,23.83
2021-07-26 16:54:00,5.66,244.94,0.35,23.83
2021-07-26 16:56:00,5.55,244.98,0.31,23.83
2021-07-26 16:58:00,5.62,244.82,0.34,23.83
2021-07-26 17:00:00,5.75,243.5,0.29,23.83
2021-07-26 17:02:00,5.54,243.47,0.3,23.83
2021-07-26 17:04:00,5.74,244.22,0.3,23.83
2021-07-26 17:06:00,5.53,242.49,0.26,23.83
2021-07-26 17:08:00,5.36,241.49,0.32,23.83
2021-07-26 17:10:00,5.37,242.42,0.22,23.83
2021-07-26 17:12:00,5.38,242.49,0.24,23.83
2021-07-26 17:14:00,5.51,242.32,0.29,23.83
2021-07-26 17:16:00,5.21,242.78,0.3,23.83
2021-07-26 17:18:00,5.48,244.19,0.32,23.83
2021-07-26 17:20:00,5.71,242.9,0.31,23.83
2021-07-26 17:22:00,5.45,244.25,0.32,23.83
2021-07-26 17:24:00,5.59,243.74,0.37,23.83
2021-07-26 17:28:00,5.41,242.12,0.23,23.84
2021-07-26 17:30:00,5.48,242.16,0.26,23.78
2021-07-26 17:32:00,5.38,244.13,0.27,23.84
2021-07-26 17:34:00,5.609999999999999,242.47,0.31,23.8
2021-07-26 17:36:00,5.68,242.31,0.3,23.8
2021-07-26 17:38:00,5.46,242.58,0.33,23.8
2021-07-26 17:40:00,5.55,244.0,0.36,23.8
2021-07-26 17:42:00,5.74,243.15,0.36,23.8
2021-07-26 17:44:00,5.71,243.38,0.33,23.8
2021-07-26 17:46:00,5.6,243.48,0.38,23.8
2021-07-26 17:48:00,5.390000000000001,243.2,0.34,23.8
2021-07-26 17:50:00,5.76,244.7,0.36,23.8
2021-07-26 17:52:00,5.779999999999999,244.75,0.33,23.8
2021-07-26 17:54:00,5.3500000000000005,243.18,0.35,23.79
2021-07-26 17:56:00,5.67,241.75,0.36,23.81
2021-07-26 17:58:00,5.680000000000001,242.84,0.36,23.81
2021-07-26 18:00:00,5.87,243.06,0.31,23.81
2021-07-26 18:02:00,5.73,244.15,0.3,23.81
2021-07-26 18:04:00,5.41,243.77,0.32,23.81
2021-07-26 18:06:00,4.91,242.73,0.02,23.81
2021-07-26 18:10:00,5.67,242.77,0.29,23.81
2021-07-26 18:12:00,5.49,243.68,0.29,23.81
2021-07-26 18:16:00,5.5600000000000005,242.79,0.25,23.79
2021-07-26 18:18:00,5.63,243.34,0.3,23.79
2021-07-26 18:20:00,5.49,242.49,0.36,23.79
2021-07-26 18:22:00,5.549999999999999,243.62,0.31,23.79
2021-07-26 18:24:00,5.49,244.12,0.3,23.79
2021-07-26 18:26:00,5.369999999999999,244.6,0.26,23.79
2021-07-26 18:28:00,5.699999999999999,245.46,0.34,23.79
2021-07-26 18:32:00,4.86,246.44,0.06,23.78
2021-07-26 18:36:00,5.57,243.55,0.33,23.78
2021-07-26 18:38:00,5.55,243.04,0.37,23.79
2021-07-26 18:40:00,5.62,242.44,0.37,23.8
2021-07-26 18:44:00,5.49,240.22,0.26,23.83
2021-07-26 18:46:00,5.61,242.95,0.38,23.84
2021-07-26 18:48:00,5.34,241.26,0.25,23.84
2021-07-26 18:50:00,5.67,241.24,0.38,23.84
2021-07-26 18:52:00,5.55,241.89,0.32,23.83
2021-07-26 18:54:00,5.49,242.12,0.29,23.82
2021-07-26 18:56:00,4.79,242.75,0.03,23.82
2021-07-26 19:00:00,5.63,243.4,0.36,23.8
2021-07-26 19:02:00,5.55,243.48,0.25,23.77
2021-07-26 19:04:00,5.720000000000001,242.22,0.28,23.77
2021-07-26 19:06:00,5.8,242.68,0.35,23.77
2021-07-26 19:08:00,5.63,243.5,0.33,23.78
2021-07-26 19:10:00,5.75,243.36,0.28,23.78
2021-07-26 19:12:00,5.52,242.61,0.32,23.78
2021-07-26 19:14:00,4.8,244.11,0.08,23.78
2021-07-26 19:16:00,4.54,242.45,0.08,23.8
2021-07-26 19:18:00,5.19,241.84,0.33,23.8
2021-07-26 19:20:00,5.79,242.36,0.33,23.83
2021-07-26 19:22:00,5.63,243.82,0.35,23.84
2021-07-26 19:24:00,5.55,242.9,0.35,23.85
2021-07-26 19:26:00,5.84,242.99,0.36,23.85
2021-07-26 19:28:00,5.66,244.16,0.34,23.84
2021-07-26 19:30:00,5.5600000000000005,244.14,0.31,23.82
2021-07-26 19:32:00,5.75,243.01,0.33,23.81
2021-07-26 19:34:00,5.7,243.02,0.31,23.8
2021-07-26 19:36:00,5.42,242.88,0.27,23.8
2021-07-26 19:38:00,5.46,242.9,0.3,23.79
2021-07-26 19:44:00,5.79,242.31,0.33,23.78
2021-07-26 19:46:00,5.4,243.82,0.34,23.79
2021-07-26 19:48:00,5.56,243.24,0.35,23.79
2021-07-26 19:50:00,5.3100000000000005,243.91,0.3,23.81
2021-07-26 19:52:00,5.35,241.84,0.29,23.82
2021-07-26 19:54:00,5.460000000000001,242.51,0.33,23.83
2021-07-26 19:56:00,5.640000000000001,242.9,0.36,23.85
2021-07-26 19:58:00,5.4,242.13,0.28,23.88
2021-07-26 20:00:00,5.44,243.01,0.3,23.88
2021-07-26 20:02:00,5.74,243.36,0.2,23.87
2021-07-26 20:04:00,5.45,244.04,0.26,23.84
2021-07-26 20:06:00,5.640000000000001,242.94,0.31,23.83
2021-07-26 20:08:00,5.77,243.26,0.26,23.82
2021-07-26 20:10:00,5.409999999999999,243.46,0.33,23.8
2021-07-26 20:12:00,5.53,243.76,0.24,23.78
2021-07-26 20:14:00,5.59,243.66,0.39,23.77
2021-07-26 20:16:00,5.279999999999999,243.34,0.32,23.76
2021-07-26 20:18:00,5.3,243.82,0.22,23.77
2021-07-26 20:20:00,5.539999999999999,245.28,0.26,23.79
2021-07-26 20:22:00,5.42,244.23,0.32,23.8
2021-07-26 20:24:00,5.55,244.1,0.32,23.81
2021-07-26 20:26:00,5.3100000000000005,244.93,0.26,23.82
2021-07-26 20:28:00,5.43,244.0,0.31,23.83
2021-07-26 20:30:00,5.36,243.86,0.26,23.83
2021-07-26 20:32:00,5.64,244.87,0.31,23.82
2021-07-26 20:34:00,5.7,245.29,0.32,23.82
2021-07-26 20:36:00,5.4,244.91,0.31,23.82
2021-07-26 20:38:00,5.8100000000000005,244.92,0.28,23.82
2021-07-26 20:40:00,5.49,245.39,0.33,23.82
2021-07-26 20:44:00,5.66,244.52,0.32,23.82
2021-07-26 20:46:00,5.54,245.49,0.34,23.82
2021-07-26 20:48:00,5.69,244.7,0.34,23.82
2021-07-26 20:50:00,5.46,244.69,0.25,23.82
2021-07-26 20:52:00,5.24,244.79,0.26,23.82
2021-07-26 20:54:00,5.48,245.65,0.28,23.82
2021-07-26 20:56:00,5.859999999999999,244.67,0.33,23.82
2021-07-26 20:58:00,5.41,245.65,0.27,23.82
2021-07-26 21:00:00,5.52,245.54,0.36,23.82
2021-07-26 21:02:00,5.470000000000001,245.86,0.29,23.82
2021-07-26 21:04:00,5.44,245.76,0.27,23.82
2021-07-26 21:06:00,5.5,245.76,0.29,23.82
2021-07-26 21:08:00,5.430000000000001,244.66,0.31,23.82
2021-07-26 21:10:00,5.58,244.84,0.29,23.82
2021-07-26 21:14:00,5.73,245.67,0.28,23.81
2021-07-26 21:16:00,5.48,245.28,0.3,23.8
2021-07-26 21:18:00,5.69,245.01,0.37,23.8
2021-07-26 21:20:00,5.67,245.54,0.31,23.8
2021-07-26 21:22:00,5.29,246.56,0.33,23.8
2021-07-26 21:24:00,4.8,245.61,-0.02,23.8
2021-07-26 21:28:00,5.16,245.28,0.29,23.81
2021-07-26 21:30:00,5.68,245.55,0.27,23.74
2021-07-26 21:32:00,5.569999999999999,244.61,0.33,23.77
2021-07-26 21:34:00,5.71,243.97,0.29,23.79
2021-07-26 21:36:00,5.69,244.13,0.33,23.81
2021-07-26 21:38:00,5.510000000000001,243.91,0.25,23.8
2021-07-26 21:40:00,5.390000000000001,243.62,0.32,23.8
2021-07-26 21:42:00,5.52,244.89,0.29,23.8
2021-07-26 21:44:00,5.41,245.24,0.28,23.8
2021-07-26 21:46:00,5.4,242.88,0.32,23.79
2021-07-26 21:48:00,5.640000000000001,243.95,0.33,23.78
2021-07-26 21:50:00,5.44,244.26,0.31,23.77
2021-07-26 21:52:00,5.61,244.47,0.3,23.83
2021-07-26 21:54:00,5.82,245.83,0.34,23.83
2021-07-26 21:56:00,5.79,245.67,0.35,23.83
2021-07-26 21:58:00,5.73,246.03,0.3,23.83
2021-07-26 22:00:00,5.61,244.87,0.36,23.83
2021-07-26 22:02:00,5.26,246.14,0.32,23.83
2021-07-26 22:04:00,5.49,244.64,0.33,23.83
2021-07-26 22:06:00,5.59,244.59,0.3,23.83
2021-07-26 22:08:00,5.38,244.35,0.26,23.83
2021-07-26 22:10:00,5.529999999999999,244.98,0.31,23.83
2021-07-26 22:14:00,5.68,245.45,0.33,23.83
2021-07-26 22:16:00,5.55,244.27,0.29,23.83
2021-07-26 22:18:00,5.43,245.56,0.29,23.83
2021-07-26 22:20:00,5.6,245.26,0.31,23.83
2021-07-26 22:22:00,5.6,242.87,0.24,23.83
2021-07-26 22:24:00,5.67,244.03,0.3,23.83
2021-07-26 22:26:00,5.71,242.94,0.3,23.83
2021-07-26 22:28:00,5.5,245.07,0.35,23.83
2021-07-26 22:32:00,5.51,246.02,0.35,23.78
2021-07-26 22:36:00,5.3,246.53,0.34,23.75
2021-07-26 22:38:00,5.38,244.95,0.29,23.75
2021-07-26 22:40:00,5.58,246.21,0.34,23.76
2021-07-26 22:42:00,5.529999999999999,244.76,0.26,23.77
2021-07-26 22:44:00,4.71,244.74,0.03,23.78
2021-07-26 22:46:00,5.68,244.52,0.35,23.8
2021-07-26 22:48:00,5.57,245.37,0.31,23.83
2021-07-26 22:50:00,5.29,244.24,0.27,23.84
2021-07-26 22:52:00,4.78,244.83,0.03,23.84
2021-07-26 22:54:00,5.73,244.36,0.3,23.84
2021-07-26 22:56:00,5.51,245.62,0.3,23.83
2021-07-26 22:58:00,5.609999999999999,243.99,0.35,23.82
2021-07-26 23:00:00,5.51,244.3,0.29,23.83
2021-07-26 23:02:00,5.390000000000001,244.69,0.31,23.82
2021-07-26 23:04:00,5.630000000000001,244.25,0.33,23.79
2021-07-26 23:06:00,5.529999999999999,245.1,0.29,23.78
2021-07-26 23:08:00,5.25,244.54,0.26,23.77
2021-07-26 23:10:00,5.37,244.65,0.3,23.78
2021-07-26 23:12:00,5.5600000000000005,245.82,0.28,23.77
2021-07-26 23:14:00,5.41,244.85,0.34,23.77
2021-07-26 23:16:00,4.65,244.7,0.0,23.77
2021-07-26 23:18:00,5.609999999999999,245.28,0.28,23.77
2021-07-26 23:20:00,5.719999999999999,245.11,0.36,23.77
2021-07-26 23:22:00,5.47,244.91,0.4,23.77
2021-07-26 23:24:00,5.51,244.19,0.28,23.77
2021-07-26 23:26:00,5.72,245.39,0.31,23.77
2021-07-26 23:28:00,5.49,245.12,0.28,23.77
2021-07-26 23:30:00,5.37,245.64,0.26,23.83
2021-07-26 23:32:00,5.54,243.84,0.28,23.83
2021-07-26 23:34:00,5.390000000000001,245.0,0.25,23.81
2021-07-26 23:36:00,5.72,244.35,0.37,23.81
2021-07-26 23:38:00,5.65,244.97,0.27,23.8
2021-07-26 23:40:00,5.54,244.86,0.32,23.8
2021-07-26 23:42:00,5.6,244.3,0.36,23.79
2021-07-26 23:48:00,5.58,243.19,0.33,23.79
2021-07-26 23:50:00,5.38,243.43,0.28,23.8
2021-07-26 23:52:00,5.18,244.84,0.28,23.8
2021-07-26 23:54:00,5.7,243.65,0.31,23.81
2021-07-26 23:56:00,5.6,242.99,0.31,23.82
2021-07-26 23:58:00,5.71,244.04,0.33,23.83
2021-07-27 00:00:00,5.82,242.83,0.3,23.75
2021-07-27 00:02:00,5.34,243.22,0.3,23.75
2021-07-27 00:04:00,5.44,243.09,0.24,23.75
2021-07-27 00:06:00,5.63,242.84,0.29,23.75
2021-07-27 00:08:00,5.3100000000000005,243.06,0.27,23.75
2021-07-27 00:10:00,5.53,242.88,0.32,23.75
2021-07-27 00:12:00,5.56,244.1,0.29,23.75
2021-07-27 00:14:00,5.790000000000001,244.53,0.37,23.75
2021-07-27 00:16:00,5.57,243.06,0.32,23.75
2021-07-27 00:18:00,5.59,244.8,0.26,23.75
2021-07-27 00:20:00,5.59,243.62,0.27,23.75
2021-07-27 00:22:00,5.57,242.8,0.29,23.75
2021-07-27 00:24:00,5.63,243.22,0.35,23.75
2021-07-27 00:26:00,5.38,244.47,0.24,23.74
2021-07-27 00:28:00,5.569999999999999,243.3,0.39,23.74
2021-07-27 00:30:00,5.67,242.63,0.26,23.78
2021-07-27 00:32:00,5.73,244.02,0.34,23.83
2021-07-27 00:34:00,5.62,242.24,0.33,23.83
2021-07-27 00:36:00,5.6,241.86,0.34,23.83
2021-07-27 00:38:00,5.54,240.93,0.31,23.83
2021-07-27 00:40:00,5.43,242.49,0.32,23.83
2021-07-27 00:42:00,5.35,241.72,0.29,23.83
2021-07-27 00:44:00,5.54,240.12,0.35,23.83
2021-07-27 00:48:00,5.38,241.28,0.35,23.83
2021-07-27 00:52:00,5.62,241.85,0.28,23.77
2021-07-27 00:54:00,5.42,242.82,0.36,23.77
2021-07-27 00:58:00,5.55,242.27,0.35,23.77
2021-07-27 01:00:00,5.49,243.62,0.3,23.77
2021-07-27 01:02:00,5.6,242.59,0.34,23.78
2021-07-27 01:04:00,5.29,241.59,0.25,23.8
2021-07-27 01:06:00,5.74,242.31,0.3,23.82
2021-07-27 01:08:00,5.5600000000000005,241.4,0.27,23.83
2021-07-27 01:10:00,5.430000000000001,242.78,0.37,23.84
2021-07-27 01:12:00,5.69,241.55,0.3,23.84
2021-07-27 01:14:00,5.4,240.89,0.34,23.85
2021-07-27 01:16:00,5.42,241.24,0.38,23.84
2021-07-27 01:18:00,5.529999999999999,241.02,0.3,23.83
2021-07-27 01:20:00,5.279999999999999,241.95,0.32,23.81
2021-07-27 01:22:00,5.430000000000001,241.05,0.28,23.8
2021-07-27 01:24:00,5.39,242.26,0.28,23.79
2021-07-27 01:26:00,5.39,241.49,0.29,23.78
2021-07-27 01:28:00,5.73,241.84,0.34,23.78
2021-07-27 01:30:00,5.49,240.92,0.26,23.83
2021-07-27 01:38:00,5.2,242.8,0.38,23.79
2021-07-27 01:40:00,5.48,243.44,0.27,23.8
2021-07-27 01:42:00,5.670000000000001,242.46,0.35,23.82
2021-07-27 01:44:00,5.4,242.34,0.36,23.84
2021-07-27 01:46:00,5.569999999999999,243.11,0.27,23.85
2021-07-27 01:48:00,5.569999999999999,241.47,0.34,23.85
2021-07-27 01:50:00,5.5600000000000005,241.22,0.33,23.85
2021-07-27 01:52:00,5.62,242.29,0.35,23.85
2021-07-27 01:54:00,5.57,241.76,0.24,23.84
2021-07-27 01:56:00,5.46,243.46,0.38,23.84
2021-07-27 01:58:00,5.609999999999999,242.38,0.23,23.83
2021-07-27 02:02:00,5.62,242.21,0.31,23.81
2021-07-27 02:04:00,5.619999999999999,242.02,0.25,23.8
2021-07-27 02:06:00,5.46,241.9,0.3,23.79
2021-07-27 02:08:00,5.82,241.54,0.38,23.79
2021-07-27 02:10:00,5.5,244.55,0.35,23.79
2021-07-27 02:12:00,5.54,243.84,0.32,23.8
2021-07-27 02:14:00,5.69,246.29,0.33,23.8
2021-07-27 02:16:00,5.41,245.32,0.28,23.81
2021-07-27 02:18:00,5.42,244.17,0.27,23.82
2021-07-27 02:20:00,5.52,245.36,0.37,23.83
2021-07-27 02:22:00,5.38,243.99,0.3,23.85
2021-07-27 02:24:00,5.529999999999999,243.7,0.3,23.85
2021-07-27 02:26:00,5.61,244.31,0.39,23.87
2021-07-27 02:28:00,36.71,245.4,0.81,23.85
2021-07-27 02:32:00,5.470000000000001,245.59,0.27,23.85
2021-07-27 02:36:00,5.58,244.02,0.29,23.83
2021-07-27 02:38:00,5.54,244.29,0.29,23.82
2021-07-27 02:40:00,5.5600000000000005,243.49,0.37,23.82
2021-07-27 02:42:00,5.41,244.37,0.26,23.82
2021-07-27 02:44:00,4.699999999999999,244.14,-0.02,23.82
2021-07-27 02:46:00,4.66,242.51,0.01,23.83
2021-07-27 02:48:00,5.78,242.61,0.31,23.83
2021-07-27 02:50:00,5.619999999999999,241.29,0.34,23.84
2021-07-27 02:52:00,5.5,239.87,0.26,23.88
2021-07-27 02:54:00,5.61,239.66,0.25,23.89
2021-07-27 02:56:00,5.6,243.7,0.28,23.9
2021-07-27 02:58:00,5.5200000000000005,243.43,0.29,23.9
2021-07-27 03:00:00,5.56,242.71,0.3,23.91
2021-07-27 03:02:00,5.34,242.86,0.35,23.89
2021-07-27 03:04:00,5.51,243.43,0.27,23.9
2021-07-27 03:06:00,5.38,241.91,0.25,23.9
2021-07-27 03:08:00,5.5200000000000005,242.0,0.33,23.89
2021-07-27 03:10:00,5.63,242.57,0.28,23.88
2021-07-27 03:12:00,5.5600000000000005,242.58,0.23,23.88
2021-07-27 03:14:00,5.46,241.41,0.32,23.88
2021-07-27 03:16:00,5.74,240.49,0.33,23.84
2021-07-27 03:20:00,5.53,240.84,0.3,23.84
2021-07-27 03:22:00,5.720000000000001,239.83,0.25,23.87
2021-07-27 03:24:00,5.4,243.65,0.3,23.85
2021-07-27 03:26:00,5.61,242.16,0.26,23.89
2021-07-27 03:28:00,5.640000000000001,240.9,0.33,23.89
2021-07-27 03:30:00,5.61,241.6,0.36,23.94
2021-07-27 03:32:00,5.67,240.59,0.36,23.94
2021-07-27 03:34:00,5.48,242.11,0.28,23.85
2021-07-27 03:36:00,5.48,241.97,0.33,23.85
2021-07-27 03:38:00,5.710000000000001,240.15,0.29,23.85
2021-07-27 03:44:00,5.64,242.23,0.27,23.93
2021-07-27 03:46:00,5.4,244.3,0.27,23.93
2021-07-27 03:48:00,5.77,241.39,0.27,23.93
2021-07-27 03:50:00,5.63,240.99,0.35,23.92
2021-07-27 03:52:00,5.88,240.69,0.35,23.91
2021-07-27 03:54:00,5.5,240.3,0.32,23.92
2021-07-27 03:56:00,5.53,241.05,0.34,23.93
2021-07-27 03:58:00,5.58,240.59,0.3,23.93
2021-07-27 04:00:00,5.44,240.37,0.33,23.85
2021-07-27 04:02:00,5.36,239.3,0.32,23.85
2021-07-27 04:04:00,5.680000000000001,238.82,0.34,23.85
2021-07-27 04:06:00,5.48,243.05,0.31,23.85
2021-07-27 04:08:00,5.470000000000001,243.68,0.34,23.85
2021-07-27 04:10:00,5.43,243.3,0.31,23.85
2021-07-27 04:12:00,5.56,243.89,0.31,23.85
2021-07-27 04:14:00,5.52,242.64,0.31,23.85
2021-07-27 04:16:00,5.51,243.23,0.3,23.85
2021-07-27 04:18:00,5.69,242.5,0.32,23.85
2021-07-27 04:20:00,5.489999999999999,242.75,0.34,23.85
2021-07-27 04:22:00,5.34,241.82,0.4,23.85
2021-07-27 04:24:00,5.49,240.46,0.22,23.85
2021-07-27 04:26:00,5.43,238.93,0.26,23.85
2021-07-27 04:28:00,5.470000000000001,239.4,0.29,23.85
2021-07-27 04:30:00,5.279999999999999,239.04,0.35,24.17
2021-07-27 04:32:00,5.5,239.34,0.28,23.92
2021-07-27 04:34:00,5.720000000000001,238.95,0.36,23.92
2021-07-27 04:36:00,5.5600000000000005,237.39,0.35,23.92
2021-07-27 04:38:00,5.65,242.28,0.27,23.92
2021-07-27 04:40:00,5.63,238.73,0.32,23.92
2021-07-27 04:42:00,5.59,239.53,0.32,23.92
2021-07-27 04:44:00,5.55,240.0,0.24,23.92
2021-07-27 04:46:00,5.61,238.09,0.31,23.94
2021-07-27 04:48:00,5.870000000000001,236.65,0.32,23.94
2021-07-27 04:52:00,5.3500000000000005,236.4,0.27,23.94
2021-07-27 04:54:00,5.51,237.62,0.38,23.94
2021-07-27 04:58:00,5.35,235.55,0.35,23.94
2021-07-27 05:02:00,5.59,236.17,0.32,23.92
2021-07-27 05:04:00,5.68,237.8,0.32,23.92
2021-07-27 05:12:00,4.71,246.65,-0.02,24.0
2021-07-27 05:14:00,21.82,243.56,0.04,23.99
2021-07-27 05:16:00,15.31,242.94,0.14,23.98
2021-07-27 05:18:00,10.19,241.71,0.18,23.98
2021-07-27 05:20:00,6.76,243.4,0.24,24.0
2021-07-27 05:22:00,6.19,242.02,0.23,24.0
2021-07-27 05:24:00,5.76,242.46,0.31,24.02
2021-07-27 05:26:00,5.71,242.13,0.32,24.04
2021-07-27 05:28:00,5.62,241.32,0.31,24.06
2021-07-27 05:32:00,5.58,241.65,0.33,24.77
2021-07-27 05:36:00,5.37,241.83,0.31,24.2
2021-07-27 05:38:00,5.7,241.91,0.33,24.22
2021-07-27 05:40:00,5.82,239.58,0.33,24.23
2021-07-27 05:42:00,5.470000000000001,240.75,0.31,24.26
2021-07-27 05:46:00,5.64,239.21,0.29,24.29
2021-07-27 05:48:00,5.64,239.4,0.33,24.32
2021-07-27 05:50:00,4.64,239.86,0.12,24.35
2021-07-27 05:52:00,5.44,239.59,0.33,24.37
2021-07-27 05:54:00,5.64,239.45,0.26,24.39
2021-07-27 05:56:00,5.34,240.19,0.29,24.41
2021-07-27 05:58:00,4.569999999999999,241.08,0.06,24.43
2021-07-27 06:00:00,4.84,239.92,0.14,24.46
2021-07-27 06:02:00,5.33,240.88,0.35,24.48
2021-07-27 06:04:00,5.66,241.12,0.34,24.5
2021-07-27 06:06:00,5.41,240.23,0.23,24.51
2021-07-27 06:08:00,5.5,240.1,0.29,24.53
2021-07-27 06:10:00,5.779999999999999,240.39,0.36,24.55
2021-07-27 06:12:00,5.53,240.38,0.38,24.55
2021-07-27 06:14:00,5.71,239.86,0.34,24.58
2021-07-27 06:16:00,5.4,240.29,0.34,24.59
2021-07-27 06:18:00,5.24,240.37,0.27,24.61
2021-07-27 06:20:00,5.470000000000001,240.09,0.28,24.62
2021-07-27 06:22:00,5.359999999999999,239.92,0.34,24.65
2021-07-27 06:24:00,5.66,240.69,0.32,24.66
2021-07-27 06:26:00,5.57,240.99,0.31,24.69
2021-07-27 06:28:00,5.26,240.49,0.31,24.73
2021-07-27 06:32:00,5.76,239.87,0.3,24.77
2021-07-27 06:36:00,5.49,241.91,0.34,24.78
2021-07-27 06:40:00,5.42,241.01,0.3,24.79
2021-07-27 06:42:00,5.5,239.95,0.31,24.8
2021-07-27 06:44:00,5.74,239.6,0.31,24.81
2021-07-27 06:48:00,5.58,240.3,0.32,24.82
2021-07-27 06:50:00,5.44,240.71,0.36,24.83
2021-07-27 06:52:00,5.63,240.72,0.29,24.84
2021-07-27 06:54:00,5.28,240.88,0.26,24.85
2021-07-27 06:56:00,5.65,241.78,0.3,24.86
2021-07-27 07:02:00,5.45,241.15,0.36,24.87
2021-07-27 07:04:00,5.51,240.89,0.32,24.88
2021-07-27 07:06:00,5.43,241.03,0.26,24.88
2021-07-27 07:08:00,5.43,240.77,0.28,24.91
2021-07-27 07:10:00,5.45,242.37,0.34,24.92
2021-07-27 07:12:00,5.6000000000000005,242.62,0.35,24.93
2021-07-27 07:14:00,5.28,240.78,0.31,24.94
2021-07-27 07:18:00,5.1,250.64,-0.01,24.96
2021-07-27 07:22:00,15.31,245.67,0.12,24.96
2021-07-27 07:30:00,22.040000000000003,243.96,0.02,25.11
2021-07-27 07:32:00,15.239999999999998,240.26,0.14,24.77
2021-07-27 07:34:00,9.96,241.39,0.17,24.77
2021-07-27 07:36:00,6.969999999999999,241.47,0.29,24.77
2021-07-27 07:38:00,6.03,243.88,0.22,24.77
2021-07-27 07:40:00,5.63,243.23,0.29,24.77
2021-07-27 07:42:00,5.27,243.68,0.28,24.77
2021-07-27 07:44:00,5.67,244.5,0.35,24.77
2021-07-27 07:46:00,5.5600000000000005,244.57,0.29,24.77
2021-07-27 07:48:00,4.77,243.06,0.11,24.77
2021-07-27 07:50:00,5.57,243.81,0.27,24.77
2021-07-27 07:52:00,5.71,242.84,0.32,24.77
2021-07-27 07:56:00,5.65,242.23,0.3,24.77
2021-07-27 07:58:00,5.49,243.12,0.29,24.77
2021-07-27 08:00:00,5.59,243.71,0.35,24.77
2021-07-27 08:02:00,5.51,242.33,0.25,24.77
2021-07-27 08:04:00,5.68,242.39,0.31,24.77
2021-07-27 08:06:00,5.46,242.84,0.38,24.78
2021-07-27 08:10:00,5.44,240.49,0.28,24.77
2021-07-27 08:12:00,5.119999999999999,240.89,0.3,24.78
2021-07-27 08:14:00,5.550000000000001,240.24,0.28,24.78
2021-07-27 08:16:00,5.51,241.71,0.33,24.78
2021-07-27 08:20:00,5.74,241.52,0.31,24.77
2021-07-27 08:22:00,5.69,239.25,0.29,24.77
2021-07-27 08:24:00,5.42,241.4,0.28,24.77
2021-07-27 08:26:00,5.63,241.27,0.28,24.77
2021-07-27 08:28:00,5.8,240.58,0.36,24.78
2021-07-27 08:30:00,5.67,240.88,0.31,25.29
2021-07-27 08:32:00,5.74,241.03,0.3,25.11
2021-07-27 08:34:00,5.51,240.49,0.35,25.11
2021-07-27 08:40:00,5.470000000000001,239.96,0.35,25.28
2021-07-27 08:42:00,5.51,238.1,0.36,25.28
2021-07-27 08:46:00,5.49,240.45,0.31,25.29
2021-07-27 08:48:00,5.64,240.89,0.36,25.31
2021-07-27 08:52:00,5.22,241.79,0.34,25.33
2021-07-27 08:56:00,5.59,242.16,0.27,25.35
2021-07-27 08:58:00,5.47,241.83,0.25,25.37
2021-07-27 09:04:00,5.24,241.27,0.33,25.38
2021-07-27 09:06:00,5.47,241.04,0.28,25.38
2021-07-27 09:08:00,5.65,240.96,0.31,25.4
2021-07-27 09:10:00,5.35,243.18,0.35,25.39
2021-07-27 09:12:00,4.800000000000001,243.96,0.1,25.39
2021-07-27 09:14:00,5.58,242.75,0.33,25.41
2021-07-27 09:16:00,5.449999999999999,243.21,0.31,25.43
2021-07-27 09:22:00,5.71,242.35,0.29,25.43
2021-07-27 09:24:00,5.2,240.52,0.26,25.44
2021-07-27 09:26:00,5.6000000000000005,243.57,0.31,25.45
2021-07-27 09:28:00,5.220000000000001,244.0,0.28,25.46
2021-07-27 09:30:00,5.58,243.55,0.28,25.47
2021-07-27 09:32:00,5.58,241.09,0.3,25.46
2021-07-27 09:34:00,5.34,241.41,0.32,25.28
2021-07-27 09:36:00,5.41,240.41,0.3,25.28
2021-07-27 09:38:00,5.5,240.89,0.34,25.28
2021-07-27 09:40:00,5.35,241.13,0.34,25.28
2021-07-27 09:42:00,5.67,241.24,0.32,25.28
2021-07-27 09:44:00,5.41,242.32,0.34,25.27
2021-07-27 09:46:00,5.56,241.27,0.29,25.25
2021-07-27 09:48:00,4.79,242.52,0.04,25.25
2021-07-27 09:50:00,5.4,240.84,0.35,25.25
2021-07-27 09:52:00,5.54,241.23,0.32,25.28
2021-07-27 09:54:00,5.52,239.5,0.34,25.28
2021-07-27 09:56:00,5.67,241.18,0.32,25.28
2021-07-27 09:58:00,5.74,241.03,0.31,25.28
2021-07-27 10:00:00,5.59,241.39,0.32,25.29
2021-07-27 10:02:00,5.47,239.96,0.31,25.29
2021-07-27 10:04:00,5.49,240.53,0.28,25.29
2021-07-27 10:06:00,5.4,241.14,0.32,25.29
2021-07-27 10:08:00,5.4,241.37,0.32,25.29
2021-07-27 10:10:00,5.59,240.59,0.33,25.29
2021-07-27 10:12:00,5.609999999999999,239.21,0.36,25.29
2021-07-27 10:14:00,5.46,239.59,0.37,25.29
2021-07-27 10:16:00,5.42,238.89,0.35,25.29
2021-07-27 10:20:00,5.27,239.31,0.28,25.31
2021-07-27 10:22:00,5.56,237.96,0.33,25.31
2021-07-27 10:24:00,5.54,238.03,0.29,25.33
2021-07-27 10:26:00,5.5600000000000005,239.73,0.29,25.35
2021-07-27 10:28:00,5.43,238.79,0.34,25.35
2021-07-27 10:32:00,5.5,240.29,0.31,25.61
2021-07-27 10:38:00,5.58,244.79,0.25,25.62
2021-07-27 10:40:00,5.31,242.08,0.32,25.61
2021-07-27 10:42:00,5.38,243.37,0.28,25.61
2021-07-27 10:44:00,5.57,243.14,0.34,25.61
2021-07-27 10:46:00,5.63,244.36,0.32,25.61
2021-07-27 10:48:00,5.28,244.09,0.29,25.62
2021-07-27 10:50:00,5.4,244.12,0.25,25.63
2021-07-27 10:52:00,5.390000000000001,243.93,0.3,25.63
2021-07-27 10:54:00,5.680000000000001,241.99,0.29,25.63
2021-07-27 10:56:00,5.55,240.59,0.31,25.63
2021-07-27 10:58:00,5.53,241.88,0.34,25.63
2021-07-27 11:02:00,5.58,243.83,0.29,25.63
2021-07-27 11:04:00,5.41,241.03,0.31,25.63
2021-07-27 11:06:00,5.6,243.56,0.27,25.65
2021-07-27 11:10:00,8.16,241.27,0.27,25.66
2021-07-27 11:12:00,5.74,241.91,0.3,25.66
2021-07-27 11:14:00,5.5,241.86,0.32,25.69
2021-07-27 11:16:00,6.3100000000000005,239.76,0.27,25.72
2021-07-27 11:18:00,5.52,240.7,0.4,25.77
2021-07-27 11:20:00,8.21,240.35,0.22,25.8
2021-07-27 11:24:00,7.59,240.88,0.28,25.84
2021-07-27 11:26:00,7.46,240.42,0.24,25.86
2021-07-27 11:28:00,7.58,238.94,0.21,25.88
2021-07-27 11:30:00,7.4,240.24,0.21,25.97
2021-07-27 11:32:00,6.279999999999999,241.26,0.27,25.99
2021-07-27 11:34:00,7.42,239.97,0.25,25.61
2021-07-27 11:36:00,6.24,240.54,0.35,25.61
2021-07-27 11:44:00,5.800000000000001,243.32,0.26,26.06
2021-07-27 11:46:00,5.69,244.61,0.3,26.06
2021-07-27 11:52:00,5.42,241.33,0.35,26.05
2021-07-27 11:54:00,5.52,243.14,0.29,26.01
2021-07-27 11:58:00,5.51,242.58,0.31,25.61
2021-07-27 12:00:00,5.38,244.2,0.31,25.61
2021-07-27 12:02:00,5.2,244.04,0.27,25.61
2021-07-27 12:04:00,5.620000000000001,242.42,0.35,25.61
2021-07-27 12:06:00,5.5,243.83,0.33,25.61
2021-07-27 12:08:00,5.29,243.19,0.31,25.61
2021-07-27 12:10:00,5.66,243.14,0.28,25.61
2021-07-27 12:12:00,5.36,241.97,0.29,25.61
2021-07-27 12:14:00,5.54,244.07,0.39,25.61
2021-07-27 12:16:00,5.57,244.06,0.3,25.61
2021-07-27 12:18:00,5.69,243.02,0.34,25.61
2021-07-27 12:20:00,5.54,242.65,0.35,25.61
2021-07-27 12:22:00,5.43,244.0,0.34,25.61
2021-07-27 12:24:00,5.56,243.1,0.31,25.61
2021-07-27 12:26:00,5.57,243.37,0.27,25.61
2021-07-27 12:28:00,5.73,244.35,0.37,25.61
2021-07-27 12:32:00,5.5200000000000005,245.44,0.29,25.77
2021-07-27 12:36:00,5.48,244.61,0.39,25.75
2021-07-27 12:38:00,5.3100000000000005,245.39,0.28,25.75
2021-07-27 12:40:00,5.6,239.63,0.36,25.75
2021-07-27 12:42:00,5.51,242.13,0.32,25.75
2021-07-27 12:44:00,5.52,243.11,0.28,25.75
2021-07-27 12:46:00,5.529999999999999,242.78,0.36,25.73
2021-07-27 12:48:00,5.6,240.26,0.31,25.97
2021-07-27 12:50:00,5.28,240.88,0.29,25.97
2021-07-27 12:52:00,5.33,241.33,0.33,25.97
2021-07-27 12:54:00,5.529999999999999,241.19,0.32,25.97
2021-07-27 12:56:00,5.61,242.31,0.33,25.97
2021-07-27 12:58:00,4.53,241.16,0.09,25.97
2021-07-27 13:00:00,4.55,240.95,0.04,25.97
2021-07-27 13:02:00,5.5,242.76,0.32,25.97
2021-07-27 13:04:00,5.43,240.37,0.33,25.97
2021-07-27 13:06:00,5.3,242.49,0.29,25.97
2021-07-27 13:08:00,5.47,241.22,0.34,25.97
2021-07-27 13:12:00,5.44,242.18,0.3,25.97
2021-07-27 13:14:00,5.680000000000001,241.75,0.34,25.73
2021-07-27 13:18:00,5.25,241.63,0.32,25.73
2021-07-27 13:20:00,5.57,241.92,0.32,25.72
2021-07-27 13:24:00,5.43,242.22,0.26,25.72
2021-07-27 13:26:00,5.68,242.83,0.26,25.71
2021-07-27 13:28:00,5.45,241.6,0.34,25.71
2021-07-27 13:30:00,5.48,241.48,0.33,25.71
2021-07-27 13:32:00,4.88,242.95,0.04,25.71
2021-07-27 13:34:00,5.55,241.83,0.29,25.72
2021-07-27 13:36:00,5.390000000000001,241.19,0.38,25.72
2021-07-27 13:38:00,5.39,241.39,0.35,25.72
2021-07-27 13:42:00,5.62,241.69,0.31,25.75
2021-07-27 13:44:00,5.54,241.42,0.27,25.75
2021-07-27 13:46:00,5.7,241.53,0.34,25.75
2021-07-27 13:48:00,5.529999999999999,242.02,0.36,25.75
2021-07-27 13:50:00,5.66,240.43,0.33,25.75
2021-07-27 13:52:00,5.63,240.36,0.25,25.75
2021-07-27 13:54:00,5.69,240.71,0.33,25.75
2021-07-27 13:56:00,5.58,240.99,0.36,25.75
2021-07-27 13:58:00,5.46,240.58,0.3,25.75
2021-07-27 14:04:00,5.44,243.49,0.25,25.77
2021-07-27 14:06:00,5.82,243.14,0.35,25.77
2021-07-27 14:08:00,5.59,244.31,0.35,25.75
2021-07-27 14:10:00,5.51,243.19,0.27,25.77
2021-07-27 14:12:00,5.62,243.9,0.31,25.75
2021-07-27 14:14:00,5.52,242.74,0.3,25.77
2021-07-27 14:16:00,5.64,242.6,0.34,25.77
2021-07-27 14:18:00,5.54,242.93,0.3,25.77
2021-07-27 14:20:00,5.43,243.13,0.34,25.77
2021-07-27 14:22:00,5.38,240.95,0.25,25.77
2021-07-27 14:24:00,5.61,243.55,0.27,25.75
2021-07-27 14:26:00,5.44,241.98,0.33,25.77
2021-07-27 14:28:00,5.49,243.67,0.34,25.77
2021-07-27 14:32:00,5.199999999999999,244.48,0.31,25.7
2021-07-27 14:36:00,5.38,244.75,0.29,25.71
2021-07-27 14:38:00,5.52,243.11,0.34,25.66
2021-07-27 14:40:00,5.62,243.57,0.26,25.66
2021-07-27 14:42:00,5.32,245.03,0.31,25.71
2021-07-27 14:44:00,5.61,245.43,0.31,25.67
2021-07-27 14:46:00,5.43,244.65,0.29,25.67
2021-07-27 14:48:00,5.35,243.89,0.3,25.68
2021-07-27 14:50:00,5.569999999999999,246.91,0.24,25.67
2021-07-27 14:52:00,5.5600000000000005,246.55,0.33,25.71
2021-07-27 14:54:00,5.27,245.03,0.26,25.68
2021-07-27 14:56:00,5.66,246.04,0.28,25.71
2021-07-27 14:58:00,5.48,244.77,0.32,25.68
2021-07-27 15:00:00,5.61,245.37,0.32,25.67
2021-07-27 15:02:00,5.71,245.08,0.34,25.71
2021-07-27 15:04:00,5.3,245.45,0.34,25.68
2021-07-27 15:06:00,5.51,245.03,0.28,25.71
2021-07-27 15:08:00,5.38,245.29,0.24,25.71
2021-07-27 15:10:00,5.279999999999999,244.63,0.31,25.71
2021-07-27 15:12:00,5.89,245.61,0.27,25.71
2021-07-27 15:14:00,5.279999999999999,245.67,0.33,25.71
2021-07-27 15:16:00,5.39,245.4,0.29,25.72
2021-07-27 15:18:00,5.5600000000000005,247.27,0.26,25.71
2021-07-27 15:20:00,5.5200000000000005,247.26,0.33,25.71
2021-07-27 15:22:00,5.59,247.05,0.3,25.72
2021-07-27 15:24:00,4.57,245.35,0.12,25.72
2021-07-27 15:26:00,5.56,243.6,0.34,25.71
2021-07-27 15:28:00,5.29,244.67,0.35,25.72
2021-07-27 15:30:00,5.43,244.67,0.32,25.68
2021-07-27 15:32:00,5.61,242.8,0.33,25.69
2021-07-27 15:34:00,5.35,241.39,0.25,25.69
2021-07-27 15:36:00,5.659999999999999,243.49,0.34,25.69
2021-07-27 15:38:00,4.63,244.89,0.08,25.69
2021-07-27 15:40:00,4.7700000000000005,243.92,0.01,25.69
2021-07-27 15:42:00,5.49,243.49,0.31,25.69
2021-07-27 15:44:00,5.35,243.77,0.29,25.69
2021-07-27 15:46:00,5.63,244.9,0.31,25.69
2021-07-27 15:48:00,5.66,245.41,0.35,25.69
2021-07-27 15:50:00,5.27,245.08,0.35,25.69
2021-07-27 15:52:00,5.42,244.01,0.32,25.69
2021-07-27 15:54:00,5.19,244.47,0.28,25.69
2021-07-27 16:00:00,5.5,245.92,0.29,25.7
2021-07-27 16:02:00,5.470000000000001,244.64,0.32,25.7
2021-07-27 16:06:00,5.4,244.95,0.3,25.7
2021-07-27 16:08:00,5.29,244.79,0.33,25.7
2021-07-27 16:10:00,5.42,246.14,0.34,25.7
2021-07-27 16:12:00,5.72,244.7,0.34,25.7
2021-07-27 16:14:00,5.41,245.86,0.28,25.7
2021-07-27 16:16:00,5.43,244.48,0.29,25.7
2021-07-27 16:18:00,5.62,245.9,0.28,25.67
2021-07-27 16:20:00,5.699999999999999,244.74,0.23,25.69
2021-07-27 16:22:00,5.43,244.96,0.37,25.67
2021-07-27 16:24:00,5.45,244.71,0.29,25.67
2021-07-27 16:26:00,5.3500000000000005,243.99,0.26,25.7
2021-07-27 16:28:00,5.2,245.22,0.3,25.67
2021-07-27 16:32:00,5.66,242.61,0.31,25.7
2021-07-27 16:36:00,5.4,243.73,0.29,25.68
2021-07-27 16:38:00,5.529999999999999,245.04,0.34,25.68
2021-07-27 16:40:00,5.590000000000001,243.64,0.28,25.69
2021-07-27 16:42:00,5.48,243.8,0.28,25.69
2021-07-27 16:44:00,5.63,244.17,0.3,25.69
2021-07-27 16:46:00,5.62,245.11,0.36,25.68
2021-07-27 16:48:00,5.31,242.38,0.28,25.69
2021-07-27 16:50:00,5.319999999999999,242.16,0.3,25.69
2021-07-27 16:52:00,5.47,242.99,0.28,25.68
2021-07-27 16:54:00,5.42,244.38,0.3,25.69
2021-07-27 16:56:00,5.59,242.72,0.32,25.68
2021-07-27 16:58:00,4.6,244.47,0.08,25.69
2021-07-27 17:00:00,5.800000000000001,242.76,0.35,25.69
2021-07-27 17:02:00,5.68,242.66,0.3,25.68
2021-07-27 17:04:00,5.619999999999999,244.43,0.26,25.69
2021-07-27 17:06:00,5.68,244.06,0.29,25.68
2021-07-27 17:08:00,5.33,242.07,0.32,25.69
2021-07-27 17:10:00,5.58,244.92,0.35,25.69
2021-07-27 17:12:00,5.46,244.59,0.36,25.69
2021-07-27 17:14:00,5.58,244.49,0.29,25.69
2021-07-27 17:16:00,5.26,244.28,0.29,25.68
2021-07-27 17:18:00,5.45,244.53,0.27,25.69
2021-07-27 17:20:00,5.58,244.22,0.28,25.69
2021-07-27 17:22:00,5.59,245.99,0.35,25.69
2021-07-27 17:24:00,5.67,245.05,0.25,25.69
2021-07-27 17:26:00,5.32,245.58,0.26,25.69
2021-07-27 17:28:00,5.61,245.52,0.35,25.69
2021-07-27 17:30:00,5.47,243.92,0.38,25.73
2021-07-27 17:32:00,5.69,245.81,0.29,25.74
2021-07-27 17:34:00,5.5,244.9,0.35,25.73
2021-07-27 17:36:00,5.7,244.6,0.33,25.74
2021-07-27 17:38:00,5.33,245.42,0.37,25.7
2021-07-27 17:40:00,5.390000000000001,244.23,0.37,25.7
2021-07-27 17:44:00,5.550000000000001,243.68,0.32,25.7
2021-07-27 17:46:00,5.42,242.52,0.35,25.7
2021-07-27 17:48:00,5.5600000000000005,243.24,0.34,25.7
2021-07-27 17:50:00,5.540000000000001,243.18,0.34,25.7
2021-07-27 17:52:00,5.26,243.98,0.35,25.7
2021-07-27 17:54:00,5.54,244.21,0.35,25.7
2021-07-27 17:56:00,5.59,244.97,0.28,25.7
2021-07-27 17:58:00,5.34,243.76,0.28,25.7
2021-07-27 18:00:00,5.62,245.49,0.35,25.7
2021-07-27 18:02:00,5.52,244.24,0.31,25.7
2021-07-27 18:04:00,5.390000000000001,245.87,0.34,25.7
2021-07-27 18:06:00,5.67,244.98,0.29,25.7
2021-07-27 18:08:00,5.58,243.61,0.35,25.7
2021-07-27 18:10:00,5.55,245.99,0.32,25.7
2021-07-27 18:14:00,5.590000000000001,246.12,0.25,25.7
2021-07-27 18:16:00,5.46,246.1,0.33,25.7
2021-07-27 18:18:00,5.39,244.85,0.24,25.7
2021-07-27 18:20:00,5.64,244.37,0.28,25.7
2021-07-27 18:22:00,5.41,245.93,0.28,25.7
2021-07-27 18:24:00,5.6,245.55,0.28,25.7
2021-07-27 18:26:00,5.48,246.79,0.27,25.7
2021-07-27 18:28:00,5.45,243.64,0.35,25.7
2021-07-27 18:32:00,5.57,245.45,0.27,25.76
2021-07-27 18:38:00,5.43,245.2,0.26,25.76
2021-07-27 18:40:00,5.539999999999999,245.02,0.32,25.76
2021-07-27 18:42:00,5.66,244.18,0.25,25.76
2021-07-27 18:44:00,5.45,244.14,0.33,25.76
2021-07-27 18:46:00,5.58,243.69,0.3,25.76
2021-07-27 18:48:00,5.57,242.6,0.32,25.77
2021-07-27 18:50:00,5.619999999999999,242.82,0.33,25.76
2021-07-27 18:52:00,5.15,242.3,0.29,25.75
2021-07-27 18:54:00,5.65,242.42,0.37,25.76
2021-07-27 18:56:00,75.16,241.18,0.77,25.73
2021-07-27 18:58:00,5.25,242.93,0.32,25.73
2021-07-27 19:00:00,5.33,243.08,0.25,25.73
2021-07-27 19:02:00,5.58,244.14,0.32,25.73
2021-07-27 19:04:00,76.25999999999999,240.53,0.76,25.73
2021-07-27 19:06:00,5.63,243.95,0.33,25.73
2021-07-27 19:08:00,5.69,242.93,0.3,25.73
2021-07-27 19:10:00,5.5600000000000005,243.17,0.32,25.73
2021-07-27 19:12:00,5.49,243.83,0.27,25.73
2021-07-27 19:14:00,5.24,243.24,0.29,25.73
2021-07-27 19:16:00,5.48,243.61,0.24,25.73
2021-07-27 19:18:00,5.81,242.89,0.28,25.73
2021-07-27 19:20:00,5.47,243.64,0.28,25.73
2021-07-27 19:22:00,5.73,243.41,0.36,25.73
2021-07-27 19:24:00,5.680000000000001,244.78,0.29,25.73
2021-07-27 19:26:00,5.3,244.54,0.28,25.73
2021-07-27 19:28:00,5.39,244.34,0.26,25.73
2021-07-27 19:30:00,5.63,245.33,0.31,25.8
2021-07-27 19:32:00,5.5200000000000005,245.65,0.29,25.77
2021-07-27 19:34:00,5.39,243.43,0.36,25.77
2021-07-27 19:36:00,5.48,243.45,0.31,25.79
2021-07-27 19:38:00,5.46,244.16,0.27,25.79
2021-07-27 19:40:00,5.65,243.77,0.33,25.77
2021-07-27 19:42:00,5.68,243.89,0.3,25.77
2021-07-27 19:44:00,5.44,243.71,0.33,25.79
2021-07-27 19:46:00,5.55,245.11,0.36,25.79
2021-07-27 19:48:00,5.55,245.71,0.25,25.8
2021-07-27 19:50:00,5.38,243.09,0.3,25.8
2021-07-27 19:52:00,5.62,244.04,0.26,25.8
2021-07-27 19:54:00,5.609999999999999,243.29,0.34,25.8
2021-07-27 19:56:00,5.390000000000001,243.92,0.35,25.76
2021-07-27 19:58:00,5.44,243.91,0.25,25.76
2021-07-27 20:00:00,5.39,243.6,0.25,25.76
2021-07-27 20:02:00,5.359999999999999,243.93,0.33,25.76
2021-07-27 20:06:00,5.51,244.01,0.29,25.76
2021-07-27 20:08:00,5.5,244.06,0.35,25.76
2021-07-27 20:10:00,5.7,245.56,0.34,25.76
2021-07-27 20:12:00,5.51,245.46,0.31,25.76
2021-07-27 20:14:00,5.63,244.86,0.35,25.76
2021-07-27 20:16:00,5.54,244.35,0.32,25.76
2021-07-27 20:18:00,5.21,246.82,0.34,25.76
2021-07-27 20:20:00,5.359999999999999,245.56,0.29,25.76
2021-07-27 20:22:00,5.6,244.78,0.27,25.76
2021-07-27 20:24:00,5.61,243.87,0.37,25.76
2021-07-27 20:26:00,5.529999999999999,244.37,0.27,25.81
2021-07-27 20:28:00,5.66,245.35,0.32,25.81
2021-07-27 20:32:00,5.52,244.47,0.26,25.81
2021-07-27 20:36:00,5.58,243.04,0.29,25.8
2021-07-27 20:38:00,5.550000000000001,242.83,0.29,25.8
2021-07-27 20:40:00,5.57,244.1,0.29,25.8
2021-07-27 20:42:00,5.33,242.86,0.34,25.8
2021-07-27 20:44:00,68.91000000000001,242.97,0.74,25.8
2021-07-27 20:46:00,5.710000000000001,244.76,0.34,25.8
2021-07-27 20:48:00,5.43,244.75,0.32,25.81
2021-07-27 20:50:00,5.74,242.89,0.3,25.81
2021-07-27 20:52:00,5.61,243.82,0.36,25.81
2021-07-27 20:54:00,5.470000000000001,243.8,0.27,25.81
2021-07-27 20:56:00,5.64,244.54,0.31,25.81
2021-07-27 20:58:00,5.720000000000001,242.52,0.29,25.79
2021-07-27 21:00:00,5.31,243.94,0.29,25.79
2021-07-27 21:02:00,5.359999999999999,243.88,0.28,25.79
2021-07-27 21:04:00,5.819999999999999,243.13,0.33,25.79
2021-07-27 21:06:00,5.48,243.77,0.3,25.79
2021-07-27 21:08:00,5.79,243.89,0.34,25.79
2021-07-27 21:10:00,5.74,244.57,0.33,25.79
2021-07-27 21:12:00,5.5,244.07,0.27,25.79
2021-07-27 21:14:00,5.57,243.72,0.28,25.79
2021-07-27 21:18:00,5.18,243.23,0.28,25.82
2021-07-27 21:20:00,5.42,244.13,0.28,25.82
2021-07-27 21:22:00,5.5,244.49,0.3,25.82
2021-07-27 21:24:00,5.48,243.58,0.28,25.82
2021-07-27 21:26:00,5.68,244.12,0.31,25.82
2021-07-27 21:30:00,5.720000000000001,242.59,0.3,25.82
2021-07-27 21:32:00,5.74,244.83,0.31,25.82
2021-07-27 21:34:00,5.470000000000001,244.29,0.3,25.81
2021-07-27 21:36:00,5.630000000000001,243.39,0.31,25.81
2021-07-27 21:38:00,5.470000000000001,243.13,0.28,25.81
2021-07-27 21:40:00,5.619999999999999,243.82,0.26,25.81
2021-07-27 21:42:00,5.59,244.9,0.37,25.81
2021-07-27 21:44:00,5.7700000000000005,244.1,0.31,25.81
2021-07-27 21:46:00,5.61,243.48,0.04,25.81
2021-07-27 21:48:00,5.61,243.11,0.04,25.81
2021-07-27 21:52:00,6.66,242.88,0.28,25.81
2021-07-27 21:54:00,6.34,242.19,0.31,25.8
2021-07-27 21:56:00,6.0,243.13,0.27,25.8
2021-07-27 21:58:00,5.98,242.95,0.29,25.8
2021-07-27 22:00:00,5.65,243.28,0.32,25.8
2021-07-27 22:02:00,5.57,244.8,0.29,25.8
2021-07-27 22:04:00,5.57,244.05,0.33,25.8
2021-07-27 22:06:00,5.72,244.97,0.34,25.8
2021-07-27 22:08:00,5.5,245.11,0.33,25.8
2021-07-27 22:10:00,5.52,242.81,0.32,25.8
2021-07-27 22:12:00,5.8100000000000005,243.17,0.28,25.8
2021-07-27 22:14:00,5.52,243.29,0.28,25.8
2021-07-27 22:16:00,5.41,243.35,0.36,25.8
2021-07-27 22:18:00,5.699999999999999,244.82,0.28,25.8
2021-07-27 22:20:00,5.68,243.69,0.25,25.8
2021-07-27 22:22:00,5.34,244.0,0.27,25.8
2021-07-27 22:24:00,5.64,243.34,0.34,25.8
2021-07-27 22:28:00,5.73,244.14,0.33,25.8
2021-07-27 22:30:00,5.7,243.94,0.31,25.84
2021-07-27 22:32:00,5.5600000000000005,244.86,0.28,25.82
2021-07-27 22:34:00,5.44,244.02,0.29,25.82
2021-07-27 22:36:00,5.65,245.24,0.37,25.82
2021-07-27 22:38:00,5.5600000000000005,244.09,0.34,25.82
2021-07-27 22:42:00,5.31,244.49,0.24,25.82
2021-07-27 22:44:00,5.59,245.18,0.33,25.82
2021-07-27 22:46:00,5.470000000000001,243.99,0.33,25.82
2021-07-27 22:48:00,5.52,244.17,0.33,25.81
2021-07-27 22:52:00,5.569999999999999,244.89,0.34,25.81
2021-07-27 22:54:00,5.24,243.92,0.27,25.81
2021-07-27 22:58:00,5.52,244.27,0.36,25.82
2021-07-27 23:00:00,5.57,244.61,0.26,25.82
2021-07-27 23:02:00,5.5,244.74,0.27,25.82
2021-07-27 23:04:00,5.68,246.33,0.31,25.82
2021-07-27 23:06:00,5.55,243.91,0.31,25.82
2021-07-27 23:08:00,5.33,243.8,0.33,25.82
2021-07-27 23:10:00,5.41,244.08,0.29,25.82
2021-07-27 23:12:00,5.56,244.24,0.32,25.82
2021-07-27 23:14:00,5.64,245.21,0.39,25.82
2021-07-27 23:16:00,5.640000000000001,244.44,0.27,25.82
2021-07-27 23:18:00,5.63,243.09,0.37,25.82
2021-07-27 23:20:00,5.4,242.72,0.33,25.82
2021-07-27 23:22:00,5.529999999999999,242.73,0.25,25.82
2021-07-27 23:24:00,5.52,243.22,0.28,25.82
2021-07-27 23:26:00,5.36,244.53,0.37,25.82
2021-07-27 23:28:00,5.44,243.17,0.31,25.82
2021-07-27 23:30:00,5.54,244.03,0.29,25.91
2021-07-27 23:32:00,5.680000000000001,244.17,0.36,25.87
2021-07-27 23:34:00,5.33,242.3,0.31,25.87
2021-07-27 23:36:00,5.319999999999999,241.75,0.35,25.88
2021-07-27 23:38:00,5.84,242.94,0.26,25.88
2021-07-27 23:40:00,5.8100000000000005,244.67,0.36,25.84
2021-07-27 23:42:00,5.359999999999999,244.0,0.34,25.84
2021-07-27 23:44:00,5.66,244.22,0.38,25.84
2021-07-27 23:46:00,5.54,242.76,0.32,25.84
2021-07-27 23:48:00,5.51,243.15,0.33,25.84
2021-07-27 23:50:00,5.57,242.01,0.24,25.84
2021-07-27 23:52:00,5.6,241.76,0.39,25.84
2021-07-27 23:54:00,5.67,242.2,0.34,25.84
2021-07-28 00:00:00,5.38,244.01,0.25,25.84
2021-07-28 00:02:00,5.43,242.7,0.32,25.84
2021-07-28 00:04:00,5.34,241.95,0.3,25.84
2021-07-28 00:06:00,4.51,243.17,0.01,25.84
2021-07-28 00:08:00,5.449999999999999,242.86,0.3,25.84
2021-07-28 00:10:00,5.57,241.75,0.3,25.84
2021-07-28 00:12:00,5.5600000000000005,243.2,0.37,25.84
2021-07-28 00:14:00,5.77,243.81,0.24,25.84
2021-07-28 00:16:00,5.549999999999999,244.27,0.31,25.84
2021-07-28 00:18:00,5.47,244.02,0.33,25.84
2021-07-28 00:20:00,5.609999999999999,244.17,0.35,25.84
2021-07-28 00:22:00,5.48,243.59,0.27,25.84
2021-07-28 00:24:00,5.43,243.55,0.35,25.84
2021-07-28 00:26:00,5.57,245.21,0.34,25.84
2021-07-28 00:28:00,5.24,243.74,0.24,25.84
2021-07-28 00:32:00,5.580000000000001,243.7,0.33,25.95
2021-07-28 00:36:00,5.5,247.76,0.27,25.87
2021-07-28 00:38:00,5.65,245.89,0.24,25.87
2021-07-28 00:40:00,5.470000000000001,246.09,0.35,25.87
2021-07-28 00:42:00,5.56,245.98,0.28,25.87
2021-07-28 00:44:00,5.609999999999999,245.77,0.34,25.87
2021-07-28 00:46:00,5.3100000000000005,246.94,0.3,25.87
2021-07-28 00:48:00,5.53,246.49,0.24,25.87
2021-07-28 00:50:00,5.5,247.69,0.26,25.87
2021-07-28 00:52:00,5.32,246.24,0.28,25.87
2021-07-28 00:54:00,5.33,245.29,0.35,25.87
2021-07-28 00:56:00,5.54,244.5,0.27,25.87
2021-07-28 00:58:00,5.25,244.75,0.28,25.87
2021-07-28 01:00:00,5.34,245.54,0.32,25.87
2021-07-28 01:02:00,4.81,246.13,0.11,25.87
2021-07-28 01:04:00,5.540000000000001,244.71,0.3,25.87
2021-07-28 01:06:00,5.48,246.2,0.34,25.87
2021-07-28 01:08:00,64.73,244.46,0.61,25.87
2021-07-28 01:10:00,5.92,246.4,0.29,25.87
2021-07-28 01:12:00,5.6,244.72,0.33,25.87
2021-07-28 01:14:00,5.550000000000001,243.68,0.34,25.87
2021-07-28 01:16:00,5.55,244.43,0.29,25.87
2021-07-28 01:20:00,5.26,244.33,0.28,25.94
2021-07-28 01:22:00,5.46,244.3,0.28,25.92
2021-07-28 01:24:00,5.33,244.99,0.35,25.92
2021-07-28 01:26:00,5.57,245.31,0.28,25.92
2021-07-28 01:28:00,5.550000000000001,245.7,0.31,25.92
2021-07-28 01:30:00,5.66,244.72,0.3,25.94
2021-07-28 01:32:00,5.55,245.96,0.35,25.94
2021-07-28 01:34:00,5.61,244.52,0.25,25.95
2021-07-28 01:36:00,5.51,245.32,0.3,25.95
2021-07-28 01:42:00,5.43,243.68,0.36,25.94
2021-07-28 01:44:00,5.2700000000000005,244.79,0.25,25.95
2021-07-28 01:46:00,5.52,245.21,0.3,25.94
2021-07-28 01:48:00,5.41,247.1,0.29,25.95
2021-07-28 01:50:00,5.63,244.99,0.33,25.95
2021-07-28 01:52:00,5.7,245.57,0.33,25.95
2021-07-28 01:54:00,5.64,243.95,0.36,25.95
2021-07-28 01:56:00,4.94,242.38,0.04,25.95
2021-07-28 01:58:00,5.74,243.76,0.3,25.96
2021-07-28 02:00:00,5.39,243.64,0.26,25.96
2021-07-28 02:02:00,5.43,242.82,0.32,25.96
2021-07-28 02:04:00,5.569999999999999,242.48,0.29,25.96
2021-07-28 02:06:00,5.390000000000001,241.79,0.36,25.97
2021-07-28 02:08:00,5.630000000000001,244.42,0.36,25.97
2021-07-28 02:10:00,4.77,244.27,0.11,25.98
2021-07-28 02:12:00,4.95,242.3,0.06,25.98
2021-07-28 02:14:00,5.54,241.81,0.35,25.98
2021-07-28 02:16:00,5.42,243.45,0.34,25.99
2021-07-28 02:18:00,5.43,245.48,0.31,25.99
2021-07-28 02:20:00,5.43,242.14,0.34,25.99
2021-07-28 02:22:00,5.3,241.99,0.34,26.0
2021-07-28 02:24:00,5.67,244.77,0.37,26.0
2021-07-28 02:26:00,5.48,242.7,0.32,26.0
2021-07-28 02:28:00,5.22,244.5,0.27,26.0
2021-07-28 02:30:00,5.4,242.51,0.3,26.0
2021-07-28 02:32:00,5.709999999999999,243.34,0.3,25.94
2021-07-28 02:34:00,5.65,242.92,0.31,25.94
2021-07-28 02:36:00,5.48,241.14,0.35,25.94
2021-07-28 02:38:00,5.5,243.9,0.31,25.94
2021-07-28 02:40:00,5.62,244.4,0.29,25.94
2021-07-28 02:44:00,5.48,242.78,0.26,25.94
2021-07-28 02:46:00,5.710000000000001,242.44,0.29,25.94
2021-07-28 02:48:00,5.48,243.57,0.34,25.94
2021-07-28 02:50:00,5.390000000000001,242.38,0.27,25.94
2021-07-28 02:52:00,5.55,243.36,0.27,25.94
2021-07-28 02:54:00,5.24,243.22,0.34,25.95
2021-07-28 02:58:00,5.54,241.67,0.27,25.94
2021-07-28 03:00:00,5.42,240.88,0.31,25.94
2021-07-28 03:02:00,5.65,242.11,0.29,25.94
2021-07-28 03:04:00,5.550000000000001,244.27,0.35,25.94
2021-07-28 03:06:00,5.449999999999999,245.16,0.32,25.94
2021-07-28 03:08:00,5.35,246.66,0.37,25.94
2021-07-28 03:10:00,5.3,244.33,0.36,25.94
2021-07-28 03:14:00,5.74,244.67,0.33,25.94
2021-07-28 03:16:00,5.59,244.39,0.29,25.94
2021-07-28 03:18:00,5.33,242.44,0.31,25.94
2021-07-28 03:20:00,5.67,242.94,0.36,25.94
2021-07-28 03:22:00,5.58,245.15,0.35,25.94
2021-07-28 03:24:00,5.49,242.75,0.28,25.95
2021-07-28 03:26:00,5.69,242.38,0.36,25.95
2021-07-28 03:28:00,5.57,247.51,0.25,25.95
2021-07-28 03:30:00,5.47,242.68,0.31,26.18
2021-07-28 03:32:00,5.5,243.58,0.36,26.09
2021-07-28 03:34:00,5.5,242.29,0.27,26.09
2021-07-28 03:36:00,5.55,241.55,0.31,26.09
2021-07-28 03:38:00,5.45,241.39,0.29,26.09
2021-07-28 03:40:00,5.43,241.37,0.33,26.1
2021-07-28 03:42:00,5.48,239.86,0.37,26.1
2021-07-28 03:44:00,5.69,241.55,0.32,26.1
2021-07-28 03:46:00,4.91,241.43,0.08,26.12
2021-07-28 03:48:00,4.65,242.98,0.13,26.13
2021-07-28 03:50:00,5.54,242.61,0.27,26.0
2021-07-28 03:52:00,5.42,243.35,0.26,26.0
2021-07-28 03:54:00,5.21,243.23,0.24,26.0
2021-07-28 03:56:00,5.66,242.02,0.35,26.0
2021-07-28 03:58:00,5.61,240.19,0.31,26.0
2021-07-28 04:00:00,5.46,240.58,0.32,26.0
2021-07-28 04:02:00,5.7,238.85,0.29,26.0
2021-07-28 04:04:00,5.66,242.09,0.34,26.0
2021-07-28 04:06:00,5.390000000000001,241.23,0.36,26.0
2021-07-28 04:08:00,5.609999999999999,241.13,0.35,26.0
2021-07-28 04:10:00,5.74,240.71,0.33,26.0
2021-07-28 04:12:00,5.33,240.47,0.27,26.0
2021-07-28 04:16:00,5.68,239.93,0.37,26.0
2021-07-28 04:18:00,5.42,237.69,0.3,26.0
2021-07-28 04:20:00,5.6000000000000005,239.85,0.33,26.0
2021-07-28 04:22:00,5.76,239.02,0.33,26.0
2021-07-28 04:24:00,5.52,239.5,0.33,26.0
2021-07-28 04:26:00,5.78,238.5,0.37,26.0
2021-07-28 04:28:00,5.44,239.38,0.32,26.0
2021-07-28 04:32:00,5.44,240.1,0.3,26.47
2021-07-28 04:34:00,5.680000000000001,240.47,0.34,26.18
2021-07-28 04:36:00,5.43,240.71,0.34,26.19
2021-07-28 04:38:00,5.49,239.18,0.31,26.2
2021-07-28 04:44:00,5.390000000000001,237.8,0.26,26.21
2021-07-28 04:46:00,5.36,235.63,0.27,26.21
2021-07-28 04:48:00,5.57,238.06,0.28,26.21
2021-07-28 04:50:00,5.63,238.97,0.29,26.22
2021-07-28 04:52:00,5.43,240.54,0.34,26.24
2021-07-28 04:54:00,5.359999999999999,241.86,0.29,26.24
2021-07-28 04:56:00,5.470000000000001,239.94,0.34,26.25
2021-07-28 06:52:00,5.140000000000001,244.63,-0.01,26.47
2021-07-28 06:58:00,10.21,242.19,0.17,26.48
2021-07-28 07:00:00,6.99,241.04,0.31,26.48
2021-07-28 07:02:00,5.93,242.35,0.29,26.48
2021-07-28 07:04:00,5.630000000000001,242.0,0.3,26.49
2021-07-28 07:06:00,5.67,241.37,0.31,26.51
2021-07-28 07:08:00,5.279999999999999,241.39,0.36,26.54
2021-07-28 07:10:00,5.45,244.33,0.33,26.58
2021-07-28 07:12:00,5.57,240.76,0.34,26.58
2021-07-28 07:14:00,5.43,241.34,0.34,26.59
2021-07-28 07:16:00,5.470000000000001,240.5,0.3,26.58
2021-07-28 07:18:00,5.540000000000001,240.43,0.35,26.58
2021-07-28 07:22:00,5.64,240.8,0.32,26.57
2021-07-28 07:24:00,5.5,240.49,0.34,26.54
2021-07-28 07:26:00,5.58,241.98,0.25,26.51
2021-07-28 07:28:00,5.63,242.66,0.25,26.48
2021-07-28 07:30:00,5.4,240.89,0.31,26.07
2021-07-28 07:32:00,5.590000000000001,241.74,0.34,26.47
2021-07-28 07:38:00,5.35,241.12,0.26,26.47
2021-07-28 07:40:00,5.49,242.29,0.27,26.47
2021-07-28 07:42:00,5.3100000000000005,243.62,0.33,26.47
2021-07-28 07:44:00,5.48,243.15,0.32,26.47
2021-07-28 07:46:00,5.48,241.54,0.29,26.47
2021-07-28 07:48:00,5.45,242.4,0.32,26.47
2021-07-28 07:50:00,5.65,240.53,0.34,26.47
2021-07-28 07:52:00,5.78,239.02,0.31,26.47
2021-07-28 07:54:00,5.35,241.23,0.38,26.47
2021-07-28 07:56:00,5.46,239.85,0.32,26.47
2021-07-28 07:58:00,5.61,239.78,0.34,26.47
2021-07-28 08:00:00,5.27,241.19,0.29,26.47
2021-07-28 08:02:00,7.45,241.8,0.21,26.47
2021-07-28 08:04:00,8.01,240.86,0.19,26.48
2021-07-28 08:06:00,7.77,240.22,0.29,26.48
2021-07-28 08:08:00,7.59,241.13,0.24,26.48
2021-07-28 08:10:00,7.71,242.32,0.23,26.48
2021-07-28 08:12:00,5.960000000000001,241.48,0.29,26.48
2021-07-28 08:14:00,5.91,240.49,0.33,26.48
2021-07-28 08:16:00,5.69,240.65,0.36,26.48
2021-07-28 08:18:00,5.470000000000001,239.39,0.28,26.48
2021-07-28 08:20:00,5.48,239.98,0.35,26.48
2021-07-28 08:22:00,5.52,238.86,0.31,26.48
2021-07-28 08:24:00,5.38,238.61,0.37,26.48
2021-07-28 08:26:00,8.25,239.06,0.22,26.48
2021-07-28 08:32:00,7.41,240.08,0.24,25.52
2021-07-28 08:34:00,5.9,237.94,0.27,25.52
2021-07-28 08:36:00,5.61,240.34,0.36,26.09
2021-07-28 08:38:00,5.629999999999999,239.59,0.33,26.11
2021-07-28 08:40:00,5.53,239.41,0.27,26.1
2021-07-28 08:42:00,5.2700000000000005,239.44,0.28,26.1
2021-07-28 08:44:00,5.7700000000000005,240.34,0.3,26.1
2021-07-28 08:46:00,5.53,239.85,0.33,26.09
2021-07-28 08:48:00,5.65,237.98,0.33,26.03
2021-07-28 08:54:00,6.18,238.77,0.28,25.98
2021-07-28 08:56:00,6.029999999999999,237.71,0.26,25.9
2021-07-28 08:58:00,5.6,238.13,0.28,25.87
2021-07-28 09:00:00,5.380000000000001,237.69,0.3,25.82
2021-07-28 09:02:00,5.79,240.69,0.24,25.77
2021-07-28 09:04:00,5.69,241.07,0.27,25.72
2021-07-28 09:06:00,5.59,242.58,0.37,25.69
2021-07-28 09:08:00,5.62,242.64,0.31,25.66
2021-07-28 09:10:00,5.68,241.09,0.35,25.63
2021-07-28 09:12:00,5.13,241.47,0.3,25.6
2021-07-28 09:14:00,5.83,241.18,0.34,25.6
2021-07-28 09:16:00,4.800000000000001,240.7,0.15,25.57
2021-07-28 09:18:00,5.4,240.61,0.3,25.56
2021-07-28 09:20:00,5.6,240.09,0.28,25.56
2021-07-28 09:22:00,5.59,241.48,0.29,25.56
2021-07-28 09:24:00,5.47,241.27,0.37,25.54
2021-07-28 09:26:00,5.74,243.63,0.31,25.54
2021-07-28 09:28:00,5.39,244.09,0.31,25.54
2021-07-28 09:32:00,5.32,238.96,0.32,25.52
2021-07-28 09:40:00,15.36,241.74,0.13,25.51
2021-07-28 09:42:00,10.13,241.73,0.17,25.51
2021-07-28 09:44:00,6.9,241.4,0.23,25.5
2021-07-28 09:48:00,4.76,245.34,0.05,25.5
2021-07-28 09:50:00,21.82,239.35,0.02,25.52
2021-07-28 09:54:00,10.33,238.04,0.17,25.52
2021-07-28 09:56:00,6.97,238.68,0.23,25.51
2021-07-28 09:58:00,6.02,237.77,0.23,25.52
2021-07-28 10:00:00,5.66,240.83,0.25,25.51
2021-07-28 10:02:00,5.3,239.53,0.31,25.51
2021-07-28 10:04:00,5.35,239.31,0.3,25.51
2021-07-28 10:06:00,5.800000000000001,239.85,0.31,25.51
2021-07-28 10:08:00,5.22,239.24,0.29,25.52
2021-07-28 10:10:00,5.65,241.98,0.33,25.53
2021-07-28 10:12:00,5.4,238.83,0.26,25.53
2021-07-28 10:14:00,5.470000000000001,239.19,0.35,25.53
2021-07-28 10:16:00,5.18,239.23,0.34,25.54
2021-07-28 10:18:00,5.62,239.56,0.29,25.57
2021-07-28 10:22:00,5.51,240.44,0.32,25.59
2021-07-28 10:24:00,5.57,239.19,0.26,25.59
2021-07-28 10:26:00,5.3,239.97,0.31,25.6
2021-07-28 10:30:00,5.53,240.67,0.25,25.56
2021-07-28 10:32:00,5.43,241.68,0.28,25.53
2021-07-28 10:34:00,5.34,240.64,0.3,25.53
2021-07-28 10:36:00,5.65,241.06,0.3,25.53
2021-07-28 10:38:00,5.46,242.8,0.33,25.53
2021-07-28 10:40:00,5.470000000000001,241.54,0.29,25.52
2021-07-28 10:42:00,5.63,241.84,0.37,25.52
2021-07-28 10:50:00,5.5200000000000005,242.97,0.31,25.53
2021-07-28 10:52:00,5.47,244.44,0.34,25.52
2021-07-28 10:54:00,5.68,240.71,0.32,25.5
2021-07-28 10:56:00,5.35,241.56,0.31,25.5
2021-07-28 11:00:00,5.59,241.22,0.37,25.5
2021-07-28 11:02:00,5.529999999999999,241.4,0.29,25.5
2021-07-28 11:06:00,5.25,242.44,0.31,25.47
2021-07-28 11:08:00,5.5,241.75,0.3,25.47
2021-07-28 11:10:00,5.83,240.45,0.32,25.46
2021-07-28 11:12:00,5.6000000000000005,241.27,0.35,25.46
2021-07-28 11:14:00,5.41,241.0,0.28,25.45
2021-07-28 11:18:00,5.39,240.03,0.32,25.45
2021-07-28 11:22:00,5.33,240.39,0.26,25.44
2021-07-28 11:26:00,5.34,239.09,0.3,25.43
2021-07-28 11:28:00,5.66,239.57,0.26,25.43
2021-07-28 11:30:00,5.619999999999999,239.55,0.33,25.38
2021-07-28 11:32:00,5.58,240.34,0.35,25.59
2021-07-28 11:34:00,5.619999999999999,241.63,0.34,25.59
2021-07-28 11:36:00,5.53,241.69,0.3,25.59
2021-07-28 11:38:00,5.63,242.01,0.32,25.59
2021-07-28 11:40:00,5.59,240.31,0.34,25.59
2021-07-28 11:42:00,5.279999999999999,239.93,0.28,25.59
2021-07-28 11:44:00,5.319999999999999,239.03,0.29,25.59
2021-07-28 11:46:00,5.45,239.79,0.3,25.58
2021-07-28 11:52:00,75.88000000000001,236.76,0.76,25.58
2021-07-28 11:54:00,5.34,243.14,0.32,25.58
2021-07-28 11:56:00,5.579999999999999,244.29,0.33,25.58
2021-07-28 11:58:00,5.51,245.08,0.28,25.58
2021-07-28 12:00:00,5.35,243.99,0.3,25.58
2021-07-28 12:02:00,5.720000000000001,242.42,0.32,25.58
2021-07-28 12:04:00,5.43,242.45,0.34,25.59
2021-07-28 12:06:00,5.4,243.51,0.31,25.58
2021-07-28 12:08:00,5.7700000000000005,244.08,0.31,25.56
2021-07-28 12:10:00,5.43,242.92,0.3,25.56
2021-07-28 12:12:00,5.78,243.72,0.34,25.56
2021-07-28 12:14:00,5.79,243.88,0.29,25.56
2021-07-28 12:16:00,5.34,245.15,0.34,25.56
2021-07-28 12:18:00,4.71,244.31,0.11,25.56
2021-07-28 12:20:00,4.78,243.89,0.03,25.56
2021-07-28 12:22:00,5.32,244.31,0.23,25.56
2021-07-28 12:24:00,5.36,244.31,0.3,25.56
2021-07-28 12:26:00,5.59,243.57,0.33,25.56
2021-07-28 12:28:00,5.7,241.69,0.21,25.56
2021-07-28 12:32:00,5.76,244.21,0.36,24.0
2021-07-28 12:34:00,5.380000000000001,244.16,0.29,24.77
2021-07-28 12:36:00,5.59,241.96,0.3,25.38
2021-07-28 12:38:00,5.62,242.62,0.34,25.31
2021-07-28 12:40:00,5.44,242.93,0.38,25.3
2021-07-28 12:42:00,5.59,243.02,0.32,25.3
2021-07-28 12:44:00,5.61,243.67,0.32,25.3
2021-07-28 12:46:00,5.5,242.7,0.3,25.3
2021-07-28 12:48:00,5.44,241.58,0.25,25.3
2021-07-28 12:50:00,5.68,241.31,0.28,25.3
2021-07-28 12:52:00,5.36,244.51,0.29,25.3
2021-07-28 12:54:00,5.609999999999999,244.82,0.34,25.3
2021-07-28 12:56:00,5.43,245.37,0.31,25.3
2021-07-28 12:58:00,5.33,244.42,0.28,25.3
2021-07-28 13:00:00,5.54,243.9,0.32,25.3
2021-07-28 13:02:00,5.44,242.33,0.38,25.3
2021-07-28 13:04:00,5.34,241.57,0.29,25.3
2021-07-28 13:06:00,5.41,241.12,0.24,25.3
2021-07-28 13:08:00,5.390000000000001,243.28,0.34,25.3
2021-07-28 13:10:00,5.45,244.4,0.25,25.3
2021-07-28 13:12:00,5.569999999999999,243.02,0.36,25.3
2021-07-28 13:14:00,5.38,242.93,0.22,25.3
2021-07-28 13:16:00,5.7,241.98,0.34,25.3
2021-07-28 13:18:00,5.57,241.95,0.26,25.3
2021-07-28 13:20:00,5.4,240.35,0.33,25.3
2021-07-28 13:22:00,5.39,238.85,0.3,25.3
2021-07-28 13:24:00,5.5600000000000005,239.55,0.34,25.3
2021-07-28 13:26:00,5.41,244.56,0.35,25.29
2021-07-28 13:28:00,5.52,243.04,0.28,25.29
2021-07-28 22:48:00,5.62,243.59,0.3,24.04
2021-07-28 22:52:00,5.32,243.6,0.3,23.98
2021-07-28 22:54:00,5.86,244.25,0.37,23.96
2021-07-28 22:56:00,5.59,246.08,0.24,23.96
2021-07-28 22:58:00,5.49,244.73,0.28,23.97
2021-07-28 23:00:00,5.77,245.76,0.33,23.98
2021-07-28 23:02:00,5.36,244.76,0.33,24.0
2021-07-28 23:04:00,5.709999999999999,245.57,0.31,24.0
2021-07-28 23:06:00,5.760000000000001,244.54,0.24,23.97
2021-07-28 23:08:00,5.41,244.33,0.29,23.95
2021-07-28 23:10:00,5.52,245.57,0.34,23.95
2021-07-28 23:12:00,5.31,245.88,0.3,23.96
2021-07-28 23:14:00,5.44,244.01,0.35,23.98
2021-07-28 23:16:00,5.41,243.73,0.26,24.0
2021-07-28 23:18:00,5.59,243.59,0.27,24.0
2021-07-28 23:22:00,5.680000000000001,243.4,0.28,23.99
2021-07-28 23:24:00,5.46,245.01,0.3,23.98
2021-07-28 23:26:00,5.74,245.17,0.32,23.95
2021-07-28 23:28:00,5.85,245.09,0.33,23.95
2021-07-28 23:30:00,5.39,243.83,0.3,23.94
2021-07-28 23:32:00,5.84,243.87,0.31,23.95
2021-07-28 23:34:00,5.52,242.44,0.35,23.96
2021-07-28 23:40:00,5.59,243.35,0.36,23.98
2021-07-28 23:42:00,5.65,243.59,0.29,23.96
2021-07-28 23:44:00,5.62,243.69,0.3,23.93
2021-07-28 23:46:00,5.470000000000001,244.74,0.36,23.92
2021-07-28 23:48:00,5.460000000000001,243.29,0.29,23.91
2021-07-28 23:50:00,5.88,244.49,0.34,23.91
2021-07-28 23:52:00,5.3,242.7,0.27,23.92
2021-07-28 23:54:00,5.75,242.58,0.34,23.94
2021-07-28 23:56:00,5.65,243.88,0.25,23.95
2021-07-28 23:58:00,5.46,244.04,0.28,23.95
2021-07-29 00:00:00,5.47,244.93,0.27,23.95
2021-07-29 00:02:00,5.83,243.34,0.3,23.92
2021-07-29 00:04:00,5.699999999999999,244.31,0.32,23.9
2021-07-29 00:06:00,5.6,243.18,0.36,23.9
2021-07-29 00:08:00,5.48,243.32,0.29,23.91
2021-07-29 00:10:00,5.640000000000001,242.47,0.36,23.92
2021-07-29 00:12:00,5.65,242.51,0.29,23.95
2021-07-29 00:14:00,5.529999999999999,243.08,0.38,23.95
2021-07-29 00:16:00,5.5,244.53,0.34,23.96
2021-07-29 00:18:00,5.44,244.4,0.28,23.95
2021-07-29 00:20:00,5.62,243.96,0.33,23.92
2021-07-29 00:22:00,5.62,245.08,0.38,23.91
2021-07-29 00:24:00,5.44,243.81,0.31,23.9
2021-07-29 00:26:00,5.38,242.89,0.3,23.89
2021-07-29 00:32:00,5.43,243.97,0.27,23.94
2021-07-29 00:34:00,5.58,243.0,0.27,23.94
2021-07-29 00:36:00,5.51,246.0,0.27,23.94
2021-07-29 00:40:00,5.62,244.08,0.25,23.94
2021-07-29 00:46:00,4.8100000000000005,242.68,0.16,23.91
2021-07-29 00:48:00,5.57,242.43,0.28,23.92
2021-07-29 00:50:00,5.48,243.89,0.34,23.95
2021-07-29 00:52:00,5.45,241.76,0.23,23.95
2021-07-29 00:54:00,5.609999999999999,243.74,0.28,23.94
2021-07-29 00:56:00,5.57,244.35,0.29,23.91
2021-07-29 00:58:00,5.3500000000000005,244.54,0.28,23.9
2021-07-29 01:00:00,5.65,244.4,0.32,23.89
2021-07-29 01:02:00,5.529999999999999,242.48,0.35,23.9
2021-07-29 01:04:00,5.49,242.04,0.3,23.89
2021-07-29 01:06:00,5.73,241.21,0.26,23.94
2021-07-29 01:08:00,5.7,242.06,0.29,23.94
2021-07-29 01:10:00,5.5200000000000005,242.41,0.24,23.94
2021-07-29 01:12:00,5.819999999999999,243.23,0.34,23.94
2021-07-29 01:14:00,5.6,241.32,0.29,23.94
2021-07-29 01:16:00,5.47,242.99,0.33,23.94
2021-07-29 01:18:00,5.0,243.17,0.03,23.94
2021-07-29 01:20:00,5.75,241.77,0.27,23.94
2021-07-29 01:24:00,5.73,245.0,0.35,23.93
2021-07-29 01:26:00,5.78,243.0,0.35,23.95
2021-07-29 01:28:00,5.44,242.81,0.26,23.95
2021-07-29 01:30:00,5.77,244.72,0.35,24.04
2021-07-29 01:32:00,5.71,246.25,0.32,23.94
2021-07-29 01:34:00,5.37,244.84,0.28,23.94
2021-07-29 01:36:00,5.59,245.99,0.26,23.94
2021-07-29 01:38:00,5.550000000000001,244.29,0.26,23.93
2021-07-29 01:40:00,5.79,243.23,0.33,23.93
2021-07-29 01:42:00,5.59,242.61,0.27,23.93
2021-07-29 01:46:00,5.73,243.09,0.34,23.92
2021-07-29 01:48:00,4.8500000000000005,244.12,0.08,23.92
2021-07-29 01:50:00,4.86,244.23,0.01,23.92
2021-07-29 01:52:00,5.43,242.08,0.29,23.92
2021-07-29 01:54:00,5.37,244.01,0.29,23.92
2021-07-29 01:56:00,5.53,245.24,0.27,23.92
2021-07-29 01:58:00,5.5200000000000005,242.2,0.33,23.92
2021-07-29 02:00:00,5.49,243.13,0.36,23.92
2021-07-29 02:02:00,5.65,243.5,0.36,23.92
2021-07-29 02:04:00,5.66,243.41,0.27,23.92
2021-07-29 02:06:00,5.49,243.82,0.33,23.92
2021-07-29 02:08:00,5.78,245.29,0.29,23.92
2021-07-29 02:10:00,4.91,249.72,0.07,23.93
2021-07-29 02:12:00,21.88,245.63,0.04,23.93
2021-07-29 02:14:00,15.29,246.27,0.16,23.93
2021-07-29 02:16:00,10.26,244.98,0.21,23.93
2021-07-29 02:18:00,6.96,245.02,0.22,23.93
2021-07-29 02:20:00,5.95,244.64,0.25,23.93
2021-07-29 02:22:00,5.66,244.66,0.29,23.93
2021-07-29 02:24:00,5.73,244.64,0.28,23.93
2021-07-29 02:28:00,4.71,245.85,0.08,23.94
2021-07-29 02:30:00,4.48,244.68,0.02,23.99
2021-07-29 02:32:00,5.34,245.6,0.27,23.99
2021-07-29 02:34:00,5.68,245.46,0.27,24.0
2021-07-29 02:36:00,5.75,245.35,0.34,24.02
2021-07-29 02:42:00,21.78,245.3,0.02,24.06
2021-07-29 02:44:00,14.92,242.53,0.11,24.08
2021-07-29 02:46:00,10.27,242.26,0.17,24.09
2021-07-29 02:48:00,6.65,244.5,0.21,24.11
2021-07-29 02:50:00,6.26,243.85,0.3,24.14
2021-07-29 02:52:00,5.74,243.76,0.29,24.14
2021-07-29 02:54:00,5.42,242.21,0.37,24.14
2021-07-29 02:56:00,5.73,241.94,0.34,24.14
2021-07-29 02:58:00,5.7,242.48,0.28,24.13
2021-07-29 03:00:00,5.57,243.75,0.34,24.12
2021-07-29 03:02:00,5.72,243.26,0.27,24.12
2021-07-29 03:04:00,5.5600000000000005,244.83,0.26,24.08
2021-07-29 03:06:00,5.52,242.4,0.3,24.08
2021-07-29 03:08:00,5.58,243.6,0.27,24.09
2021-07-29 03:10:00,5.640000000000001,241.64,0.35,24.11
2021-07-29 03:12:00,5.8500000000000005,239.98,0.38,24.14
2021-07-29 03:14:00,5.7,239.8,0.36,24.15
2021-07-29 03:16:00,4.65,242.2,0.1,24.15
2021-07-29 03:18:00,4.98,242.03,0.12,24.15
2021-07-29 03:20:00,5.63,239.92,0.31,24.14
2021-07-29 03:22:00,5.59,242.7,0.29,24.13
2021-07-29 03:24:00,5.81,242.11,0.34,24.12
2021-07-29 03:26:00,5.67,240.84,0.34,24.13
2021-07-29 03:28:00,5.44,242.68,0.34,24.14
2021-07-29 03:30:00,5.699999999999999,242.73,0.32,24.2
2021-07-29 03:32:00,5.7700000000000005,243.58,0.28,24.2
2021-07-29 03:34:00,5.44,241.98,0.29,24.21
2021-07-29 03:36:00,5.62,242.3,0.3,24.22
2021-07-29 03:38:00,5.63,242.2,0.29,24.21
2021-07-29 03:40:00,5.38,243.25,0.3,24.19
2021-07-29 03:42:00,5.71,246.14,0.34,24.17
2021-07-29 03:44:00,5.29,245.81,0.26,24.18
2021-07-29 03:46:00,5.41,244.84,0.31,24.18
2021-07-29 03:48:00,5.62,244.16,0.36,24.19
2021-07-29 03:50:00,5.35,243.31,0.32,23.99
2021-07-29 03:52:00,5.550000000000001,243.27,0.29,23.99
2021-07-29 03:54:00,5.83,243.43,0.38,23.99
2021-07-29 03:56:00,5.45,242.54,0.28,23.99
2021-07-29 03:58:00,5.65,242.52,0.34,23.99
2021-07-29 04:00:00,5.5600000000000005,244.96,0.26,23.99
2021-07-29 04:04:00,5.67,242.88,0.35,23.99
2021-07-29 04:06:00,5.53,244.76,0.33,23.99
2021-07-29 04:08:00,5.44,241.67,0.23,23.99
2021-07-29 04:10:00,5.79,244.72,0.32,23.99
2021-07-29 04:12:00,5.55,243.76,0.28,23.99
2021-07-29 04:14:00,5.66,242.37,0.29,23.99
2021-07-29 04:16:00,5.54,242.76,0.31,23.99
2021-07-29 04:18:00,5.33,242.33,0.27,23.99
2021-07-29 04:20:00,5.65,243.62,0.31,23.99
2021-07-29 04:22:00,5.44,243.47,0.31,23.99
2021-07-29 04:24:00,5.67,245.03,0.33,23.99
2021-07-29 04:26:00,5.77,244.84,0.34,23.99
2021-07-29 04:28:00,5.66,244.06,0.36,23.99
2021-07-29 04:32:00,5.55,241.82,0.36,24.24
2021-07-29 04:36:00,5.529999999999999,239.99,0.31,24.17
2021-07-29 04:38:00,5.32,241.19,0.3,24.17
2021-07-29 04:40:00,5.569999999999999,238.39,0.26,24.17
2021-07-29 04:44:00,5.58,240.2,0.34,24.26
2021-07-29 04:46:00,5.680000000000001,238.64,0.33,24.25
2021-07-29 04:48:00,5.37,239.2,0.29,24.25
2021-07-29 04:50:00,5.720000000000001,238.45,0.3,24.24
2021-07-29 04:52:00,5.32,240.56,0.29,24.24
2021-07-29 04:54:00,5.680000000000001,241.32,0.28,24.24
2021-07-29 04:56:00,5.56,241.13,0.33,24.17
2021-07-29 04:58:00,5.69,241.22,0.32,24.17
2021-07-29 05:00:00,5.41,241.12,0.29,24.17
2021-07-29 05:02:00,5.58,240.52,0.3,24.17
2021-07-29 05:04:00,5.78,239.18,0.33,24.17
2021-07-29 05:06:00,5.47,239.65,0.35,24.17
2021-07-29 05:08:00,5.6,238.82,0.28,24.17
2021-07-29 05:10:00,4.8,243.08,0.03,24.17
2021-07-29 05:12:00,5.55,241.3,0.32,24.17
2021-07-29 05:14:00,5.549999999999999,242.18,0.31,24.17
2021-07-29 05:16:00,5.49,240.24,0.32,24.17
2021-07-29 05:18:00,5.289999999999999,240.91,0.29,24.17
2021-07-29 05:20:00,5.74,241.43,0.31,24.2
2021-07-29 05:22:00,5.699999999999999,239.42,0.32,24.2
2021-07-29 05:24:00,5.53,240.48,0.25,24.2
2021-07-29 05:26:00,5.6000000000000005,239.6,0.34,24.2
2021-07-29 05:28:00,5.39,240.56,0.28,24.2
2021-07-29 05:30:00,5.68,240.39,0.34,24.41
2021-07-29 05:32:00,5.76,240.7,0.31,24.24
2021-07-29 05:34:00,5.33,239.89,0.28,24.24
2021-07-29 05:36:00,5.49,239.97,0.27,24.24
2021-07-29 05:38:00,4.87,241.01,0.05,24.24
2021-07-29 05:40:00,4.72,240.06,0.08,24.24
2021-07-29 05:42:00,5.53,241.8,0.36,24.24
2021-07-29 05:46:00,5.42,240.4,0.3,24.24
2021-07-29 06:32:00,5.85,240.8,0.3,24.38
2021-07-29 06:36:00,5.640000000000001,240.52,0.38,24.4
2021-07-29 06:38:00,5.86,241.43,0.32,24.41
2021-07-29 06:40:00,5.700000000000001,242.44,0.29,24.32
2021-07-29 06:42:00,5.390000000000001,242.79,0.32,24.32
2021-07-29 06:44:00,5.49,241.44,0.3,24.32
2021-07-29 06:46:00,5.54,243.45,0.34,24.32
2021-07-29 06:48:00,5.73,243.97,0.35,24.32
2021-07-29 06:50:00,5.680000000000001,241.61,0.32,24.32
2021-07-29 06:52:00,5.8100000000000005,242.16,0.32,24.31
2021-07-29 06:56:00,5.22,245.08,0.29,24.31
2021-07-29 06:58:00,5.8100000000000005,243.52,0.37,24.31
2021-07-29 07:00:00,5.51,242.86,0.26,24.31
2021-07-29 07:04:00,5.49,242.5,0.26,24.32
2021-07-29 07:06:00,5.72,243.67,0.31,24.32
2021-07-29 07:08:00,5.65,240.52,0.29,24.31
2021-07-29 07:10:00,5.51,244.03,0.31,24.31
2021-07-29 07:12:00,5.91,243.72,0.29,24.31
2021-07-29 07:14:00,5.5600000000000005,243.66,0.28,24.29
2021-07-29 07:16:00,5.68,243.69,0.37,24.29
2021-07-29 07:18:00,5.83,240.21,0.33,24.29
2021-07-29 07:20:00,5.63,241.41,0.32,24.29
2021-07-29 07:22:00,5.38,242.53,0.35,24.29
2021-07-29 07:24:00,5.52,242.83,0.27,24.29
2021-07-29 07:26:00,5.2700000000000005,241.46,0.27,24.29
2021-07-29 07:28:00,5.64,240.26,0.34,24.29
2021-07-29 07:30:00,5.65,241.33,0.26,24.41
2021-07-29 07:32:00,5.629999999999999,242.66,0.38,24.4
2021-07-29 07:38:00,5.66,241.75,0.26,24.38
2021-07-29 07:42:00,5.65,243.25,0.27,24.37
2021-07-29 07:44:00,5.71,241.61,0.3,24.35
2021-07-29 07:46:00,5.470000000000001,243.77,0.26,24.35
2021-07-29 07:48:00,5.66,244.37,0.28,24.35
2021-07-29 07:56:00,5.66,239.34,0.28,24.38
2021-07-29 07:58:00,5.3500000000000005,241.54,0.27,24.39
2021-07-29 08:00:00,5.57,241.42,0.31,24.39
2021-07-29 08:02:00,5.699999999999999,241.4,0.29,24.4
2021-07-29 08:04:00,5.47,241.18,0.32,24.4
2021-07-29 08:06:00,5.48,240.41,0.28,24.4
2021-07-29 08:08:00,5.83,240.5,0.33,24.4
2021-07-29 08:12:00,5.659999999999999,241.53,0.37,24.41
2021-07-29 08:16:00,5.390000000000001,242.02,0.33,24.4
2021-07-29 08:18:00,5.56,238.71,0.27,24.4
2021-07-29 08:22:00,5.470000000000001,242.41,0.3,24.39
2021-07-29 08:24:00,5.8,243.24,0.3,24.38
2021-07-29 08:26:00,5.6000000000000005,241.84,0.3,24.38
2021-07-29 08:28:00,5.510000000000001,242.93,0.31,24.37
2021-07-29 08:32:00,5.890000000000001,240.56,0.32,24.46
2021-07-29 08:34:00,5.78,240.14,0.33,24.43
2021-07-29 08:36:00,5.699999999999999,239.88,0.29,24.41
2021-07-29 08:38:00,5.6,239.88,0.29,24.42
2021-07-29 08:40:00,5.63,238.53,0.28,24.43
2021-07-29 08:42:00,5.8100000000000005,237.97,0.33,24.43
2021-07-29 08:44:00,5.37,241.94,0.32,24.43
2021-07-29 08:46:00,5.47,240.6,0.29,24.43
2021-07-29 08:48:00,5.65,243.27,0.27,24.43
2021-07-29 08:50:00,5.680000000000001,240.68,0.36,24.42
2021-07-29 08:52:00,5.44,242.92,0.34,24.42
2021-07-29 08:54:00,5.35,241.59,0.3,24.42
2021-07-29 08:56:00,5.58,240.41,0.32,24.41
2021-07-29 08:58:00,5.25,241.4,0.31,24.42
2021-07-29 09:00:00,5.74,239.69,0.36,24.44
2021-07-29 09:02:00,5.57,242.17,0.25,24.46
2021-07-29 09:52:00,5.48,239.28,0.24,24.44
2021-07-29 09:58:00,5.69,240.4,0.34,24.49
2021-07-29 10:00:00,5.76,239.94,0.33,24.49
2021-07-29 10:02:00,5.369999999999999,239.66,0.37,24.49
2021-07-29 10:04:00,5.51,241.26,0.31,24.48
2021-07-29 10:06:00,5.73,240.76,0.33,24.49
2021-07-29 10:08:00,5.569999999999999,238.83,0.26,24.48
2021-07-29 10:10:00,5.6,236.95,0.25,24.48
2021-07-29 10:12:00,5.4,238.9,0.28,24.46
2021-07-29 10:14:00,5.49,239.13,0.34,24.44
2021-07-29 10:18:00,5.71,241.33,0.28,24.43
2021-07-29 10:22:00,5.45,239.58,0.31,24.42
2021-07-29 10:24:00,5.51,239.78,0.21,24.41
2021-07-29 10:26:00,5.68,239.87,0.32,24.4
2021-07-29 10:28:00,5.47,240.63,0.3,24.4
2021-07-29 10:32:00,5.54,240.77,0.36,24.46
2021-07-29 10:34:00,5.7700000000000005,240.42,0.31,24.44
2021-07-29 10:40:00,5.54,237.77,0.32,24.43
2021-07-29 10:42:00,5.61,238.46,0.27,24.41
2021-07-29 10:44:00,5.45,239.58,0.25,24.43
2021-07-29 10:46:00,5.42,239.24,0.32,24.43
2021-07-29 10:48:00,5.43,239.57,0.27,24.43
2021-07-29 10:52:00,5.39,239.64,0.31,24.35
2021-07-29 10:54:00,5.82,238.52,0.4,24.43
2021-07-29 10:56:00,5.72,238.95,0.35,24.43
2021-07-29 10:58:00,5.52,238.18,0.3,24.43
2021-07-29 11:00:00,5.52,238.85,0.27,24.43
2021-07-29 11:02:00,5.75,241.53,0.33,24.43
2021-07-29 11:04:00,5.65,239.57,0.33,24.43
2021-07-29 11:06:00,5.58,238.66,0.22,24.43
2021-07-29 11:08:00,5.789999999999999,237.95,0.35,24.46
2021-07-29 11:10:00,75.47999999999999,235.0,0.77,24.46
2021-07-29 11:12:00,5.85,238.22,0.27,24.49
2021-07-29 11:14:00,5.73,238.53,0.29,24.49
2021-07-29 11:16:00,5.43,237.99,0.34,24.49
2021-07-29 11:18:00,5.52,238.93,0.35,24.49
2021-07-29 11:20:00,5.56,239.7,0.29,24.49
2021-07-29 11:22:00,5.65,239.31,0.35,24.49
2021-07-29 11:28:00,4.91,242.92,0.09,24.49
2021-07-29 11:30:00,5.73,242.75,0.33,24.37
2021-07-29 11:32:00,5.82,242.56,0.26,24.36
2021-07-29 11:34:00,5.57,242.72,0.27,24.36
2021-07-29 11:36:00,5.720000000000001,243.2,0.33,24.37
2021-07-29 11:38:00,5.7,243.78,0.33,24.36
2021-07-29 11:40:00,5.640000000000001,243.85,0.35,24.36
2021-07-29 11:42:00,5.48,243.03,0.26,24.36
2021-07-29 11:44:00,5.58,243.06,0.31,24.35
2021-07-29 11:46:00,5.62,243.82,0.27,24.35
2021-07-29 11:48:00,5.57,245.73,0.29,24.33
2021-07-29 11:50:00,5.69,245.51,0.28,24.33
2021-07-29 11:52:00,5.59,243.28,0.34,24.33
2021-07-29 11:54:00,5.46,244.06,0.32,24.34
2021-07-29 11:56:00,5.75,243.72,0.34,24.34
2021-07-29 11:58:00,5.52,242.39,0.29,24.36
2021-07-29 12:00:00,5.59,242.43,0.35,24.37
2021-07-29 12:02:00,5.62,243.03,0.33,24.38
2021-07-29 12:04:00,5.65,244.18,0.32,24.37
2021-07-29 12:06:00,5.54,244.76,0.33,24.38
2021-07-29 12:08:00,5.34,242.65,0.29,24.37
2021-07-29 12:10:00,5.74,243.31,0.28,24.36
2021-07-29 12:12:00,5.609999999999999,242.68,0.3,24.36
2021-07-29 12:14:00,5.43,243.45,0.31,24.34
2021-07-29 12:16:00,5.720000000000001,244.37,0.25,24.46
2021-07-29 12:18:00,5.63,244.76,0.27,24.46
2021-07-29 12:20:00,5.6,244.29,0.27,24.46
2021-07-29 12:26:00,5.6000000000000005,242.75,0.25,24.33
2021-07-29 12:28:00,5.66,244.64,0.31,24.34
2021-07-29 12:32:00,5.54,242.13,0.3,24.34
2021-07-29 12:34:00,5.54,241.87,0.3,24.34
2021-07-29 12:38:00,5.75,242.17,0.33,24.31
2021-07-29 12:40:00,5.699999999999999,241.38,0.25,24.37
2021-07-29 12:42:00,5.61,242.44,0.35,24.37
2021-07-29 12:44:00,5.48,241.42,0.31,24.36
2021-07-29 12:46:00,5.51,242.23,0.28,24.36
2021-07-29 12:48:00,5.46,241.95,0.27,24.36
2021-07-29 12:50:00,5.76,242.6,0.33,24.36
2021-07-29 12:54:00,5.57,242.59,0.31,24.37
2021-07-29 12:56:00,5.8,240.16,0.3,24.37
2021-07-29 12:58:00,5.58,241.49,0.35,24.37
2021-07-29 13:00:00,5.47,241.19,0.29,24.36
2021-07-29 13:02:00,5.57,241.78,0.29,24.36
2021-07-29 13:04:00,5.59,242.67,0.31,24.36
2021-07-29 13:06:00,5.74,241.89,0.31,24.36
2021-07-29 13:08:00,5.8,241.87,0.29,24.36
2021-07-29 13:10:00,5.67,241.14,0.36,24.36
2021-07-29 13:12:00,5.57,240.3,0.32,24.36
2021-07-29 13:14:00,5.77,241.54,0.31,24.36
2021-07-29 13:16:00,5.54,240.11,0.34,24.36
2021-07-29 13:18:00,5.65,240.75,0.34,24.36
2021-07-29 13:20:00,5.5200000000000005,241.8,0.27,24.37
2021-07-29 13:22:00,5.49,242.28,0.27,24.37
2021-07-29 13:24:00,5.69,241.47,0.25,24.36
2021-07-29 13:26:00,5.6,240.21,0.26,24.36
2021-07-29 13:28:00,5.43,240.76,0.33,24.37
2021-07-29 13:30:00,5.66,240.99,0.28,24.27
2021-07-29 13:32:00,5.69,241.96,0.25,24.26
2021-07-29 13:34:00,5.51,242.64,0.31,24.26
2021-07-29 13:36:00,5.75,242.08,0.36,24.25
2021-07-29 13:38:00,5.72,240.19,0.31,24.22
2021-07-29 13:40:00,5.54,240.77,0.31,24.22
2021-07-29 13:44:00,5.02,240.13,0.1,24.23
2021-07-29 13:46:00,5.640000000000001,240.3,0.33,24.23
2021-07-29 13:48:00,5.65,239.81,0.3,24.25
2021-07-29 13:50:00,5.4,242.16,0.27,24.34
2021-07-29 13:52:00,4.8100000000000005,242.3,0.09,24.34
2021-07-29 13:54:00,5.75,241.03,0.3,24.34
2021-07-29 13:56:00,5.6,243.62,0.32,24.33
2021-07-29 13:58:00,5.83,241.38,0.31,24.33
2021-07-29 14:00:00,5.71,241.05,0.3,24.31
2021-07-29 14:02:00,5.65,242.89,0.35,24.31
2021-07-29 14:04:00,5.8100000000000005,241.33,0.34,24.29
2021-07-29 14:06:00,73.95,239.28,0.77,24.29
2021-07-29 14:08:00,5.46,241.73,0.31,24.31
2021-07-29 14:10:00,5.539999999999999,243.82,0.31,24.29
2021-07-29 14:12:00,5.46,243.45,0.29,24.29
2021-07-29 14:14:00,5.65,241.92,0.31,24.31
2021-07-29 14:16:00,5.789999999999999,242.71,0.27,24.31
2021-07-29 14:18:00,5.78,244.29,0.37,24.31
2021-07-29 14:20:00,5.65,244.35,0.28,24.31
2021-07-29 14:22:00,5.67,243.93,0.37,24.29
2021-07-29 14:24:00,5.66,241.1,0.33,24.29
2021-07-29 14:26:00,5.61,240.88,0.32,24.29
2021-07-29 14:32:00,5.72,243.03,0.34,24.14
2021-07-29 14:34:00,5.46,243.12,0.34,24.27
2021-07-29 14:36:00,5.76,241.61,0.36,24.27
2021-07-29 14:40:00,5.52,241.37,0.3,24.27
2021-07-29 14:44:00,5.75,242.19,0.32,24.27
2021-07-29 14:46:00,5.47,242.66,0.27,24.27
2021-07-29 14:48:00,5.52,242.67,0.3,24.27
2021-07-29 14:50:00,5.539999999999999,242.67,0.27,24.27
2021-07-29 14:52:00,5.44,243.85,0.23,24.27
2021-07-29 14:54:00,5.83,243.65,0.37,24.27
2021-07-29 14:56:00,5.67,242.57,0.32,24.27
2021-07-29 14:58:00,5.7,242.52,0.31,24.26
2021-07-29 15:00:00,5.74,243.01,0.29,24.26
2021-07-29 15:02:00,5.58,242.2,0.36,24.26
2021-07-29 15:04:00,5.48,242.52,0.27,24.26
2021-07-29 15:06:00,5.6000000000000005,244.22,0.37,24.26
2021-07-29 15:08:00,5.36,241.95,0.36,24.26
2021-07-29 15:10:00,5.67,243.08,0.32,24.26
2021-07-29 15:12:00,5.55,243.25,0.25,24.27
2021-07-29 15:14:00,5.37,244.97,0.27,24.26
2021-07-29 15:16:00,5.78,244.64,0.27,24.26
2021-07-29 15:18:00,5.54,243.82,0.27,24.26
2021-07-29 15:20:00,5.84,244.63,0.35,24.26
2021-07-29 15:22:00,5.59,245.15,0.25,24.26
2021-07-29 15:24:00,5.48,243.72,0.35,24.26
2021-07-29 15:26:00,5.73,244.13,0.29,24.26
2021-07-29 15:28:00,5.640000000000001,244.35,0.36,24.26
2021-07-29 15:30:00,5.34,244.51,0.27,24.15
2021-07-29 15:32:00,5.56,244.67,0.34,24.14
2021-07-29 15:34:00,5.8100000000000005,244.11,0.35,24.18
2021-07-29 15:36:00,5.5200000000000005,243.72,0.35,24.18
2021-07-29 15:38:00,5.66,242.87,0.23,24.18
2021-07-29 15:40:00,5.590000000000001,243.66,0.32,24.17
2021-07-29 15:42:00,4.92,242.36,0.02,24.17
2021-07-29 15:44:00,4.94,244.15,0.04,24.17
2021-07-29 15:46:00,5.67,245.54,0.37,24.14
2021-07-29 15:52:00,5.58,244.29,0.34,24.12
2021-07-29 15:54:00,5.64,244.59,0.27,24.11
2021-07-29 15:56:00,5.62,243.14,0.33,24.12
2021-07-29 15:58:00,5.42,243.12,0.35,24.15
2021-07-29 16:00:00,5.42,244.63,0.3,24.15
2021-07-29 16:02:00,5.61,243.89,0.37,24.15
2021-07-29 16:04:00,5.34,244.79,0.3,24.15
2021-07-29 16:06:00,5.49,244.85,0.33,24.15
2021-07-29 16:08:00,5.54,245.41,0.29,24.15
2021-07-29 16:10:00,5.5,245.35,0.33,24.15
2021-07-29 16:12:00,5.63,244.25,0.27,24.15
2021-07-29 16:16:00,5.7,243.72,0.34,24.13
2021-07-29 16:18:00,5.66,243.69,0.35,24.11
2021-07-29 16:20:00,5.65,243.91,0.32,24.11
2021-07-29 16:22:00,4.75,244.58,0.1,24.12
2021-07-29 16:26:00,5.619999999999999,245.8,0.36,24.14
2021-07-29 16:28:00,5.300000000000001,246.47,0.34,24.14
2021-07-29 16:32:00,4.87,245.55,0.09,24.15
2021-07-29 16:38:00,5.61,243.39,0.31,24.15
2021-07-29 16:40:00,5.81,240.74,0.28,24.14
2021-07-29 16:42:00,5.73,242.63,0.32,24.14
2021-07-29 16:44:00,5.909999999999999,240.97,0.36,24.11
2021-07-29 16:46:00,5.03,242.94,0.15,24.12
2021-07-29 16:48:00,4.75,243.5,0.03,24.14
2021-07-29 16:50:00,5.54,241.85,0.28,24.17
2021-07-29 16:52:00,5.54,241.31,0.29,24.17
2021-07-29 16:54:00,5.63,240.71,0.29,24.17
2021-07-29 16:56:00,5.57,240.7,0.28,24.17
2021-07-29 16:58:00,5.779999999999999,243.37,0.34,24.13
2021-07-29 17:00:00,5.8,241.89,0.33,24.13
2021-07-29 17:02:00,5.67,243.73,0.34,24.14
2021-07-29 17:04:00,5.67,242.34,0.32,24.14
2021-07-29 17:06:00,5.69,243.16,0.26,24.14
2021-07-29 17:08:00,5.65,241.86,0.3,24.14
2021-07-29 17:10:00,5.34,241.75,0.25,24.14
2021-07-29 17:12:00,5.709999999999999,242.8,0.35,24.14
2021-07-29 17:14:00,5.37,243.74,0.31,24.18
2021-07-29 17:16:00,5.73,242.68,0.33,24.18
2021-07-29 17:18:00,5.81,243.27,0.37,24.18
2021-07-29 17:20:00,5.7,242.63,0.35,24.18
2021-07-29 17:22:00,5.670000000000001,242.47,0.28,24.18
2021-07-29 17:24:00,5.800000000000001,243.33,0.35,24.18
2021-07-29 17:26:00,5.56,243.26,0.26,24.18
2021-07-29 17:28:00,5.670000000000001,243.64,0.28,24.18
2021-07-29 17:30:00,5.62,243.74,0.27,24.07
2021-07-29 17:32:00,5.6000000000000005,244.73,0.33,24.08
2021-07-29 17:34:00,5.69,242.8,0.34,24.1
2021-07-29 17:36:00,5.609999999999999,242.65,0.34,24.1
2021-07-29 17:38:00,5.380000000000001,243.36,0.34,24.12
2021-07-29 17:40:00,5.680000000000001,243.72,0.34,24.13
2021-07-29 17:46:00,5.69,242.34,0.29,24.12
2021-07-29 17:50:00,4.95,241.04,0.08,24.12
2021-07-29 17:52:00,5.5,243.81,0.32,24.12
2021-07-29 17:54:00,5.69,243.07,0.36,24.1
2021-07-29 17:56:00,5.58,243.36,0.29,24.15
2021-07-29 17:58:00,5.4,243.99,0.34,24.15
2021-07-29 18:00:00,5.529999999999999,242.53,0.32,24.15
2021-07-29 18:02:00,5.5600000000000005,243.57,0.33,24.15
2021-07-29 18:04:00,5.67,243.23,0.23,24.15
2021-07-29 18:06:00,5.6,243.17,0.31,24.15
2021-07-29 18:08:00,5.779999999999999,244.35,0.29,24.15
2021-07-29 18:10:00,5.54,244.04,0.28,24.15
2021-07-29 18:12:00,5.68,245.59,0.36,24.15
2021-07-29 18:14:00,5.54,245.22,0.31,24.15
2021-07-29 18:16:00,5.8,245.49,0.29,24.15
2021-07-29 18:18:00,5.57,244.08,0.3,24.15
2021-07-29 18:20:00,5.62,246.22,0.33,24.15
2021-07-29 18:22:00,5.42,244.14,0.31,24.15
2021-07-29 18:24:00,5.7,244.17,0.31,24.15
2021-07-29 18:26:00,5.619999999999999,244.05,0.24,24.15
2021-07-29 18:28:00,5.34,243.44,0.27,24.15
2021-07-29 18:30:00,5.63,243.89,0.28,24.11
2021-07-29 18:32:00,5.42,244.39,0.25,24.07
2021-07-29 18:34:00,5.67,244.58,0.24,24.07
2021-07-29 18:36:00,4.82,245.72,0.04,24.07
2021-07-29 18:38:00,4.74,245.98,0.01,24.07
2021-07-29 18:40:00,5.74,244.42,0.24,24.07
2021-07-29 18:42:00,5.609999999999999,244.4,0.28,24.07
2021-07-29 18:46:00,5.41,242.94,0.26,24.07
2021-07-29 18:48:00,5.7700000000000005,243.62,0.24,24.07
2021-07-29 18:50:00,5.380000000000001,244.51,0.24,24.07
2021-07-29 18:52:00,5.38,244.62,0.32,24.08
2021-07-29 18:54:00,5.74,244.45,0.33,24.1
2021-07-29 18:56:00,5.86,243.11,0.31,24.1
2021-07-29 18:58:00,5.68,244.0,0.34,24.1
2021-07-29 19:00:00,5.609999999999999,242.03,0.3,24.1
2021-07-29 19:02:00,5.41,243.5,0.3,24.1
2021-07-29 19:04:00,5.72,245.58,0.3,24.1
2021-07-29 19:06:00,5.62,243.46,0.35,24.1
2021-07-29 19:08:00,5.57,243.57,0.33,24.1
2021-07-29 19:10:00,5.71,243.42,0.36,24.1
2021-07-29 19:12:00,5.66,244.0,0.33,24.1
2021-07-29 19:16:00,5.43,244.27,0.26,24.1
2021-07-29 19:18:00,5.64,243.75,0.31,24.1
2021-07-29 19:20:00,5.89,244.91,0.36,24.1
2021-07-29 19:22:00,5.59,245.25,0.34,24.1
2021-07-29 19:24:00,5.64,244.76,0.23,24.1
2021-07-29 19:26:00,5.550000000000001,244.71,0.29,24.1
2021-07-29 19:28:00,5.62,243.19,0.31,24.1
2021-07-29 19:32:00,5.68,245.23,0.33,24.11
2021-07-29 19:34:00,5.67,243.4,0.36,24.11
2021-07-29 19:38:00,5.75,244.66,0.35,24.11
2021-07-29 19:40:00,5.26,243.71,0.32,24.11
2021-07-29 19:42:00,5.55,245.33,0.24,24.11
2021-07-29 19:44:00,5.65,244.28,0.29,24.11
2021-07-29 19:46:00,5.5,244.81,0.37,24.11
2021-07-29 19:48:00,5.699999999999999,244.94,0.32,24.11
2021-07-29 19:50:00,5.61,245.02,0.26,24.11
2021-07-29 19:52:00,5.57,245.1,0.33,24.11
2021-07-29 19:54:00,5.8100000000000005,244.95,0.34,24.11
2021-07-29 19:56:00,5.5,244.33,0.27,24.11
2021-07-29 19:58:00,5.47,244.62,0.26,24.1
2021-07-29 20:00:00,5.65,244.58,0.35,24.1
2021-07-29 20:02:00,5.36,244.86,0.3,24.11
2021-07-29 20:04:00,5.529999999999999,243.73,0.33,24.1
2021-07-29 20:06:00,5.73,246.06,0.34,24.1
2021-07-29 20:08:00,5.51,245.26,0.26,24.1
2021-07-29 20:10:00,5.41,244.44,0.3,24.1
2021-07-29 20:12:00,5.67,246.04,0.3,24.1
2021-07-29 20:14:00,5.66,246.28,0.33,24.1
2021-07-29 20:16:00,5.54,245.02,0.29,24.1
2021-07-29 20:18:00,5.69,245.31,0.28,24.1
2021-07-29 20:20:00,5.609999999999999,245.55,0.3,24.1
2021-07-29 20:22:00,5.69,242.57,0.28,24.1
2021-07-29 20:24:00,5.800000000000001,242.99,0.32,24.1
2021-07-29 20:26:00,5.58,245.02,0.29,24.1
2021-07-29 20:28:00,5.59,245.17,0.31,24.1
2021-07-29 20:32:00,5.5200000000000005,243.93,0.28,24.11
2021-07-29 20:36:00,5.470000000000001,244.61,0.36,24.1
2021-07-29 20:38:00,5.63,243.86,0.3,24.09
2021-07-29 20:40:00,5.609999999999999,243.34,0.31,24.07
2021-07-29 20:42:00,5.54,244.37,0.33,24.07
2021-07-29 20:44:00,5.64,243.79,0.33,24.08
2021-07-29 20:46:00,5.539999999999999,243.45,0.28,24.09
2021-07-29 20:48:00,5.75,243.21,0.32,24.12
2021-07-29 20:50:00,5.51,243.45,0.3,24.13
2021-07-29 20:52:00,5.63,244.12,0.28,24.12
2021-07-29 20:54:00,5.529999999999999,243.57,0.3,24.12
2021-07-29 20:56:00,5.65,243.51,0.34,24.12
2021-07-29 20:58:00,5.7,242.96,0.26,24.1
2021-07-29 21:00:00,5.619999999999999,244.37,0.34,24.1
2021-07-29 21:02:00,5.640000000000001,244.77,0.28,24.1
2021-07-29 21:04:00,5.68,244.55,0.35,24.1
2021-07-29 21:06:00,74.93,241.34,0.77,24.1
2021-07-29 21:08:00,5.53,243.73,0.34,24.1
2021-07-29 21:10:00,5.869999999999999,242.99,0.33,24.1
2021-07-29 21:12:00,5.52,244.67,0.25,24.1
2021-07-29 21:14:00,5.55,243.16,0.3,24.1
2021-07-29 21:16:00,5.69,243.38,0.35,24.1
2021-07-29 21:18:00,5.750000000000001,243.34,0.33,24.1
2021-07-29 21:20:00,5.51,242.77,0.32,24.1
2021-07-29 21:22:00,5.44,244.05,0.28,24.1
2021-07-29 21:24:00,5.55,242.13,0.28,24.1
2021-07-29 21:26:00,5.74,242.6,0.35,24.1
2021-07-29 21:28:00,5.540000000000001,242.99,0.29,24.1
2021-07-29 21:30:00,5.74,243.05,0.33,24.11
2021-07-29 21:32:00,5.5,243.05,0.3,24.13
2021-07-29 21:34:00,5.58,242.76,0.33,24.14
2021-07-29 21:36:00,5.43,242.26,0.27,24.12
2021-07-29 21:38:00,5.56,243.98,0.31,24.11
2021-07-29 21:40:00,5.51,244.38,0.28,24.11
2021-07-29 21:42:00,5.85,243.16,0.36,24.11
2021-07-29 21:44:00,5.54,242.68,0.28,24.11
2021-07-29 21:46:00,5.67,243.52,0.3,24.11
2021-07-29 21:52:00,5.57,241.7,0.36,24.11
2021-07-29 21:54:00,5.38,242.52,0.25,24.11
2021-07-29 21:56:00,5.41,244.17,0.3,24.11
2021-07-29 21:58:00,5.62,243.71,0.34,24.11
2021-07-29 22:00:00,5.659999999999999,243.32,0.3,24.11
2021-07-29 22:02:00,5.569999999999999,243.94,0.28,24.11
2021-07-29 22:04:00,5.8500000000000005,243.97,0.31,24.11
2021-07-29 22:06:00,5.52,244.59,0.31,24.11
2021-07-29 22:08:00,5.790000000000001,245.02,0.34,24.11
2021-07-29 22:10:00,5.709999999999999,245.48,0.23,24.11
2021-07-29 22:12:00,5.69,246.69,0.35,24.11
2021-07-29 22:14:00,5.32,242.73,0.3,24.11
2021-07-29 22:16:00,5.59,243.7,0.38,24.11
2021-07-29 22:18:00,5.5600000000000005,242.23,0.29,24.1
2021-07-29 22:22:00,5.46,241.49,0.33,24.11
2021-07-29 22:24:00,5.73,242.89,0.32,24.11
2021-07-29 22:26:00,5.76,241.85,0.32,24.11
2021-07-29 22:28:00,5.38,242.06,0.35,24.11
2021-07-29 22:30:00,5.59,240.63,0.32,24.12
2021-07-29 22:32:00,5.66,244.17,0.26,24.11
2021-07-29 22:34:00,5.69,244.46,0.33,24.11
2021-07-29 22:36:00,5.720000000000001,243.03,0.31,24.11
2021-07-29 22:38:00,5.38,242.24,0.29,24.11
2021-07-29 22:40:00,5.41,243.87,0.35,24.11
2021-07-29 22:42:00,5.65,243.76,0.31,24.11
2021-07-29 22:46:00,5.57,243.19,0.36,24.11
2021-07-29 22:48:00,5.58,242.59,0.26,24.11
2021-07-29 22:50:00,5.44,245.34,0.32,24.13
2021-07-29 22:52:00,5.7700000000000005,243.57,0.33,24.13
2021-07-29 22:54:00,5.66,243.74,0.32,24.13
2021-07-29 22:56:00,5.8100000000000005,243.96,0.32,24.13
2021-07-29 22:58:00,5.34,245.04,0.25,24.13
2021-07-29 23:00:00,5.670000000000001,243.53,0.34,24.13
2021-07-29 23:02:00,5.6,243.6,0.29,24.13
2021-07-29 23:04:00,4.68,243.33,0.07,24.13
2021-07-29 23:06:00,5.48,243.51,0.27,24.13
2021-07-29 23:08:00,5.57,242.69,0.26,24.13
2021-07-29 23:10:00,5.37,243.45,0.31,24.13
2021-07-29 23:12:00,5.61,243.55,0.34,24.13
2021-07-29 23:14:00,5.45,244.43,0.25,24.13
2021-07-29 23:18:00,5.76,244.88,0.27,24.13
2021-07-29 23:20:00,75.07,241.39,0.76,24.13
2021-07-29 23:22:00,5.739999999999999,243.74,0.26,24.13
2021-07-29 23:24:00,5.73,243.03,0.3,24.13
2021-07-29 23:26:00,5.5200000000000005,243.44,0.34,24.13
2021-07-29 23:28:00,5.65,243.18,0.32,24.13
2021-07-29 23:30:00,5.71,243.38,0.32,24.11
2021-07-29 23:32:00,5.37,242.89,0.31,24.08
2021-07-29 23:34:00,5.79,242.99,0.31,24.08
2021-07-29 23:36:00,4.8,243.84,0.06,24.08
2021-07-29 23:38:00,4.94,243.64,0.07,24.06
2021-07-29 23:40:00,5.59,242.09,0.34,24.06
2021-07-29 23:42:00,5.5200000000000005,243.6,0.33,24.06
2021-07-29 23:44:00,5.66,242.3,0.26,24.06
2021-07-29 23:46:00,5.34,243.42,0.27,24.06
2021-07-29 23:48:00,5.63,242.09,0.34,24.08
2021-07-29 23:50:00,5.75,242.51,0.32,24.1
2021-07-29 23:52:00,4.800000000000001,241.68,0.03,24.1
2021-07-29 23:54:00,4.74,241.65,0.03,24.1
2021-07-29 23:56:00,5.680000000000001,241.74,0.37,24.1
2021-07-29 23:58:00,5.66,244.12,0.32,24.11
2021-07-30 00:00:00,5.71,242.87,0.37,24.11
2021-07-30 00:02:00,5.529999999999999,242.71,0.32,24.12
2021-07-30 00:04:00,5.74,241.83,0.27,24.12
2021-07-30 00:06:00,5.779999999999999,243.51,0.27,24.12
2021-07-30 00:08:00,4.75,242.92,-0.04,24.12
2021-07-30 00:14:00,76.7,240.65,0.76,24.11
2021-07-30 00:16:00,4.76,243.87,0.05,24.11
2021-07-30 00:18:00,5.78,243.38,0.33,24.11
2021-07-30 00:20:00,5.5,243.22,0.29,24.12
2021-07-30 00:22:00,5.92,242.51,0.37,24.12
2021-07-30 00:24:00,5.66,244.0,0.28,24.12
2021-07-30 00:26:00,5.58,243.96,0.27,24.12
2021-07-30 00:28:00,5.86,242.78,0.37,24.12
2021-07-30 00:32:00,5.05,243.95,0.09,24.1
2021-07-30 00:36:00,5.7,243.26,0.3,24.12
2021-07-30 00:38:00,5.57,241.22,0.27,24.11
2021-07-30 00:40:00,5.48,241.66,0.34,24.11
2021-07-30 00:42:00,5.72,243.97,0.37,24.09
2021-07-30 00:44:00,5.71,244.7,0.36,24.09
2021-07-30 00:46:00,5.46,243.21,0.34,24.09
2021-07-30 00:50:00,5.71,243.14,0.34,24.09
2021-07-30 00:52:00,5.390000000000001,243.13,0.28,24.09
2021-07-30 00:54:00,5.68,243.54,0.33,24.11
2021-07-30 00:56:00,5.69,242.78,0.31,24.13
2021-07-30 00:58:00,5.55,241.54,0.3,24.13
2021-07-30 01:00:00,4.79,241.66,0.13,24.13
2021-07-30 01:02:00,4.85,244.46,-0.04,24.12
2021-07-30 01:04:00,5.79,244.34,0.32,24.12
2021-07-30 01:06:00,5.44,244.49,0.33,24.11
2021-07-30 01:08:00,5.88,244.03,0.35,24.09
2021-07-30 01:10:00,5.62,244.25,0.31,24.1
2021-07-30 01:12:00,5.32,243.06,0.28,24.1
2021-07-30 01:14:00,5.58,243.27,0.3,24.11
2021-07-30 01:16:00,5.48,244.86,0.33,24.12
2021-07-30 01:18:00,5.8,243.45,0.35,24.14
2021-07-30 01:20:00,5.859999999999999,243.23,0.35,24.15
2021-07-30 01:22:00,5.58,242.89,0.26,24.14
2021-07-30 01:24:00,5.510000000000001,244.89,0.32,24.14
2021-07-30 01:26:00,5.6,243.42,0.33,24.13
2021-07-30 01:28:00,5.56,244.26,0.31,24.11
2021-07-30 01:30:00,5.46,242.82,0.31,24.09
2021-07-30 01:32:00,5.88,242.72,0.33,24.1
2021-07-30 01:34:00,5.68,242.85,0.28,24.12
2021-07-30 01:36:00,5.46,243.48,0.32,24.1
2021-07-30 01:38:00,5.54,244.19,0.3,24.1
2021-07-30 01:40:00,5.5,243.2,0.33,24.1
2021-07-30 01:44:00,5.55,242.83,0.25,24.1
2021-07-30 01:46:00,5.49,243.4,0.29,24.1
2021-07-30 01:48:00,5.49,244.6,0.33,24.1
2021-07-30 01:50:00,5.4,243.28,0.24,24.1
2021-07-30 01:54:00,4.89,244.37,0.09,24.12
2021-07-30 01:56:00,5.0,243.37,0.0,24.12
2021-07-30 01:58:00,5.47,243.75,0.34,24.14
2021-07-30 02:00:00,5.59,242.2,0.3,24.14
2021-07-30 02:02:00,5.47,242.98,0.29,24.15
2021-07-30 02:04:00,5.74,243.72,0.34,24.18
2021-07-30 02:06:00,5.71,243.18,0.25,24.18
2021-07-30 02:08:00,5.5,243.28,0.31,24.18
2021-07-30 02:10:00,5.65,245.59,0.33,24.18
2021-07-30 02:12:00,5.59,244.56,0.29,24.17
2021-07-30 02:14:00,5.41,245.62,0.27,24.15
2021-07-30 02:16:00,5.609999999999999,243.85,0.26,24.14
2021-07-30 02:18:00,5.72,245.58,0.33,24.1
2021-07-30 02:20:00,5.44,243.85,0.25,24.1
2021-07-30 02:22:00,5.43,243.24,0.25,24.1
2021-07-30 02:24:00,39.07000000000001,243.48,0.9,24.1
2021-07-30 02:26:00,4.66,244.16,0.07,24.11
2021-07-30 02:28:00,5.5600000000000005,244.7,0.28,24.11
2021-07-30 02:30:00,5.65,243.64,0.32,24.14
2021-07-30 02:32:00,5.49,243.82,0.29,24.09
2021-07-30 02:34:00,5.550000000000001,243.98,0.27,24.09
2021-07-30 02:36:00,5.460000000000001,243.97,0.31,24.09
2021-07-30 02:38:00,5.6,245.28,0.35,24.09
2021-07-30 02:40:00,5.37,244.04,0.28,24.09
2021-07-30 02:42:00,5.4,245.36,0.27,24.09
2021-07-30 02:44:00,5.779999999999999,244.6,0.31,24.09
2021-07-30 02:48:00,74.50999999999999,238.95,0.77,24.09
2021-07-30 02:50:00,5.59,242.98,0.3,24.09
2021-07-30 02:52:00,5.59,244.05,0.24,24.09
2021-07-30 02:54:00,5.4,242.21,0.28,24.09
2021-07-30 02:56:00,5.46,242.28,0.29,24.09
2021-07-30 02:58:00,5.48,240.03,0.26,24.09
2021-07-30 03:00:00,5.5,243.91,0.29,24.09
2021-07-30 03:02:00,5.4,243.18,0.29,24.09
2021-07-30 03:04:00,5.710000000000001,242.18,0.29,24.09
2021-07-30 03:06:00,5.74,243.11,0.31,24.09
2021-07-30 03:08:00,5.39,242.33,0.35,24.09
2021-07-30 03:10:00,5.5,243.38,0.28,24.09
2021-07-30 03:12:00,5.799999999999999,241.63,0.32,24.09
2021-07-30 03:14:00,5.2700000000000005,241.66,0.27,24.1
2021-07-30 03:16:00,5.53,241.59,0.28,24.1
2021-07-30 03:18:00,5.78,240.15,0.31,24.1
2021-07-30 03:20:00,5.45,242.22,0.32,24.1
2021-07-30 03:22:00,5.7,241.57,0.36,24.1
2021-07-30 03:24:00,5.46,241.29,0.27,24.1
2021-07-30 03:26:00,5.45,241.96,0.33,24.1
2021-07-30 03:28:00,5.6000000000000005,240.94,0.31,24.1
2021-07-30 03:34:00,5.65,239.37,0.3,24.23
2021-07-30 03:38:00,5.62,241.6,0.28,24.15
2021-07-30 03:40:00,5.44,240.01,0.28,24.17
2021-07-30 03:42:00,5.46,240.68,0.29,24.19
2021-07-30 03:44:00,5.619999999999999,239.28,0.34,24.22
2021-07-30 03:46:00,5.5600000000000005,242.85,0.33,24.23
2021-07-30 03:48:00,5.48,242.24,0.34,24.23
2021-07-30 03:50:00,5.48,240.25,0.28,24.23
2021-07-30 03:52:00,5.45,241.13,0.26,24.23
2021-07-30 03:54:00,5.65,241.68,0.36,24.23
2021-07-30 03:56:00,5.69,242.17,0.28,24.22
2021-07-30 03:58:00,5.69,241.58,0.23,24.21
2021-07-30 04:00:00,5.59,242.79,0.34,24.21
2021-07-30 04:02:00,5.66,240.29,0.27,24.2
2021-07-30 04:04:00,5.66,239.15,0.28,24.19
2021-07-30 04:06:00,5.65,240.54,0.3,24.2
2021-07-30 04:10:00,4.93,240.84,0.01,24.22
2021-07-30 04:12:00,5.71,241.64,0.24,24.26
2021-07-30 04:14:00,5.7,241.35,0.27,24.26
2021-07-30 04:16:00,5.52,239.62,0.34,24.26
2021-07-30 04:18:00,5.68,241.03,0.33,24.26
2021-07-30 04:20:00,5.53,241.68,0.25,24.24
2021-07-30 04:22:00,5.37,242.07,0.31,24.24
2021-07-30 04:24:00,5.76,241.34,0.31,24.25
2021-07-30 04:26:00,5.72,240.84,0.32,24.22
2021-07-30 04:32:00,5.390000000000001,235.85,0.31,24.23
2021-07-30 04:36:00,5.550000000000001,236.16,0.25,24.26
2021-07-30 04:38:00,5.59,236.08,0.26,24.28
2021-07-30 04:40:00,5.38,236.91,0.31,24.29
2021-07-30 04:44:00,5.76,235.99,0.33,24.28
2021-07-30 04:46:00,5.53,237.96,0.36,24.28
2021-07-30 04:48:00,5.63,237.82,0.33,24.28
2021-07-30 04:50:00,5.64,236.79,0.27,24.27
2021-07-30 04:52:00,5.71,238.12,0.33,24.27
2021-07-30 04:54:00,5.680000000000001,236.51,0.36,24.27
2021-07-30 04:56:00,5.66,237.25,0.36,24.27
2021-07-30 04:58:00,5.59,236.11,0.34,24.28
2021-07-30 05:00:00,5.59,236.04,0.36,24.27
2021-07-30 05:02:00,5.77,234.56,0.29,24.27
2021-07-30 05:04:00,5.6000000000000005,238.49,0.27,24.14
2021-07-30 05:06:00,5.75,238.44,0.38,24.14
2021-07-30 05:08:00,5.779999999999999,238.34,0.34,24.14
2021-07-30 05:10:00,5.69,238.2,0.27,24.14
2021-07-30 05:12:00,5.569999999999999,237.03,0.29,24.14
2021-07-30 05:14:00,5.69,239.13,0.33,24.14
2021-07-30 05:16:00,5.65,238.55,0.33,24.14
2021-07-30 05:20:00,5.62,239.7,0.3,24.14
2021-07-30 05:22:00,5.699999999999999,237.37,0.3,24.14
2021-07-30 05:26:00,5.72,238.03,0.31,24.22
2021-07-30 05:28:00,5.7700000000000005,238.42,0.35,24.23
2021-07-30 05:30:00,5.55,238.53,0.29,24.25
2021-07-30 05:32:00,5.62,239.0,0.29,24.23
2021-07-30 05:34:00,5.47,237.8,0.27,24.25
2021-07-30 05:36:00,5.5,238.98,0.32,24.23
2021-07-30 05:38:00,5.73,237.31,0.31,24.23
2021-07-30 05:40:00,5.779999999999999,236.57,0.34,24.23
2021-07-30 05:50:00,5.550000000000001,237.28,0.29,24.23
2021-07-30 05:52:00,5.529999999999999,235.11,0.26,24.23
2021-07-30 05:54:00,5.5,237.56,0.28,24.23
2021-07-30 05:56:00,5.38,241.9,0.3,24.23
2021-07-30 05:58:00,5.74,239.83,0.27,24.23
2021-07-30 06:00:00,5.42,239.98,0.31,24.23
2021-07-30 06:02:00,5.64,239.57,0.35,24.23
2021-07-30 06:04:00,5.82,239.57,0.34,24.23
2021-07-30 06:06:00,5.37,240.2,0.29,24.23
2021-07-30 06:08:00,4.76,238.88,-0.0,24.23
2021-07-30 06:10:00,6.27,238.09,0.36,24.23
2021-07-30 06:12:00,5.44,239.28,0.28,24.23
2021-07-30 06:14:00,5.609999999999999,239.66,0.33,24.23
2021-07-30 06:16:00,5.85,239.6,0.36,24.23
2021-07-30 06:18:00,5.6,239.34,0.35,24.23
2021-07-30 06:20:00,5.75,239.19,0.28,24.23
2021-07-30 06:22:00,5.65,239.25,0.27,24.23
2021-07-30 06:24:00,5.61,241.78,0.3,24.23
2021-07-30 06:26:00,5.75,239.74,0.26,24.26
2021-07-30 06:28:00,5.69,240.3,0.28,24.26
2021-07-30 06:30:00,5.67,242.06,0.31,24.65
2021-07-30 06:32:00,5.5,241.01,0.25,24.23
2021-07-30 06:34:00,5.640000000000001,239.47,0.29,24.23
2021-07-30 06:36:00,5.41,238.13,0.27,24.23
2021-07-30 06:38:00,5.53,239.38,0.27,24.23
2021-07-30 06:40:00,5.710000000000001,240.26,0.31,24.23
2021-07-30 06:42:00,5.779999999999999,239.05,0.37,24.23
2021-07-30 06:44:00,5.37,240.17,0.3,24.23
2021-07-30 06:46:00,5.57,240.97,0.31,24.23
2021-07-30 06:48:00,5.670000000000001,241.23,0.3,24.23
2021-07-30 06:50:00,5.36,240.62,0.33,24.25
2021-07-30 06:54:00,5.7,238.18,0.32,24.25
2021-07-30 06:58:00,5.359999999999999,239.67,0.31,24.23
2021-07-30 07:00:00,5.61,239.33,0.31,24.23
2021-07-30 07:02:00,5.35,238.98,0.28,24.23
2021-07-30 07:04:00,5.39,239.66,0.29,24.23
2021-07-30 07:06:00,5.5600000000000005,240.49,0.28,24.25
2021-07-30 07:08:00,5.49,241.3,0.28,24.26
2021-07-30 07:10:00,5.56,240.75,0.32,24.26
2021-07-30 07:12:00,5.5200000000000005,239.93,0.29,24.27
2021-07-30 07:14:00,5.210000000000001,240.84,0.26,24.27
2021-07-30 07:16:00,4.8100000000000005,240.28,0.11,24.27
2021-07-30 07:18:00,4.83,240.28,0.03,24.27
2021-07-30 07:20:00,5.6,236.63,0.31,24.27
2021-07-30 07:22:00,5.760000000000001,238.07,0.31,24.27
2021-07-30 07:24:00,5.33,239.23,0.34,24.27
2021-07-30 07:26:00,5.5,240.52,0.3,24.27
2021-07-30 07:28:00,5.43,241.33,0.32,24.27
2021-07-30 07:32:00,5.53,239.07,0.32,24.91
2021-07-30 07:36:00,5.32,239.14,0.34,24.65
2021-07-30 07:38:00,5.71,238.82,0.34,24.65
2021-07-30 07:40:00,5.5600000000000005,240.85,0.25,24.67
2021-07-30 07:42:00,76.1,237.86,0.76,24.67
2021-07-30 07:44:00,5.55,239.01,0.26,24.68
2021-07-30 07:46:00,5.65,239.48,0.29,24.69
2021-07-30 07:48:00,5.58,239.54,0.3,24.68
2021-07-30 07:50:00,5.56,242.23,0.31,24.69
2021-07-30 07:52:00,5.76,241.68,0.37,24.7
2021-07-30 07:54:00,5.61,240.28,0.27,24.7
2021-07-30 07:56:00,5.289999999999999,241.98,0.27,24.49
2021-07-30 07:58:00,5.5600000000000005,242.55,0.29,24.49
2021-07-30 08:00:00,5.550000000000001,240.55,0.26,24.49
2021-07-30 08:02:00,5.37,241.49,0.3,24.49
2021-07-30 08:04:00,5.609999999999999,241.64,0.27,24.49
2021-07-30 08:08:00,5.46,240.09,0.33,24.49
2021-07-30 08:10:00,4.640000000000001,241.69,0.06,24.49
2021-07-30 08:12:00,4.5200000000000005,240.09,0.09,24.49
2021-07-30 08:14:00,5.38,241.7,0.32,24.49
2021-07-30 08:16:00,5.5200000000000005,241.07,0.27,24.49
2021-07-30 08:20:00,5.359999999999999,240.73,0.3,24.81
2021-07-30 08:24:00,5.47,239.7,0.31,24.84
2021-07-30 08:26:00,5.49,239.64,0.36,24.86
2021-07-30 08:28:00,5.61,238.2,0.35,24.87
2021-07-30 08:32:00,5.75,239.82,0.3,24.71
2021-07-30 08:36:00,5.68,237.61,0.32,24.92
2021-07-30 08:40:00,5.53,238.28,0.34,24.91
2021-07-30 08:42:00,5.59,239.18,0.31,24.91
2021-07-30 08:44:00,5.75,238.25,0.33,24.91
2021-07-30 08:46:00,5.45,237.11,0.27,24.91
2021-07-30 08:48:00,5.4,239.19,0.3,24.91
2021-07-30 08:50:00,5.67,238.66,0.29,24.89
2021-07-30 08:52:00,5.709999999999999,237.75,0.26,24.88
2021-07-30 08:54:00,5.390000000000001,236.88,0.28,24.87
2021-07-30 08:56:00,5.609999999999999,237.4,0.3,24.86
2021-07-30 08:58:00,5.6,237.34,0.32,24.85
2021-07-30 09:00:00,5.540000000000001,237.26,0.28,24.85
2021-07-30 09:02:00,4.91,235.92,0.08,24.84
2021-07-30 09:04:00,5.32,237.5,0.3,24.84
2021-07-30 09:06:00,5.6000000000000005,236.39,0.23,24.84
2021-07-30 09:08:00,5.81,237.31,0.33,24.83
2021-07-30 09:10:00,5.84,238.33,0.38,24.81
2021-07-30 09:12:00,5.77,239.64,0.27,24.81
2021-07-30 09:14:00,5.6000000000000005,238.48,0.32,24.81
2021-07-30 09:16:00,5.59,237.48,0.31,24.8
2021-07-30 09:18:00,5.64,239.92,0.33,24.8
2021-07-30 09:20:00,5.8100000000000005,240.39,0.25,24.79
2021-07-30 09:22:00,5.48,239.0,0.34,24.78
2021-07-30 09:24:00,5.69,240.73,0.28,24.78
2021-07-30 09:26:00,5.640000000000001,241.26,0.27,24.77
2021-07-30 09:28:00,5.43,241.17,0.3,24.77
2021-07-30 09:30:00,5.72,241.71,0.32,24.77
2021-07-30 09:32:00,5.51,242.0,0.35,24.77
2021-07-30 09:34:00,5.59,241.16,0.35,24.77
2021-07-30 09:36:00,5.63,241.55,0.28,24.74
2021-07-30 09:38:00,5.66,238.62,0.27,24.74
2021-07-30 09:40:00,5.83,239.16,0.31,24.72
2021-07-30 09:42:00,4.859999999999999,238.87,0.07,24.72
2021-07-30 09:48:00,5.630000000000001,239.28,0.35,24.71
2021-07-30 09:50:00,5.74,239.73,0.34,24.91
2021-07-30 09:52:00,5.640000000000001,238.19,0.31,24.91
2021-07-30 09:54:00,5.72,238.03,0.33,24.91
2021-07-30 09:56:00,5.44,237.24,0.3,24.91
2021-07-30 09:58:00,5.65,239.57,0.28,24.91
2021-07-30 10:00:00,5.470000000000001,238.2,0.29,24.91
2021-07-30 10:02:00,5.57,239.96,0.31,24.92
2021-07-30 10:04:00,5.64,240.92,0.26,24.92
2021-07-30 10:06:00,5.51,240.98,0.29,24.91
2021-07-30 10:08:00,5.2700000000000005,237.17,0.27,24.91
2021-07-30 10:10:00,5.760000000000001,238.4,0.28,24.91
2021-07-30 10:12:00,5.6000000000000005,239.27,0.37,24.91
2021-07-30 10:14:00,5.94,235.53,0.33,24.91
2021-07-30 10:16:00,4.9,238.88,0.13,24.91
2021-07-30 10:18:00,5.38,241.49,0.32,24.91
2021-07-30 10:20:00,5.779999999999999,241.75,0.3,24.91
2021-07-30 10:22:00,6.0,240.39,0.34,24.91
2021-07-30 10:24:00,5.67,240.0,0.3,24.91
2021-07-30 10:26:00,5.73,239.8,0.3,24.91
2021-07-30 10:28:00,5.88,237.45,0.34,24.91
2021-07-30 10:32:00,5.09,239.09,0.06,24.76
2021-07-30 10:36:00,5.67,239.62,0.33,24.61
2021-07-30 10:38:00,5.54,240.14,0.35,24.61
2021-07-30 10:40:00,5.43,239.05,0.28,24.61
2021-07-30 10:42:00,5.5,238.83,0.33,24.61
2021-07-30 10:44:00,5.79,239.36,0.33,24.59
2021-07-30 10:46:00,5.680000000000001,240.82,0.24,24.58
2021-07-30 10:48:00,5.5200000000000005,240.01,0.32,24.57
2021-07-30 10:50:00,5.49,241.82,0.25,24.57
2021-07-30 10:52:00,5.55,239.83,0.34,24.56
2021-07-30 10:54:00,5.5600000000000005,241.9,0.31,24.55
2021-07-30 10:56:00,5.51,242.63,0.24,24.55
2021-07-30 10:58:00,5.470000000000001,242.53,0.3,24.54
2021-07-30 11:02:00,5.640000000000001,240.14,0.26,24.54
2021-07-30 11:04:00,5.33,239.48,0.31,24.53
2021-07-30 11:06:00,5.640000000000001,242.25,0.3,24.52
2021-07-30 11:08:00,5.74,242.15,0.37,24.5
2021-07-30 11:10:00,5.57,243.21,0.36,24.5
2021-07-30 11:12:00,5.58,242.62,0.34,24.51
2021-07-30 11:14:00,5.7700000000000005,241.68,0.36,24.52
2021-07-30 11:16:00,5.43,241.63,0.31,24.53
2021-07-30 11:18:00,5.58,242.0,0.31,24.54
2021-07-30 11:20:00,4.85,242.25,0.08,24.55
2021-07-30 11:22:00,4.8,241.94,0.03,24.55
2021-07-30 11:24:00,8.13,242.68,0.22,24.54
2021-07-30 11:26:00,7.76,241.21,0.26,24.56
2021-07-30 11:28:00,62.24,240.87,0.58,24.56
2021-07-30 11:30:00,7.609999999999999,243.21,0.21,24.58
2021-07-30 11:32:00,7.61,243.42,0.26,24.61
2021-07-30 11:34:00,7.37,242.04,0.23,24.64
2021-07-30 11:36:00,7.42,243.74,0.28,24.66
2021-07-30 11:38:00,7.800000000000001,243.36,0.21,24.69
2021-07-30 11:40:00,7.09,243.17,0.21,24.7
2021-07-30 11:42:00,7.55,241.53,0.24,24.72
2021-07-30 11:44:00,6.63,242.21,0.26,24.74
2021-07-30 11:48:00,5.93,242.82,0.26,24.78
2021-07-30 11:50:00,7.779999999999999,242.07,0.22,24.77
2021-07-30 11:52:00,7.359999999999999,242.46,0.25,24.61
2021-07-30 11:54:00,7.67,240.64,0.21,24.61
2021-07-30 11:56:00,7.439999999999999,241.75,0.2,24.61
2021-07-30 11:58:00,6.38,242.87,0.21,24.82
2021-07-30 12:00:00,5.98,242.2,0.3,24.61
2021-07-30 12:02:00,5.8100000000000005,241.64,0.33,24.61
2021-07-30 12:04:00,5.789999999999999,242.99,0.28,24.61
2021-07-30 12:06:00,5.61,243.12,0.36,24.61
2021-07-30 12:08:00,5.63,243.78,0.36,24.61
2021-07-30 12:10:00,5.46,244.62,0.29,24.61
2021-07-30 12:12:00,5.7700000000000005,243.51,0.31,24.61
2021-07-30 12:14:00,5.43,244.09,0.33,24.61
2021-07-30 12:16:00,5.59,242.74,0.3,24.61
2021-07-30 12:18:00,5.52,243.66,0.31,24.61
2021-07-30 12:20:00,5.54,244.73,0.32,24.61
2021-07-30 12:22:00,5.48,244.78,0.27,24.61
2021-07-30 12:24:00,5.53,244.08,0.28,24.61
2021-07-30 12:26:00,5.42,245.55,0.28,24.61
2021-07-30 12:28:00,5.45,243.4,0.35,24.61
2021-07-30 12:32:00,5.7,244.03,0.27,24.31
2021-07-30 12:34:00,5.35,243.49,0.3,24.46
2021-07-30 12:36:00,5.48,244.29,0.32,24.58
2021-07-30 12:40:00,5.53,243.42,0.26,24.58
2021-07-30 12:42:00,5.32,243.32,0.31,24.58
2021-07-30 12:44:00,5.54,243.5,0.33,24.58
2021-07-30 12:46:00,5.52,244.65,0.31,24.58
2021-07-30 12:48:00,5.44,242.39,0.36,24.58
2021-07-30 12:50:00,5.66,244.5,0.29,24.58
2021-07-30 12:52:00,4.82,244.22,0.15,24.58
2021-07-30 12:54:00,4.77,243.69,0.06,24.61
2021-07-30 12:56:00,5.6,242.62,0.26,24.61
2021-07-30 12:58:00,5.67,243.96,0.26,24.64
2021-07-30 13:00:00,5.58,243.48,0.36,24.64
2021-07-30 13:02:00,5.68,242.83,0.33,24.64
2021-07-30 13:04:00,5.66,243.6,0.34,24.64
2021-07-30 13:06:00,5.540000000000001,243.46,0.38,24.64
2021-07-30 13:08:00,5.48,242.8,0.24,24.64
2021-07-30 13:10:00,5.57,243.25,0.35,24.64
2021-07-30 13:12:00,5.47,243.79,0.29,24.64
2021-07-30 13:14:00,5.640000000000001,244.29,0.34,24.64
2021-07-30 13:16:00,5.51,242.55,0.31,24.64
2021-07-30 13:18:00,5.630000000000001,244.11,0.25,24.64
2021-07-30 13:20:00,5.46,243.04,0.31,24.66
2021-07-30 13:22:00,5.8100000000000005,241.57,0.32,24.64
2021-07-30 13:24:00,5.66,241.5,0.31,24.64
2021-07-30 13:26:00,5.550000000000001,242.38,0.33,24.66
2021-07-30 13:28:00,4.84,244.26,0.04,24.64
2021-07-30 13:30:00,4.63,244.46,-0.01,24.28
2021-07-30 13:32:00,5.41,243.16,0.28,24.28
2021-07-30 13:38:00,5.59,243.55,0.28,24.32
2021-07-30 13:40:00,5.78,241.62,0.26,24.33
2021-07-30 13:42:00,5.58,242.64,0.35,24.34
2021-07-30 13:44:00,5.609999999999999,240.76,0.22,24.34
2021-07-30 13:46:00,5.73,242.07,0.34,24.35
2021-07-30 13:48:00,5.43,240.96,0.31,24.34
2021-07-30 13:50:00,5.58,240.71,0.28,24.32
2021-07-30 13:52:00,5.75,241.82,0.32,24.31
2021-07-30 13:54:00,5.4,241.38,0.3,24.47
2021-07-30 13:56:00,5.57,240.98,0.35,24.47
2021-07-30 13:58:00,5.69,242.34,0.32,24.46
2021-07-30 14:00:00,5.64,241.48,0.34,24.47
2021-07-30 14:02:00,5.67,240.64,0.34,24.47
2021-07-30 14:04:00,5.510000000000001,240.24,0.36,24.47
2021-07-30 14:06:00,5.42,242.49,0.26,24.46
2021-07-30 14:08:00,5.579999999999999,242.87,0.32,24.47
2021-07-30 14:10:00,5.510000000000001,242.82,0.27,24.47
2021-07-30 14:12:00,5.65,240.59,0.32,24.46
2021-07-30 14:14:00,5.56,242.97,0.29,24.47
2021-07-30 14:16:00,5.5600000000000005,240.36,0.35,24.46
2021-07-30 14:18:00,5.68,243.37,0.31,24.47
2021-07-30 14:20:00,5.53,241.65,0.3,24.47
2021-07-30 14:22:00,5.4,243.52,0.31,24.46
2021-07-30 14:24:00,5.41,244.03,0.27,24.46
2021-07-30 14:26:00,5.66,242.63,0.29,24.47
2021-07-30 14:28:00,5.66,241.51,0.34,24.47
2021-07-30 14:32:00,5.59,243.21,0.32,24.28
2021-07-30 14:36:00,5.51,243.38,0.34,24.31
2021-07-30 14:38:00,5.56,242.45,0.31,24.32
2021-07-30 14:40:00,5.48,242.8,0.31,24.32
2021-07-30 14:42:00,5.63,243.21,0.31,24.31
2021-07-30 14:44:00,5.83,243.34,0.31,24.32
2021-07-30 14:46:00,5.609999999999999,244.54,0.3,24.31
2021-07-30 14:48:00,41.64,244.48,0.95,24.32
2021-07-30 14:50:00,5.65,244.27,0.3,24.32
2021-07-30 14:52:00,5.78,241.86,0.36,24.32
2021-07-30 14:54:00,5.8,242.88,0.34,24.31
2021-07-30 14:56:00,5.58,242.36,0.27,24.32
2021-07-30 14:58:00,5.56,243.67,0.3,24.32
2021-07-30 15:00:00,5.66,242.0,0.29,24.32
2021-07-30 15:02:00,5.42,242.55,0.29,24.32
2021-07-30 15:04:00,5.59,241.7,0.3,24.31
2021-07-30 15:06:00,5.57,243.22,0.38,24.32
2021-07-30 15:08:00,5.869999999999999,243.04,0.3,24.32
2021-07-30 15:10:00,5.38,241.99,0.28,24.32
2021-07-30 15:12:00,4.95,244.02,0.07,24.31
2021-07-30 15:14:00,4.87,242.89,-0.0,24.31
2021-07-30 15:16:00,5.74,243.86,0.34,24.31
2021-07-30 15:18:00,5.68,243.71,0.3,24.31
2021-07-30 15:20:00,5.8100000000000005,243.52,0.33,24.31
2021-07-30 15:22:00,5.43,243.27,0.29,24.32
2021-07-30 15:24:00,5.89,243.21,0.36,24.32
2021-07-30 15:26:00,5.709999999999999,242.84,0.26,24.32
2021-07-30 15:28:00,5.57,243.1,0.32,24.32
2021-07-30 15:30:00,5.8500000000000005,243.17,0.33,24.23
2021-07-30 15:32:00,5.82,242.69,0.32,24.23
2021-07-30 15:34:00,5.44,244.42,0.3,24.22
2021-07-30 15:36:00,5.63,244.86,0.34,24.22
2021-07-30 15:38:00,5.68,243.28,0.32,24.28
2021-07-30 15:40:00,5.550000000000001,243.83,0.26,24.28
2021-07-30 15:42:00,5.74,242.47,0.35,24.28
2021-07-30 15:44:00,5.54,242.27,0.31,24.28
2021-07-30 15:46:00,5.59,241.56,0.32,24.28
2021-07-30 15:48:00,5.8100000000000005,242.83,0.32,24.28
2021-07-30 15:50:00,5.59,241.55,0.33,24.28
2021-07-30 15:54:00,5.859999999999999,243.67,0.26,24.28
2021-07-30 15:56:00,5.640000000000001,242.88,0.33,24.28
2021-07-30 15:58:00,5.5,243.44,0.31,24.28
2021-07-30 16:00:00,5.98,242.94,0.33,24.28
2021-07-30 16:02:00,5.47,244.54,0.25,24.28
2021-07-30 16:04:00,5.78,244.14,0.33,24.28
2021-07-30 16:06:00,5.65,242.65,0.29,24.27
2021-07-30 16:08:00,5.359999999999999,241.98,0.26,24.27
2021-07-30 16:10:00,5.89,241.11,0.3,24.27
2021-07-30 16:12:00,5.4,242.95,0.26,24.27
2021-07-30 16:14:00,8.379999999999999,240.75,0.21,24.27
2021-07-30 16:16:00,5.84,242.47,0.35,24.23
2021-07-30 16:18:00,7.91,242.52,0.21,24.23
2021-07-30 16:20:00,5.72,244.31,0.28,24.23
2021-07-30 16:22:00,5.59,243.15,0.28,24.23
2021-07-30 16:24:00,5.65,244.44,0.26,24.23
2021-07-30 16:26:00,5.55,244.89,0.27,24.23
2021-07-30 16:28:00,7.84,242.89,0.2,24.23
2021-07-30 16:30:00,7.85,242.03,0.25,24.25
2021-07-30 16:32:00,7.689999999999999,241.78,0.26,24.55
2021-07-30 16:34:00,7.0200000000000005,241.31,0.24,24.58
2021-07-30 16:36:00,5.999999999999999,243.15,0.25,24.23
2021-07-30 16:38:00,7.949999999999999,240.8,0.27,24.23
2021-07-30 16:40:00,6.02,243.22,0.31,24.23
2021-07-30 16:46:00,7.789999999999999,243.93,0.26,24.63
2021-07-30 16:48:00,5.93,242.26,0.29,24.63
2021-07-30 16:50:00,5.8500000000000005,243.95,0.35,24.62
2021-07-30 16:52:00,5.7700000000000005,244.05,0.28,24.59
2021-07-30 16:54:00,5.390000000000001,243.82,0.34,24.58
2021-07-30 16:56:00,5.619999999999999,243.14,0.26,24.23
2021-07-30 16:58:00,5.88,243.35,0.37,24.23
2021-07-30 17:00:00,5.359999999999999,242.65,0.26,24.23
2021-07-30 17:02:00,5.42,241.94,0.33,24.23
2021-07-30 17:04:00,5.55,243.45,0.32,24.23
2021-07-30 17:06:00,5.58,241.98,0.34,24.23
2021-07-30 17:08:00,5.62,243.86,0.24,24.23
2021-07-30 17:10:00,5.7,245.21,0.35,24.23
2021-07-30 17:14:00,5.67,245.17,0.31,24.23
2021-07-30 17:16:00,4.75,244.61,-0.01,24.23
2021-07-30 17:18:00,4.85,244.21,-0.01,24.23
2021-07-30 17:20:00,5.6,243.6,0.39,24.23
2021-07-30 17:22:00,5.48,244.41,0.34,24.23
2021-07-30 17:24:00,5.57,245.71,0.27,24.23
2021-07-30 17:26:00,5.619999999999999,244.77,0.28,24.23
2021-07-30 17:28:00,5.54,244.43,0.35,24.22
2021-07-30 17:30:00,5.470000000000001,245.04,0.31,24.29
2021-07-30 17:32:00,5.58,244.58,0.27,24.28
2021-07-30 17:34:00,5.42,245.35,0.29,24.27
2021-07-30 17:36:00,5.53,244.48,0.34,24.25
2021-07-30 17:38:00,5.51,244.43,0.35,24.25
2021-07-30 17:40:00,5.46,244.36,0.32,24.24
2021-07-30 17:42:00,5.65,244.0,0.37,24.26
2021-07-30 17:44:00,5.43,244.39,0.28,24.27
2021-07-30 17:46:00,5.3,244.39,0.25,24.27
2021-07-30 17:48:00,77.4,243.19,0.76,24.27
2021-07-30 17:54:00,5.7,244.2,0.28,24.51
2021-07-30 17:56:00,20.06,243.78,0.69,24.51
2021-07-30 17:58:00,21.35,244.69,0.71,24.51
2021-07-30 18:00:00,23.2,241.58,0.75,24.51
2021-07-30 18:02:00,23.21,242.06,0.75,24.51
2021-07-30 18:04:00,4.77,243.91,0.03,24.51
2021-07-30 18:06:00,4.93,243.79,0.09,24.51
2021-07-30 18:08:00,5.629999999999999,245.55,0.35,24.51
2021-07-30 18:10:00,5.4,240.32,0.3,24.51
2021-07-30 18:12:00,5.699999999999999,241.12,0.29,24.55
2021-07-30 18:14:00,5.58,240.9,0.28,24.55
2021-07-30 18:16:00,5.37,241.5,0.3,24.55
2021-07-30 18:18:00,5.580000000000001,241.18,0.33,24.55
2021-07-30 18:20:00,5.46,242.33,0.32,24.55
2021-07-30 18:22:00,5.49,241.78,0.36,24.55
2021-07-30 18:24:00,5.62,241.72,0.3,24.55
2021-07-30 18:26:00,5.609999999999999,241.13,0.27,24.55
2021-07-30 18:28:00,5.59,241.0,0.3,24.55
2021-07-30 18:32:00,5.32,241.05,0.37,24.05
2021-07-30 18:36:00,5.62,240.74,0.29,24.29
2021-07-30 18:38:00,5.43,241.71,0.35,24.29
2021-07-30 18:40:00,5.65,241.15,0.33,24.29
2021-07-30 18:42:00,5.65,241.73,0.27,24.29
2021-07-30 18:44:00,5.5,241.17,0.38,24.29
2021-07-30 18:46:00,5.62,242.86,0.37,24.28
2021-07-30 18:48:00,5.800000000000001,243.03,0.31,24.28
2021-07-30 18:50:00,5.41,243.43,0.28,24.28
2021-07-30 18:52:00,4.779999999999999,243.29,0.1,24.28
2021-07-30 18:54:00,4.619999999999999,243.66,0.08,24.28
2021-07-30 18:56:00,5.64,241.93,0.31,24.29
2021-07-30 18:58:00,5.65,241.51,0.35,24.28
2021-07-30 19:00:00,5.49,241.74,0.32,24.28
2021-07-30 19:02:00,5.640000000000001,241.93,0.36,24.28
2021-07-30 19:04:00,5.43,243.25,0.34,24.27
2021-07-30 19:06:00,5.72,241.88,0.38,24.27
2021-07-30 19:08:00,5.68,242.37,0.35,24.27
2021-07-30 19:12:00,5.539999999999999,242.72,0.36,24.28
2021-07-30 19:14:00,5.630000000000001,241.67,0.28,24.27
2021-07-30 19:16:00,5.55,242.3,0.25,24.27
2021-07-30 19:18:00,5.58,240.52,0.26,24.27
2021-07-30 19:20:00,5.68,241.13,0.34,24.27
2021-07-30 19:22:00,5.7,241.34,0.39,24.27
2021-07-30 19:24:00,5.47,241.41,0.29,24.27
2021-07-30 19:26:00,5.609999999999999,241.23,0.34,24.27
2021-07-30 19:28:00,5.48,242.4,0.39,24.27
2021-07-30 19:30:00,5.48,241.0,0.32,24.09
2021-07-30 19:32:00,5.57,242.55,0.3,24.09
2021-07-30 19:34:00,5.5200000000000005,242.95,0.33,24.08
2021-07-30 19:36:00,5.549999999999999,241.98,0.29,24.1
2021-07-30 19:38:00,5.6,242.95,0.36,24.13
2021-07-30 19:40:00,5.67,241.92,0.35,24.14
2021-07-30 19:42:00,5.49,243.38,0.32,24.14
2021-07-30 19:44:00,5.57,242.78,0.28,24.05
2021-07-30 19:46:00,5.46,243.14,0.32,24.05
2021-07-30 19:48:00,4.949999999999999,243.08,0.05,24.05
2021-07-30 19:50:00,4.85,243.48,0.12,24.05
2021-07-30 19:52:00,5.5600000000000005,243.67,0.33,24.05
2021-07-30 19:54:00,5.76,244.4,0.32,24.05
2021-07-30 19:58:00,5.54,242.92,0.32,24.05
2021-07-30 20:00:00,5.68,242.69,0.3,24.05
2021-07-30 20:02:00,5.609999999999999,243.11,0.31,24.05
2021-07-30 20:04:00,5.529999999999999,243.15,0.28,24.05
2021-07-30 20:06:00,5.94,243.02,0.37,24.05
2021-07-30 20:08:00,5.3100000000000005,244.03,0.28,24.05
2021-07-30 20:10:00,5.459999999999999,245.19,0.3,24.05
2021-07-30 20:12:00,5.69,245.18,0.3,24.05
2021-07-30 20:14:00,5.58,244.1,0.29,24.05
2021-07-30 20:16:00,5.789999999999999,244.4,0.32,24.05
2021-07-30 20:18:00,5.58,245.33,0.32,24.05
2021-07-30 20:20:00,76.57000000000001,241.59,0.76,24.05
2021-07-30 20:22:00,4.98,244.31,0.14,24.05
2021-07-30 20:24:00,5.51,242.9,0.3,24.05
2021-07-30 20:26:00,5.62,244.09,0.29,24.05
2021-07-30 20:28:00,5.54,244.53,0.29,24.05
2021-07-30 20:30:00,4.94,245.09,0.12,24.19
2021-07-30 20:32:00,5.39,243.8,0.31,24.09
2021-07-30 20:34:00,5.58,243.37,0.28,24.09
2021-07-30 20:36:00,5.68,243.88,0.34,24.09
2021-07-30 20:38:00,5.46,245.23,0.34,24.09
2021-07-30 20:40:00,5.68,245.15,0.33,24.09
2021-07-30 20:42:00,5.78,243.69,0.3,24.09
2021-07-30 20:44:00,5.44,243.73,0.23,24.09
2021-07-30 20:48:00,5.57,243.61,0.26,24.09
2021-07-30 20:50:00,5.5600000000000005,244.56,0.34,24.09
2021-07-30 20:52:00,5.58,244.71,0.35,24.09
2021-07-30 20:54:00,5.49,243.93,0.28,24.09
2021-07-30 20:56:00,5.21,244.24,0.27,24.09
2021-07-30 20:58:00,5.66,245.45,0.36,24.09
2021-07-30 21:00:00,5.470000000000001,245.4,0.26,24.09
2021-07-30 21:02:00,5.359999999999999,245.56,0.29,24.09
2021-07-30 21:04:00,5.720000000000001,244.18,0.35,24.09
2021-07-30 21:06:00,5.65,243.93,0.34,24.09
2021-07-30 21:10:00,5.59,246.3,0.34,24.09
2021-07-30 21:12:00,5.48,244.1,0.27,24.09
2021-07-30 21:14:00,5.42,245.04,0.32,24.09
2021-07-30 21:16:00,5.69,243.89,0.27,24.09
2021-07-30 21:18:00,5.7,244.78,0.35,24.09
2021-07-30 21:20:00,5.71,243.74,0.36,24.09
2021-07-30 21:22:00,5.800000000000001,244.22,0.31,24.09
2021-07-30 21:24:00,5.49,244.24,0.26,24.09
2021-07-30 21:26:00,5.74,244.48,0.36,24.09
2021-07-30 21:30:00,5.65,244.49,0.28,24.19
2021-07-30 21:32:00,5.41,244.85,0.28,24.18
2021-07-30 21:34:00,5.5600000000000005,243.02,0.34,24.19
2021-07-30 21:36:00,5.779999999999999,244.37,0.34,24.19
2021-07-30 21:38:00,5.5200000000000005,242.96,0.27,24.19
2021-07-30 21:40:00,5.5600000000000005,243.2,0.29,24.19
2021-07-30 21:42:00,5.85,243.79,0.27,24.19
2021-07-30 21:48:00,5.65,243.08,0.27,24.19
2021-07-30 21:52:00,5.73,243.21,0.28,24.17
2021-07-30 21:54:00,5.529999999999999,242.55,0.38,24.19
2021-07-30 21:56:00,5.63,242.0,0.27,24.19
2021-07-30 21:58:00,5.4,243.13,0.29,24.19
2021-07-30 22:00:00,5.62,242.35,0.28,24.19
2021-07-30 22:02:00,5.49,242.81,0.29,24.19
2021-07-30 22:04:00,5.42,242.81,0.26,24.19
2021-07-30 22:06:00,5.6,244.42,0.37,24.19
2021-07-30 22:08:00,5.76,243.28,0.25,24.19
2021-07-30 22:10:00,5.44,243.32,0.3,24.19
2021-07-30 22:12:00,5.51,242.93,0.31,24.19
2021-07-30 22:14:00,5.82,243.47,0.34,24.19
2021-07-30 22:16:00,5.66,243.36,0.34,24.19
2021-07-30 22:18:00,5.45,243.62,0.28,24.19
2021-07-30 22:20:00,5.76,243.95,0.28,24.19
2021-07-30 22:22:00,5.700000000000001,244.02,0.26,24.19
2021-07-30 22:24:00,5.720000000000001,242.51,0.32,24.19
2021-07-30 22:26:00,5.81,242.8,0.3,24.19
2021-07-30 22:28:00,5.5,243.16,0.29,24.19
2021-07-30 22:32:00,5.54,244.62,0.24,24.18
2021-07-30 22:36:00,5.59,243.1,0.26,24.18
2021-07-30 22:38:00,5.48,244.21,0.26,24.17
2021-07-30 22:40:00,5.46,244.61,0.3,24.17
2021-07-30 22:42:00,5.430000000000001,241.85,0.37,24.17
2021-07-30 22:44:00,5.779999999999999,243.84,0.29,24.17
2021-07-30 22:46:00,5.779999999999999,243.89,0.33,24.17
2021-07-30 22:48:00,5.65,242.88,0.33,24.17
2021-07-30 22:50:00,5.75,242.22,0.31,24.17
2021-07-30 22:52:00,5.75,242.96,0.35,24.18
2021-07-30 22:54:00,5.57,243.57,0.25,24.21
2021-07-30 22:56:00,5.79,244.67,0.38,24.21
2021-07-30 22:58:00,5.7,245.55,0.3,24.2
2021-07-30 23:00:00,5.5600000000000005,244.49,0.33,24.21
2021-07-30 23:02:00,5.68,243.65,0.34,24.21
2021-07-30 23:04:00,5.67,244.45,0.28,24.21
2021-07-30 23:06:00,5.41,243.13,0.26,24.21
2021-07-30 23:08:00,5.57,244.62,0.3,24.21
2021-07-30 23:10:00,5.7,243.44,0.22,24.21
2021-07-30 23:12:00,5.640000000000001,243.49,0.29,24.21
2021-07-30 23:14:00,5.75,243.33,0.32,24.21
2021-07-30 23:16:00,4.73,245.29,0.09,24.21
2021-07-30 23:18:00,5.550000000000001,244.77,0.33,24.21
2021-07-30 23:20:00,5.609999999999999,243.33,0.37,24.21
2021-07-30 23:22:00,5.8100000000000005,242.87,0.31,24.21
2021-07-30 23:24:00,5.529999999999999,244.4,0.22,24.21
2021-07-30 23:26:00,5.36,243.06,0.34,24.21
2021-07-30 23:28:00,5.55,242.47,0.24,24.21
2021-07-30 23:30:00,5.73,244.17,0.37,24.2
2021-07-30 23:32:00,5.6,242.75,0.28,24.2
2021-07-30 23:34:00,5.77,243.19,0.29,24.21
2021-07-30 23:36:00,5.540000000000001,242.19,0.31,24.2
2021-07-30 23:38:00,5.7,243.12,0.36,24.19
2021-07-30 23:40:00,5.41,244.38,0.27,24.2
2021-07-30 23:42:00,5.65,243.77,0.29,24.2
2021-07-30 23:44:00,5.41,242.79,0.3,24.2
2021-07-30 23:46:00,5.32,242.07,0.31,24.19
2021-07-30 23:48:00,5.72,242.51,0.24,24.19
2021-07-30 23:50:00,5.75,241.73,0.32,24.19
2021-07-30 23:52:00,5.48,243.51,0.27,24.19
2021-07-30 23:54:00,5.68,243.1,0.35,24.19
2021-07-30 23:56:00,5.79,243.02,0.29,24.18
2021-07-31 00:00:00,5.71,242.81,0.34,24.18
2021-07-31 00:02:00,5.74,241.99,0.35,24.18
2021-07-31 00:04:00,5.68,242.95,0.34,24.18
2021-07-31 00:06:00,5.73,241.21,0.28,24.18
2021-07-31 00:08:00,5.53,243.4,0.29,24.18
2021-07-31 00:10:00,5.72,243.2,0.28,24.18
2021-07-31 00:12:00,5.58,242.93,0.26,24.15
2021-07-31 00:14:00,5.640000000000001,241.52,0.29,24.15
2021-07-31 00:16:00,5.67,242.85,0.27,24.15
2021-07-31 00:18:00,5.35,242.31,0.28,24.15
2021-07-31 00:20:00,5.579999999999999,240.9,0.31,24.18
2021-07-31 00:22:00,5.56,241.4,0.27,24.15
2021-07-31 00:24:00,75.01,239.3,0.77,24.15
2021-07-31 00:26:00,5.38,241.47,0.31,24.15
2021-07-31 00:28:00,5.539999999999999,243.1,0.3,24.15
2021-07-31 00:30:00,5.53,242.92,0.36,24.19
2021-07-31 00:32:00,5.75,243.16,0.29,24.19
2021-07-31 00:34:00,5.61,242.31,0.41,24.2
2021-07-31 00:36:00,5.63,241.73,0.28,24.2
2021-07-31 00:38:00,5.6,242.66,0.26,24.2
2021-07-31 00:40:00,5.35,242.35,0.29,24.2
2021-07-31 00:42:00,5.58,241.72,0.26,24.2
2021-07-31 00:44:00,5.79,243.1,0.31,24.2
2021-07-31 00:46:00,5.62,243.59,0.36,24.2
2021-07-31 00:48:00,5.75,242.1,0.33,24.2
2021-07-31 00:52:00,5.47,243.33,0.25,24.2
2021-07-31 00:54:00,5.66,242.04,0.37,24.2
2021-07-31 00:56:00,5.74,242.72,0.27,24.2
2021-07-31 00:58:00,5.68,242.05,0.35,24.2
2021-07-31 01:00:00,5.69,244.81,0.26,24.2
2021-07-31 01:02:00,5.78,243.16,0.35,24.2
2021-07-31 01:04:00,5.5200000000000005,242.58,0.27,24.2
2021-07-31 01:06:00,5.69,243.23,0.33,24.2
2021-07-31 01:08:00,5.7,243.2,0.32,24.2
2021-07-31 01:10:00,5.39,241.5,0.28,24.2
2021-07-31 01:12:00,4.98,241.44,0.11,24.2
2021-07-31 01:14:00,5.609999999999999,241.04,0.28,24.2
2021-07-31 01:16:00,5.51,245.33,0.26,24.2
2021-07-31 01:18:00,5.630000000000001,242.73,0.26,24.2
2021-07-31 01:20:00,5.42,242.56,0.28,24.2
2021-07-31 01:22:00,5.69,242.87,0.3,24.21
2021-07-31 01:24:00,5.79,244.6,0.34,24.21
2021-07-31 01:26:00,5.59,244.82,0.33,24.21
2021-07-31 01:28:00,5.52,244.71,0.35,24.21
2021-07-31 01:30:00,5.71,244.94,0.35,24.13
2021-07-31 01:32:00,5.380000000000001,244.73,0.3,24.21
2021-07-31 01:34:00,5.63,244.5,0.29,24.2
2021-07-31 01:36:00,5.359999999999999,243.6,0.26,24.2
2021-07-31 01:38:00,5.49,244.46,0.37,24.19
2021-07-31 01:42:00,5.63,245.5,0.31,24.17
2021-07-31 01:44:00,5.42,245.13,0.28,24.14
2021-07-31 01:46:00,5.840000000000001,244.72,0.27,24.14
2021-07-31 01:48:00,74.99,241.38,0.77,24.14
2021-07-31 01:50:00,5.529999999999999,245.08,0.39,24.14
2021-07-31 01:52:00,5.74,245.05,0.29,24.14
2021-07-31 01:54:00,5.52,245.62,0.28,24.14
2021-07-31 01:56:00,5.470000000000001,243.3,0.31,24.14
2021-07-31 01:58:00,5.76,244.38,0.32,24.14
2021-07-31 02:00:00,5.529999999999999,243.58,0.28,24.14
2021-07-31 02:04:00,5.630000000000001,244.25,0.29,24.14
2021-07-31 02:06:00,5.76,244.48,0.26,24.14
2021-07-31 02:08:00,5.65,244.86,0.35,24.14
2021-07-31 02:10:00,5.7,245.17,0.27,24.15
2021-07-31 02:12:00,5.66,243.94,0.3,24.15
2021-07-31 02:14:00,5.72,245.4,0.32,24.15
2021-07-31 02:16:00,5.41,243.96,0.26,24.15
2021-07-31 02:18:00,5.779999999999999,243.07,0.36,24.15
2021-07-31 02:20:00,4.76,244.38,0.06,24.15
2021-07-31 02:22:00,4.68,243.78,0.07,24.15
2021-07-31 02:24:00,5.7,242.87,0.29,24.15
2021-07-31 02:26:00,5.6000000000000005,244.46,0.32,24.15
2021-07-31 02:28:00,5.31,244.36,0.32,24.17
2021-07-31 02:32:00,5.529999999999999,243.71,0.25,24.13
2021-07-31 02:36:00,5.76,245.23,0.29,24.14
2021-07-31 02:38:00,5.53,244.25,0.32,24.14
2021-07-31 02:40:00,5.74,243.95,0.3,24.17
2021-07-31 02:42:00,5.8,242.89,0.28,24.19
2021-07-31 02:44:00,5.7700000000000005,243.01,0.33,24.2
2021-07-31 02:46:00,5.930000000000001,242.26,0.36,24.21
2021-07-31 02:48:00,5.82,243.1,0.38,24.21
2021-07-31 02:50:00,5.38,244.05,0.28,24.2
2021-07-31 02:52:00,5.67,242.49,0.34,24.2
2021-07-31 02:54:00,5.44,243.78,0.34,24.19
2021-07-31 02:56:00,5.42,243.18,0.3,24.19
2021-07-31 02:58:00,5.449999999999999,241.48,0.32,24.21
2021-07-31 03:00:00,5.46,244.71,0.3,24.21
2021-07-31 03:02:00,5.51,242.62,0.27,24.21
2021-07-31 03:04:00,5.84,243.84,0.29,24.21
2021-07-31 03:06:00,5.85,243.54,0.33,24.21
2021-07-31 03:08:00,5.540000000000001,241.98,0.32,24.21
2021-07-31 03:10:00,5.65,242.53,0.24,24.21
2021-07-31 03:12:00,5.58,243.96,0.35,24.21
2021-07-31 03:14:00,5.45,243.52,0.29,24.21
2021-07-31 03:16:00,5.62,242.74,0.4,24.21
2021-07-31 03:18:00,5.800000000000001,241.69,0.34,24.21
2021-07-31 03:20:00,4.800000000000001,241.25,0.01,24.21
2021-07-31 03:22:00,5.4,241.22,0.28,24.21
2021-07-31 03:24:00,5.5,243.12,0.29,24.21
2021-07-31 03:26:00,5.68,240.79,0.27,24.21
2021-07-31 03:28:00,5.470000000000001,240.37,0.28,24.21
2021-07-31 03:30:00,5.53,241.08,0.37,24.23
2021-07-31 03:32:00,5.73,241.74,0.35,24.22
2021-07-31 03:34:00,5.69,240.98,0.32,24.22
2021-07-31 03:36:00,5.5600000000000005,240.94,0.3,24.22
2021-07-31 03:38:00,5.76,243.77,0.3,24.14
2021-07-31 03:40:00,5.65,243.58,0.3,24.14
2021-07-31 03:42:00,5.44,243.99,0.28,24.13
2021-07-31 03:48:00,5.26,241.98,0.36,24.14
2021-07-31 03:50:00,5.42,241.98,0.36,24.14
2021-07-31 03:52:00,5.789999999999999,240.5,0.27,24.14
2021-07-31 03:54:00,5.800000000000001,239.9,0.34,24.14
2021-07-31 03:56:00,5.710000000000001,240.38,0.35,24.14
2021-07-31 03:58:00,5.680000000000001,240.46,0.33,24.13
2021-07-31 04:00:00,5.5600000000000005,244.45,0.25,24.13
2021-07-31 04:02:00,5.69,245.22,0.32,24.13
2021-07-31 04:04:00,5.55,244.26,0.31,24.13
2021-07-31 04:06:00,5.53,245.2,0.35,24.13
2021-07-31 04:08:00,5.6000000000000005,243.69,0.23,24.13
2021-07-31 04:10:00,5.630000000000001,243.27,0.34,24.13
2021-07-31 04:12:00,5.5600000000000005,242.5,0.29,24.13
2021-07-31 04:14:00,5.49,242.8,0.35,24.13
2021-07-31 04:16:00,5.82,241.64,0.31,24.13
2021-07-31 04:18:00,4.67,243.38,-0.0,24.13
2021-07-31 04:20:00,5.49,241.52,0.23,24.13
2021-07-31 04:22:00,5.529999999999999,242.6,0.27,24.13
2021-07-31 04:24:00,5.71,241.97,0.28,24.13
2021-07-31 04:26:00,5.72,241.69,0.33,24.14
2021-07-31 04:28:00,5.609999999999999,240.8,0.38,24.13
2021-07-31 04:32:00,5.5200000000000005,242.42,0.32,24.27
2021-07-31 04:36:00,5.699999999999999,241.55,0.28,24.25
2021-07-31 04:38:00,5.590000000000001,242.21,0.36,24.26
2021-07-31 04:40:00,5.69,242.17,0.3,24.27
2021-07-31 04:42:00,5.82,242.62,0.35,24.23
2021-07-31 04:44:00,5.359999999999999,241.89,0.3,24.23
2021-07-31 04:46:00,5.840000000000001,240.67,0.29,24.23
2021-07-31 04:48:00,5.61,239.87,0.27,24.22
2021-07-31 04:50:00,5.65,240.54,0.29,24.22
2021-07-31 04:54:00,5.59,239.09,0.32,24.23
2021-07-31 04:56:00,5.47,238.16,0.28,24.23
2021-07-31 04:58:00,5.78,236.07,0.29,24.23
2021-07-31 05:00:00,5.76,237.73,0.35,24.23
2021-07-31 05:02:00,5.5600000000000005,241.39,0.31,24.23
2021-07-31 05:04:00,5.739999999999999,240.12,0.25,24.23
2021-07-31 05:06:00,5.49,241.19,0.29,24.23
2021-07-31 05:08:00,5.55,241.39,0.31,24.23
2021-07-31 05:10:00,5.5600000000000005,240.95,0.28,24.23
2021-07-31 05:12:00,5.640000000000001,238.38,0.28,24.23
2021-07-31 05:14:00,5.72,239.55,0.32,24.23
2021-07-31 05:16:00,5.83,240.42,0.32,24.23
2021-07-31 05:18:00,5.61,241.11,0.36,24.22
2021-07-31 05:20:00,5.7,241.97,0.23,24.22
2021-07-31 05:22:00,5.96,241.05,0.35,24.22
2021-07-31 05:24:00,5.76,242.1,0.33,24.22
2021-07-31 05:26:00,5.46,241.4,0.24,24.22
2021-07-31 05:28:00,5.720000000000001,243.53,0.33,24.22
2021-07-31 05:30:00,5.54,244.32,0.27,24.34
2021-07-31 05:32:00,5.52,243.49,0.27,24.28
2021-07-31 05:34:00,5.48,242.03,0.27,24.29
2021-07-31 05:40:00,5.68,240.52,0.34,24.29
2021-07-31 05:42:00,5.699999999999999,242.21,0.25,24.29
2021-07-31 05:44:00,5.67,241.68,0.31,24.29
2021-07-31 05:46:00,5.8100000000000005,241.57,0.33,24.29
2021-07-31 05:48:00,5.58,239.8,0.29,24.29
2021-07-31 05:50:00,5.58,239.79,0.29,24.29
2021-07-31 05:52:00,5.62,239.05,0.35,24.29
2021-07-31 05:54:00,5.470000000000001,241.0,0.36,24.29
2021-07-31 05:56:00,5.43,239.87,0.3,24.29
2021-07-31 05:58:00,5.53,239.46,0.3,24.29
2021-07-31 06:00:00,5.43,240.32,0.29,24.29
2021-07-31 06:02:00,5.720000000000001,240.35,0.32,24.29
2021-07-31 06:04:00,5.65,240.53,0.29,24.29
2021-07-31 06:06:00,4.47,240.0,0.08,24.29
2021-07-31 06:08:00,5.5,239.17,0.34,24.29
2021-07-31 06:10:00,5.66,239.61,0.31,24.29
2021-07-31 06:12:00,5.48,241.23,0.29,24.29
2021-07-31 06:14:00,5.59,240.7,0.3,24.29
2021-07-31 06:18:00,5.55,242.89,0.33,24.27
2021-07-31 06:20:00,64.0,240.83,0.74,24.27
2021-07-31 06:22:00,5.779999999999999,241.33,0.31,24.29
2021-07-31 06:24:00,5.5,241.49,0.27,24.33
2021-07-31 06:26:00,5.47,240.69,0.26,24.34
2021-07-31 06:30:00,5.65,240.6,0.22,24.35
2021-07-31 06:34:00,5.75,241.02,0.31,24.36
2021-07-31 06:36:00,5.74,239.26,0.36,24.34
2021-07-31 06:42:00,5.55,240.53,0.36,24.35
2021-07-31 06:44:00,5.68,240.21,0.29,24.35
2021-07-31 06:46:00,5.85,241.29,0.28,24.35
2021-07-31 06:48:00,5.5,240.89,0.34,24.34
2021-07-31 06:50:00,5.54,238.23,0.3,24.33
2021-07-31 06:52:00,5.76,239.45,0.39,24.34
2021-07-31 06:54:00,5.44,239.43,0.32,24.35
2021-07-31 06:56:00,5.7700000000000005,239.23,0.29,24.27
2021-07-31 06:58:00,5.84,239.37,0.34,24.27
2021-07-31 07:00:00,5.76,241.51,0.37,24.27
2021-07-31 07:02:00,4.98,242.16,0.05,24.28
2021-07-31 07:04:00,4.640000000000001,241.01,0.07,24.28
2021-07-31 07:06:00,5.8100000000000005,240.51,0.35,24.28
2021-07-31 07:08:00,5.7700000000000005,240.54,0.33,24.28
2021-07-31 07:10:00,5.609999999999999,241.54,0.33,24.28
2021-07-31 07:12:00,5.550000000000001,242.23,0.3,24.28
2021-07-31 07:16:00,5.62,242.4,0.3,24.27
2021-07-31 07:20:00,5.75,242.66,0.24,24.27
2021-07-31 07:22:00,5.67,239.54,0.27,24.27
2021-07-31 07:26:00,4.8,240.17,0.11,24.41
2021-07-31 07:28:00,4.87,242.0,-0.04,24.4
2021-07-31 07:30:00,5.64,240.62,0.35,24.39
2021-07-31 07:32:00,5.82,242.29,0.34,24.38
2021-07-31 07:34:00,5.5,242.58,0.25,24.38
2021-07-31 07:36:00,5.52,243.01,0.34,24.37
2021-07-31 07:38:00,5.640000000000001,241.36,0.34,24.36
2021-07-31 07:40:00,5.800000000000001,240.78,0.33,24.35
2021-07-31 07:42:00,5.4,244.42,0.28,24.36
2021-07-31 07:44:00,5.54,242.95,0.27,24.36
2021-07-31 07:46:00,5.57,242.22,0.27,24.38
2021-07-31 07:48:00,5.67,243.58,0.28,24.39
2021-07-31 07:50:00,5.43,244.73,0.29,24.39
2021-07-31 07:52:00,5.65,243.6,0.31,24.39
2021-07-31 07:54:00,5.640000000000001,243.01,0.28,24.39
2021-07-31 07:56:00,5.76,243.01,0.35,24.38
2021-07-31 07:58:00,5.59,244.63,0.22,24.37
2021-07-31 08:00:00,5.57,243.7,0.32,24.36
2021-07-31 08:02:00,5.68,243.81,0.3,24.35
2021-07-31 08:04:00,5.49,244.54,0.34,24.36
2021-07-31 08:06:00,5.529999999999999,242.81,0.27,24.36
2021-07-31 08:10:00,5.62,243.14,0.28,24.35
2021-07-31 08:12:00,5.630000000000001,244.29,0.27,24.36
2021-07-31 08:14:00,5.39,243.03,0.23,24.38
2021-07-31 08:16:00,5.619999999999999,243.26,0.34,24.39
2021-07-31 08:18:00,5.63,242.67,0.29,24.4
2021-07-31 08:20:00,5.609999999999999,242.94,0.25,24.39
2021-07-31 08:22:00,5.8,245.08,0.33,24.39
2021-07-31 08:24:00,5.73,245.34,0.29,24.4
2021-07-31 08:26:00,5.46,244.76,0.31,24.39
2021-07-31 08:28:00,5.69,243.31,0.27,24.38
2021-07-31 08:32:00,5.71,244.28,0.29,24.41
2021-07-31 08:36:00,5.53,244.69,0.28,24.31
2021-07-31 08:38:00,5.65,242.82,0.33,24.32
2021-07-31 08:40:00,5.73,242.25,0.33,24.34
2021-07-31 08:42:00,5.53,242.14,0.34,24.37
2021-07-31 08:44:00,5.5200000000000005,242.73,0.29,24.38
2021-07-31 08:46:00,5.89,242.09,0.26,24.38
2021-07-31 08:48:00,5.77,241.69,0.27,24.38
2021-07-31 08:50:00,5.65,241.68,0.3,24.38
2021-07-31 08:52:00,5.57,242.88,0.32,24.38
2021-07-31 08:54:00,38.96,241.79,0.89,24.38
2021-07-31 08:56:00,4.71,241.88,0.07,24.38
2021-07-31 08:58:00,5.72,242.93,0.32,24.37
2021-07-31 09:00:00,5.85,243.32,0.29,24.36
2021-07-31 09:02:00,5.74,243.5,0.35,24.36
2021-07-31 09:04:00,5.43,242.79,0.32,24.36
2021-07-31 09:06:00,5.65,243.41,0.35,24.37
2021-07-31 09:08:00,5.590000000000001,243.2,0.28,24.39
2021-07-31 09:10:00,5.65,243.43,0.34,24.41
2021-07-31 09:12:00,5.76,242.75,0.25,24.43
2021-07-31 09:14:00,5.659999999999999,243.55,0.28,24.43
2021-07-31 09:16:00,5.390000000000001,243.66,0.29,24.44
2021-07-31 09:18:00,5.619999999999999,241.56,0.26,24.44
2021-07-31 09:20:00,5.69,241.96,0.26,24.43
2021-07-31 09:22:00,5.43,243.27,0.35,24.43
2021-07-31 09:24:00,5.64,244.25,0.34,24.42
2021-07-31 09:26:00,5.58,243.9,0.25,24.43
2021-07-31 09:28:00,5.49,242.21,0.33,24.42
2021-07-31 09:30:00,5.470000000000001,243.2,0.33,23.96
2021-07-31 09:32:00,5.69,244.78,0.28,24.41
2021-07-31 09:38:00,5.510000000000001,243.64,0.23,24.41
2021-07-31 09:40:00,5.59,240.33,0.25,24.4
2021-07-31 09:42:00,5.699999999999999,239.43,0.32,24.42
2021-07-31 09:44:00,5.46,240.48,0.28,24.44
2021-07-31 09:46:00,5.48,241.51,0.29,24.34
2021-07-31 09:48:00,5.64,240.66,0.29,24.34
2021-07-31 09:50:00,5.800000000000001,242.06,0.33,24.34
2021-07-31 09:52:00,5.53,242.48,0.35,24.34
2021-07-31 09:54:00,5.61,242.47,0.28,24.34
2021-07-31 14:26:00,5.5600000000000005,243.94,0.34,23.85
2021-07-31 14:28:00,5.73,244.26,0.32,23.91
2021-08-01 03:36:00,5.65,241.36,0.36,23.49
2021-08-01 03:54:00,5.68,242.96,0.27,23.96
2021-08-01 04:00:00,65.83,242.41,0.74,23.87
2021-08-01 04:24:00,5.6,242.34,0.31,23.85
2021-08-03 07:14:00,20.68,237.82,0.04,23.49
2021-08-03 07:16:00,14.41,237.48,0.05,23.49
2021-08-03 07:18:00,9.92,236.75,0.19,23.51
2021-08-03 07:20:00,6.41,237.68,0.29,23.53
2021-08-03 07:22:00,6.09,237.66,0.3,23.54
2021-08-03 07:26:00,5.8100000000000005,238.76,0.29,23.55
2021-08-03 07:28:00,5.59,237.99,0.27,23.55
2021-08-03 07:32:00,5.54,236.18,0.29,23.69
2021-08-03 07:36:00,5.59,240.59,0.33,23.69
2021-08-03 07:38:00,5.53,241.44,0.28,23.69
2021-08-03 07:40:00,5.930000000000001,240.92,0.3,23.48
2021-08-03 07:42:00,40.16,238.58,0.54,23.48
2021-08-03 07:50:00,5.66,239.94,0.33,23.75
2021-08-03 07:52:00,5.66,239.95,0.36,23.78
2021-08-03 07:54:00,5.48,239.84,0.25,23.81
2021-08-03 07:56:00,5.56,240.46,0.24,23.83
2021-08-03 07:58:00,5.56,239.47,0.29,23.84
2021-08-03 08:00:00,5.49,239.46,0.24,23.83
2021-08-03 08:02:00,5.87,237.48,0.35,23.83
2021-08-03 08:04:00,5.57,238.95,0.32,23.84
2021-08-03 08:06:00,5.6000000000000005,236.95,0.32,23.87
2021-08-03 08:08:00,5.79,237.59,0.3,23.88
2021-08-03 08:10:00,5.71,239.48,0.31,23.48
2021-08-03 08:12:00,5.61,238.95,0.35,23.48
2021-08-03 08:16:00,5.71,236.79,0.35,23.83
2021-08-03 08:22:00,5.779999999999999,234.97,0.33,23.83
2021-08-03 08:24:00,5.69,236.55,0.3,23.83
2021-08-03 08:28:00,5.47,237.21,0.25,23.82
2021-08-03 16:04:00,5.54,242.42,0.33,23.68
2021-08-03 16:06:00,5.640000000000001,242.79,0.3,23.68
2021-08-03 16:08:00,5.92,243.81,0.31,23.73
2021-08-03 16:14:00,6.5600000000000005,244.55,0.28,23.73
2021-08-03 16:16:00,6.5600000000000005,244.22,0.24,23.73
2021-08-03 16:20:00,6.5600000000000005,243.01,0.24,23.72
2021-08-03 16:22:00,5.77,242.26,0.07,23.72
2021-08-03 16:24:00,6.5,242.12,0.27,23.72
2021-08-03 16:26:00,5.99,242.49,0.33,23.73
2021-08-03 16:28:00,5.64,242.15,0.31,23.73
2021-08-03 23:52:00,5.54,242.62,0.32,23.76
2021-08-03 23:54:00,5.44,244.04,0.33,23.68
2021-08-03 23:56:00,5.710000000000001,243.81,0.27,23.69
2021-08-03 23:58:00,5.609999999999999,243.91,0.34,23.72
2021-08-04 00:00:00,5.6000000000000005,243.52,0.32,23.73
2021-08-04 00:02:00,5.43,245.46,0.26,23.72
2021-08-04 00:04:00,5.56,245.25,0.31,23.7
2021-08-04 00:16:00,5.7,242.91,0.33,23.69
2021-08-04 00:18:00,6.0,244.01,0.33,23.69
2021-08-04 00:20:00,5.33,244.9,0.33,23.7
2021-08-04 00:28:00,5.61,243.25,0.32,23.73
2021-08-04 00:32:00,5.69,244.11,0.36,23.76
2021-08-04 00:34:00,5.65,242.29,0.31,23.78
2021-08-04 00:44:00,5.5,243.8,0.31,23.73
2021-08-04 00:50:00,5.46,243.46,0.29,23.69
2021-08-04 00:52:00,5.8,243.14,0.32,23.68
2021-08-04 00:58:00,5.75,243.32,0.35,23.67
2021-08-04 01:00:00,5.52,243.41,0.33,23.68
2021-08-04 01:02:00,5.84,243.2,0.27,23.68
2021-08-04 01:04:00,5.61,243.05,0.28,23.69
2021-08-04 01:06:00,5.67,243.85,0.29,23.69
2021-08-04 01:10:00,5.619999999999999,240.94,0.27,23.67
2021-08-04 01:12:00,5.89,241.33,0.24,23.67
2021-08-04 01:14:00,5.49,243.86,0.26,23.67
2021-08-04 01:16:00,5.54,244.27,0.26,23.68
2021-08-04 01:18:00,5.67,245.01,0.3,23.7
2021-08-04 01:20:00,5.630000000000001,244.08,0.32,23.72
2021-08-04 01:24:00,5.82,241.82,0.32,23.74
2021-08-04 01:40:00,5.8100000000000005,243.28,0.3,24.36
2021-08-04 01:42:00,5.41,241.56,0.3,23.7
2021-08-04 01:44:00,5.68,242.4,0.34,23.76
2021-08-04 01:46:00,5.65,241.49,0.34,23.75
2021-08-04 01:48:00,5.81,242.85,0.31,23.73
2021-08-04 01:52:00,5.75,242.88,0.31,23.73
2021-08-04 01:54:00,5.68,242.08,0.27,23.75
2021-08-04 02:00:00,5.48,242.25,0.26,23.76
2021-08-04 02:02:00,5.7,241.52,0.33,23.77
2021-08-04 02:06:00,5.69,244.38,0.26,23.77
2021-08-04 02:08:00,5.710000000000001,243.25,0.32,23.76
2021-08-04 02:10:00,5.75,244.43,0.32,23.74
2021-08-04 02:12:00,5.78,244.65,0.29,23.72
2021-08-04 02:20:00,5.609999999999999,242.28,0.29,23.72
2021-08-04 02:22:00,5.949999999999999,243.67,0.29,23.7
2021-08-07 10:48:00,20.950000000000003,240.6,0.03,24.19
2021-08-07 10:52:00,9.82,241.88,0.18,24.36
2021-08-07 10:54:00,6.63,243.01,0.26,24.38
2021-08-07 10:58:00,4.79,240.83,0.09,24.39
2021-08-07 11:00:00,4.62,241.97,0.0,24.38
2021-08-07 11:02:00,4.79,242.83,0.01,24.37
2021-08-07 11:04:00,5.74,244.35,0.35,24.35
2021-08-07 11:06:00,4.66,243.78,0.06,24.34
2021-08-07 11:08:00,4.73,243.21,0.04,24.32
2021-08-07 11:12:00,5.58,242.19,0.29,24.29
2021-08-07 11:14:00,5.54,243.17,0.31,24.27
2021-08-07 11:16:00,5.859999999999999,241.19,0.27,24.26
2021-08-07 11:18:00,5.6,242.05,0.31,24.23
2021-08-07 11:20:00,5.41,242.39,0.27,24.24
2021-08-07 11:22:00,5.51,241.57,0.33,24.26
2021-08-07 11:28:00,5.459999999999999,241.48,0.3,24.26
2021-08-07 11:30:00,5.63,242.51,0.25,24.28
2021-08-07 11:32:00,5.61,244.17,0.3,24.14
2021-08-07 11:34:00,5.619999999999999,242.54,0.29,24.14
2021-08-07 11:36:00,5.73,243.28,0.34,24.17
2021-08-07 11:42:00,5.73,242.31,0.34,24.2
2021-08-07 12:16:00,5.57,244.27,0.28,24.19
2021-08-07 12:18:00,5.640000000000001,244.36,0.29,24.19
2021-08-07 12:20:00,5.63,243.1,0.28,24.18
2021-08-07 12:22:00,5.68,243.12,0.29,24.14
2021-08-07 12:24:00,5.44,245.01,0.33,24.13
2021-08-07 12:26:00,5.33,244.52,0.29,24.12
2021-08-07 12:28:00,5.619999999999999,245.67,0.32,24.12
2021-08-09 02:14:00,4.58,243.58,0.03,24.02
2021-08-09 02:16:00,20.56,240.48,0.03,24.11
2021-08-09 02:18:00,14.11,242.18,0.01,24.26
2021-08-09 02:20:00,9.78,243.64,0.15,24.25
2021-08-09 02:22:00,5.93,245.78,-0.01,24.25
2021-08-09 02:24:00,5.96,243.84,0.3,24.25
2021-08-09 02:28:00,5.66,243.23,0.27,24.27
2021-08-09 23:30:00,5.54,243.08,0.26,23.95
2021-08-09 23:32:00,5.79,242.9,0.31,23.96
2021-08-09 23:34:00,5.65,242.96,0.33,23.98
2021-08-09 23:36:00,5.8500000000000005,241.53,0.31,24.0
2021-08-09 23:38:00,5.67,241.5,0.31,24.02
2021-08-09 23:40:00,5.77,241.53,0.31,24.0
2021-08-09 23:42:00,5.98,241.36,0.33,24.0
2021-08-09 23:44:00,5.64,241.97,0.28,23.97
2021-08-09 23:46:00,5.7700000000000005,243.2,0.27,23.95
2021-08-09 23:48:00,4.9,243.03,0.07,23.94
2021-08-09 23:52:00,5.94,242.03,0.33,23.94
2021-08-09 23:54:00,5.62,241.5,0.34,23.95
2021-08-09 23:56:00,5.72,240.57,0.34,23.97
2021-08-09 23:58:00,5.72,242.61,0.28,24.02
2021-08-10 00:00:00,5.72,242.04,0.31,24.02
2021-08-10 00:04:00,5.7700000000000005,242.06,0.31,24.02
2021-08-10 00:06:00,5.48,242.91,0.29,23.97
2021-08-10 00:10:00,5.800000000000001,243.71,0.32,23.95
2021-08-10 00:12:00,5.8,245.32,0.34,23.95
2021-08-10 00:14:00,5.62,245.47,0.32,23.97
2021-08-10 00:16:00,5.620000000000001,243.63,0.38,23.98
2021-08-10 00:20:00,5.7,243.69,0.23,24.02
2021-08-10 00:22:00,5.69,243.57,0.25,24.05
2021-08-10 00:24:00,5.640000000000001,243.79,0.27,24.04
2021-08-10 00:26:00,5.87,243.32,0.27,24.04
2021-08-10 00:28:00,5.630000000000001,243.92,0.31,24.0
2021-08-10 02:02:00,5.5200000000000005,243.82,0.31,23.61
2021-08-10 02:04:00,5.68,241.59,0.29,23.99
2021-08-10 02:08:00,5.83,242.57,0.32,23.95
2021-08-10 02:10:00,5.319999999999999,243.43,0.26,23.95
2021-08-10 02:12:00,5.71,244.1,0.34,23.96
2021-08-10 02:14:00,5.53,243.42,0.27,23.97
2021-08-10 02:18:00,5.760000000000001,242.3,0.3,23.99
2021-08-10 21:56:00,20.76,246.29,0.03,23.72
2021-08-10 21:58:00,14.02,245.22,0.04,23.58
2021-08-10 22:00:00,9.77,245.11,0.19,23.63
2021-08-10 22:02:00,6.81,244.27,0.26,23.63
2021-08-10 22:04:00,6.109999999999999,244.26,0.29,23.63
2021-08-10 22:06:00,5.7,246.3,0.32,23.6
2021-08-10 22:10:00,5.65,246.42,0.36,23.58
2021-08-10 22:12:00,5.44,244.95,0.32,23.55
2021-08-10 22:14:00,74.95,242.84,0.77,23.55
2021-08-10 22:16:00,5.58,244.83,0.27,23.55
2021-08-10 22:18:00,5.72,244.61,0.27,23.57
2021-08-10 22:22:00,5.44,244.56,0.35,23.58
2021-08-10 22:24:00,5.64,244.42,0.27,23.6
2021-08-10 22:26:00,5.64,244.63,0.3,23.62
2021-08-10 22:28:00,5.46,246.08,0.31,23.63
2021-08-11 03:26:00,5.43,246.78,0.33,23.77
2021-08-11 03:28:00,5.69,245.07,0.25,23.74
2021-08-11 03:30:00,5.51,242.68,0.32,25.32
2021-08-11 03:32:00,5.42,242.82,0.27,23.76
2021-08-11 03:50:00,5.62,239.54,0.25,23.76
2021-08-11 04:10:00,5.61,240.17,0.32,23.76
2021-08-11 04:12:00,5.44,239.4,0.31,23.81
2021-08-11 04:16:00,4.79,241.66,0.04,23.84
2021-08-11 15:34:00,20.85,242.19,0.02,25.31
2021-08-11 15:38:00,9.77,243.36,0.2,25.32
2021-08-11 15:40:00,6.5,241.7,0.25,25.32
2021-08-11 15:42:00,6.119999999999999,241.58,0.31,25.3
2021-08-11 15:44:00,6.15,240.96,0.29,25.28
2021-08-11 15:46:00,5.8500000000000005,241.84,0.25,25.27
2021-08-11 15:48:00,5.36,241.86,0.1,25.25
2021-08-11 15:50:00,5.7,241.75,0.31,25.25
2021-08-11 15:52:00,5.95,242.77,0.32,25.24
2021-08-11 15:54:00,5.8,242.31,0.33,25.23
2021-08-11 15:56:00,5.720000000000001,242.85,0.32,25.22
2021-08-11 15:58:00,5.720000000000001,243.66,0.34,25.22
2021-08-11 16:00:00,5.73,241.33,0.3,25.21
2021-08-11 16:06:00,5.87,241.88,0.32,25.18
2021-08-11 16:08:00,5.59,242.03,0.27,25.2
2021-08-11 16:10:00,5.57,241.05,0.31,25.18
2021-08-11 16:12:00,5.800000000000001,241.95,0.3,25.18
2021-08-11 16:14:00,5.66,240.63,0.32,25.2
2021-08-11 16:16:00,5.720000000000001,239.91,0.31,25.2
2021-08-11 16:18:00,5.7,241.15,0.28,25.2
2021-08-11 16:20:00,5.68,241.35,0.28,25.18
2021-08-11 16:22:00,5.449999999999999,240.71,0.3,25.18
2021-08-11 16:24:00,5.74,241.56,0.32,25.18
2021-08-11 16:26:00,5.71,242.37,0.29,25.18
2021-08-11 16:30:00,5.62,243.18,0.33,25.44
2021-08-11 16:34:00,5.76,242.32,0.32,25.25
2021-08-11 16:36:00,5.41,241.1,0.3,25.21
2021-08-11 16:38:00,5.63,241.25,0.29,25.21
2021-08-11 16:40:00,5.73,241.49,0.32,25.21
2021-08-11 16:42:00,5.5,241.16,0.32,25.21
2021-08-11 16:44:00,5.54,241.51,0.25,25.21
2021-08-11 16:46:00,5.77,240.12,0.33,25.21
2021-08-11 16:48:00,5.82,241.65,0.33,25.21
2021-08-11 16:50:00,5.74,241.89,0.34,25.21
2021-08-11 16:52:00,5.71,241.21,0.31,25.31
2021-08-11 16:54:00,5.85,241.75,0.32,25.31
2021-08-11 16:56:00,5.47,242.83,0.31,25.31
2021-08-11 16:58:00,5.550000000000001,242.85,0.35,25.31
2021-08-11 17:00:00,5.63,241.77,0.31,25.31
2021-08-11 17:02:00,5.86,241.3,0.37,25.31
2021-08-11 17:04:00,5.41,241.58,0.34,25.31
2021-08-11 17:06:00,5.54,241.11,0.26,25.31
2021-08-11 17:08:00,5.84,242.82,0.37,25.31
2021-08-11 17:12:00,5.47,242.1,0.3,25.24
2021-08-11 17:14:00,5.61,241.08,0.25,25.24
2021-08-11 17:16:00,5.739999999999999,242.5,0.36,25.24
2021-08-11 17:18:00,5.529999999999999,240.99,0.37,25.24
2021-08-11 17:20:00,5.550000000000001,241.33,0.33,25.24
2021-08-11 17:22:00,5.71,241.48,0.33,25.24
2021-08-11 17:24:00,5.8100000000000005,243.02,0.34,25.25
2021-08-11 17:26:00,5.26,242.98,0.27,25.25
2021-08-11 21:22:00,5.99,242.09,0.3,25.47
2021-08-11 21:26:00,5.760000000000001,242.27,0.35,25.45
2021-08-11 21:28:00,5.88,243.05,0.31,25.44
2021-08-11 21:32:00,5.83,243.87,0.25,25.22
2021-08-11 21:34:00,5.6000000000000005,243.58,0.3,25.52
2021-08-11 21:36:00,5.66,243.2,0.3,25.47
2021-08-11 21:38:00,5.87,243.87,0.27,25.47
2021-08-11 21:40:00,5.88,243.62,0.32,25.48
2021-08-11 21:42:00,5.81,244.32,0.28,25.48
2021-08-11 21:44:00,5.840000000000001,244.34,0.3,25.48
2021-08-11 21:46:00,5.739999999999999,243.21,0.32,25.5
2021-08-11 22:24:00,5.81,245.27,0.28,25.5
2021-08-11 22:26:00,5.710000000000001,244.72,0.3,25.48
2021-08-12 08:34:00,4.59,241.52,0.09,24.36
2021-08-12 08:40:00,10.19,240.49,0.21,24.36
2021-08-12 08:42:00,6.17,242.24,-0.0,24.34
2021-08-12 08:44:00,6.04,241.02,0.26,24.34
2021-08-12 08:46:00,5.82,241.98,0.27,24.34
2021-08-12 08:48:00,5.01,240.66,0.01,24.36
2021-08-12 08:50:00,4.56,241.25,0.0,24.4
2021-08-12 08:52:00,4.76,240.53,0.05,24.42
2021-08-12 08:56:00,5.58,237.48,0.36,24.42
2021-08-12 08:58:00,5.72,238.06,0.37,24.42
2021-08-12 09:04:00,5.630000000000001,238.49,0.3,24.41
2021-08-12 09:06:00,5.89,238.07,0.3,24.4
2021-08-12 09:08:00,5.73,239.02,0.38,24.39
2021-08-12 09:10:00,5.37,238.94,0.3,24.37
2021-08-12 09:12:00,5.709999999999999,239.03,0.24,24.34
2021-08-12 09:14:00,5.680000000000001,238.01,0.34,24.32
2021-08-12 09:16:00,5.620000000000001,238.63,0.29,24.27
2021-08-12 09:20:00,5.73,236.87,0.32,24.24
2021-08-12 09:22:00,5.5,236.77,0.31,24.23
2021-08-12 09:24:00,5.800000000000001,236.23,0.34,24.23
2021-08-12 09:26:00,5.67,238.8,0.28,24.24
2021-08-12 09:28:00,5.66,237.69,0.34,24.28
2021-08-12 09:30:00,35.71,238.67,0.81,24.29
2021-08-12 09:32:00,5.78,239.08,0.28,24.28
2021-08-12 09:34:00,5.720000000000001,240.22,0.34,24.27
2021-08-12 09:36:00,5.720000000000001,239.75,0.32,24.44
2021-08-12 09:38:00,5.640000000000001,239.73,0.27,24.44
2021-08-12 09:40:00,5.640000000000001,240.42,0.38,24.39
2021-08-12 09:42:00,5.63,239.14,0.32,24.39
2021-08-12 09:44:00,5.1,239.53,0.11,24.39
2021-08-12 09:46:00,4.88,240.93,0.11,24.39
2021-08-12 09:48:00,5.57,240.23,0.35,24.39
2021-08-12 09:50:00,5.859999999999999,236.3,0.28,24.39
2021-08-12 09:52:00,5.220000000000001,238.57,0.02,24.39
2021-08-12 09:54:00,5.710000000000001,238.28,0.28,24.36
2021-08-12 09:56:00,5.54,238.09,0.29,24.36
2021-08-12 09:58:00,5.76,239.45,0.32,24.36
2021-08-12 10:00:00,5.67,238.8,0.35,24.36
2021-08-12 10:02:00,5.63,238.63,0.31,24.36
2021-08-12 10:04:00,5.66,237.03,0.27,24.36
2021-08-12 10:06:00,5.510000000000001,236.52,0.3,24.36
2021-08-12 10:08:00,5.55,237.53,0.28,24.36
2021-08-12 10:10:00,5.76,238.0,0.32,24.36
2021-08-12 10:14:00,5.539999999999999,239.82,0.39,24.36
2021-08-12 10:16:00,5.58,239.75,0.36,24.36
2021-08-12 10:18:00,5.79,239.58,0.34,24.36
2021-08-12 10:20:00,5.540000000000001,239.92,0.36,24.36
2021-08-12 10:22:00,5.67,240.65,0.33,24.36
2021-08-12 10:24:00,5.779999999999999,240.95,0.34,24.36
2021-08-12 10:28:00,5.68,240.37,0.34,24.39
2021-08-12 10:32:00,5.43,241.48,0.32,24.13
2021-08-12 10:36:00,5.69,238.16,0.29,24.13
2021-08-12 10:38:00,5.49,236.47,0.31,24.13
2021-08-12 10:40:00,5.75,234.83,0.34,24.14
2021-08-12 10:42:00,5.76,234.26,0.33,24.14
2021-08-12 10:44:00,5.49,235.78,0.29,24.14
2021-08-12 10:46:00,6.010000000000001,237.4,0.32,24.13
2021-08-12 10:48:00,5.640000000000001,238.31,0.35,24.1
2021-08-12 10:50:00,5.84,236.77,0.41,24.06
2021-08-12 10:52:00,5.76,236.66,0.33,24.02
2021-08-12 10:54:00,5.59,237.2,0.28,23.99
2021-08-12 10:58:00,5.73,239.72,0.35,23.99
2021-08-12 11:02:00,4.859999999999999,237.14,0.02,23.99
2021-08-12 11:04:00,5.01,236.98,0.13,24.0
2021-08-12 11:08:00,5.71,237.97,0.3,24.05
2021-08-12 11:10:00,5.79,235.23,0.31,24.06
2021-08-12 11:12:00,5.65,237.32,0.31,24.05
2021-08-12 11:16:00,5.96,236.74,0.33,24.05
2021-08-12 11:18:00,5.720000000000001,237.44,0.3,24.05
2021-08-12 11:20:00,5.65,237.03,0.33,24.06
2021-08-12 11:22:00,5.65,238.11,0.33,24.05
2021-08-12 11:24:00,5.69,236.15,0.28,23.99
2021-08-12 11:26:00,5.89,236.36,0.35,23.96
2021-08-12 11:28:00,5.54,236.29,0.33,23.94
2021-08-12 11:30:00,5.65,239.05,0.32,23.98
2021-08-12 11:32:00,4.73,238.0,-0.05,24.13
2021-08-12 11:34:00,5.83,234.81,0.32,24.13
2021-08-12 11:36:00,5.5,239.88,0.35,24.13
2021-08-12 11:38:00,5.45,239.43,0.23,24.13
2021-08-12 11:40:00,5.609999999999999,238.87,0.3,24.13
2021-08-12 11:42:00,5.760000000000001,237.48,0.27,24.13
2021-08-12 11:52:00,5.710000000000001,237.11,0.28,24.02
2021-08-12 11:54:00,5.87,237.05,0.27,24.0
2021-08-12 11:58:00,5.64,236.57,0.27,23.98
2021-08-12 12:04:00,5.83,235.88,0.37,23.95
2021-08-12 12:08:00,5.710000000000001,237.57,0.32,23.93
2021-08-12 12:10:00,5.7,234.72,0.35,23.91
2021-08-12 12:12:00,5.51,236.22,0.25,23.91
2021-08-12 12:14:00,5.699999999999999,238.19,0.26,23.94
2021-08-12 12:16:00,5.56,238.38,0.29,23.96
2021-08-12 12:18:00,5.54,235.36,0.28,23.99
2021-08-12 12:20:00,5.8,235.62,0.29,23.98
2021-08-12 12:22:00,4.86,235.3,0.06,23.98
2021-08-12 12:24:00,5.94,235.95,0.35,23.99
2021-08-12 12:26:00,5.529999999999999,236.96,0.29,24.02
2021-08-12 12:28:00,5.630000000000001,239.42,0.35,24.02
2021-08-12 12:30:00,5.78,238.46,0.29,24.09
2021-08-12 12:32:00,5.69,241.08,0.28,23.89
2021-08-12 12:34:00,5.7,241.04,0.36,23.88
2021-08-12 12:36:00,5.82,240.64,0.25,23.89
2021-08-12 12:38:00,5.75,238.33,0.31,23.92
2021-08-12 12:40:00,5.63,239.82,0.35,23.95
2021-08-12 12:44:00,5.54,240.08,0.29,23.98
2021-08-12 12:46:00,5.75,239.51,0.33,23.98
2021-08-12 12:48:00,5.790000000000001,240.36,0.34,23.98
2021-08-12 12:50:00,5.54,239.74,0.32,23.98
2021-08-12 12:52:00,5.77,240.2,0.3,23.98
2021-08-12 12:54:00,5.76,241.22,0.35,23.98
2021-08-12 12:56:00,5.66,239.57,0.31,23.98
2021-08-12 12:58:00,5.78,239.37,0.28,23.98
2021-08-12 13:00:00,5.949999999999999,238.75,0.34,24.0
2021-08-12 13:02:00,5.45,238.05,0.31,24.0
2021-08-12 13:06:00,5.869999999999999,240.46,0.34,23.98
2021-08-12 13:08:00,5.47,241.29,0.39,23.98
2021-08-12 13:10:00,5.67,239.8,0.31,23.98
2021-08-12 13:14:00,5.6,241.08,0.26,23.98
2021-08-12 13:16:00,5.37,240.29,0.28,23.98
2021-08-12 13:18:00,5.49,240.09,0.29,23.98
2021-08-12 13:20:00,5.550000000000001,239.81,0.28,23.98
2021-08-12 13:22:00,5.88,239.72,0.32,23.98
2021-08-12 13:24:00,5.77,239.58,0.28,23.98
2021-08-12 13:26:00,5.64,237.61,0.33,23.98
2021-08-12 13:28:00,5.71,239.82,0.29,23.98
2021-08-12 13:32:00,4.68,238.47,0.07,24.09
2021-08-12 13:34:00,5.7,238.73,0.29,24.09
2021-08-12 13:38:00,5.48,238.45,0.3,24.09
2021-08-12 13:40:00,5.65,239.89,0.27,24.08
2021-08-12 13:42:00,5.720000000000001,237.11,0.27,24.07
2021-08-12 13:44:00,5.64,237.48,0.27,24.05
2021-08-12 13:46:00,5.85,237.84,0.33,24.02
2021-08-12 13:50:00,5.84,236.48,0.36,24.0
2021-08-12 13:52:00,5.88,238.11,0.3,23.99
2021-08-12 13:54:00,5.640000000000001,236.65,0.34,23.97
2021-08-12 13:56:00,5.7,236.22,0.3,23.95
2021-08-12 13:58:00,5.69,238.42,0.26,23.95
2021-08-12 14:00:00,5.52,238.75,0.37,23.94
2021-08-12 14:02:00,5.62,238.68,0.26,23.95
2021-08-12 14:04:00,5.58,239.66,0.31,23.95
2021-08-12 14:08:00,5.01,238.28,0.04,23.98
2021-08-12 14:10:00,5.68,238.14,0.35,24.02
2021-08-12 14:14:00,5.48,239.19,0.26,24.05
2021-08-12 14:16:00,5.66,238.17,0.28,24.07
2021-08-12 14:18:00,5.67,238.15,0.31,24.09
2021-08-12 14:20:00,5.69,238.51,0.34,24.1
2021-08-12 14:22:00,5.61,237.75,0.27,24.09
2021-08-12 14:24:00,5.72,239.48,0.31,24.08
2021-08-12 14:26:00,5.67,239.03,0.33,24.07
2021-08-12 14:28:00,5.44,240.14,0.27,24.05
2021-08-12 14:32:00,5.63,241.85,0.31,23.92
2021-08-12 14:34:00,5.58,239.61,0.32,23.94
2021-08-12 14:36:00,5.8100000000000005,240.54,0.34,24.06
2021-08-12 14:38:00,5.63,239.45,0.27,24.06
2021-08-12 14:40:00,5.61,241.01,0.33,24.06
2021-08-12 14:42:00,5.65,241.25,0.3,24.06
2021-08-12 14:44:00,5.5600000000000005,240.76,0.3,24.06
2021-08-12 14:48:00,5.779999999999999,241.6,0.33,24.09
2021-08-12 14:50:00,5.65,242.35,0.27,24.09
2021-08-12 14:52:00,5.72,240.48,0.32,24.08
2021-08-12 14:54:00,5.79,241.11,0.31,24.06
2021-08-12 14:56:00,5.59,240.3,0.38,24.04
2021-08-12 14:58:00,5.47,241.76,0.32,24.02
2021-08-12 15:00:00,5.699999999999999,240.86,0.26,24.0
2021-08-12 15:02:00,5.38,240.66,0.29,23.99
2021-08-12 15:04:00,5.52,241.48,0.35,23.97
2021-08-12 15:06:00,5.61,241.92,0.27,23.96
2021-08-12 15:08:00,5.779999999999999,242.25,0.3,24.06
2021-08-12 15:10:00,5.43,242.25,0.27,24.09
2021-08-12 15:12:00,5.77,243.38,0.31,24.09
2021-08-12 15:14:00,5.63,243.77,0.32,24.09
2021-08-12 15:16:00,5.49,240.6,0.35,24.09
2021-08-12 15:20:00,5.71,242.44,0.31,24.09
2021-08-12 15:24:00,5.5200000000000005,241.03,0.34,24.06
2021-08-12 15:26:00,5.83,241.43,0.31,24.06
2021-08-12 15:28:00,5.73,242.49,0.32,24.06
2021-08-12 15:30:00,4.84,242.83,0.1,24.09
2021-08-12 15:32:00,5.8,243.41,0.35,23.92
2021-08-12 15:34:00,5.88,243.69,0.34,23.92
2021-08-12 15:36:00,5.58,243.93,0.24,23.92
2021-08-12 15:38:00,5.779999999999999,244.72,0.33,23.92
2021-08-12 15:40:00,5.52,244.04,0.32,23.92
2021-08-12 15:42:00,5.78,245.42,0.3,23.92
2021-08-12 15:44:00,5.68,243.74,0.29,23.92
2021-08-12 15:46:00,5.67,244.53,0.31,23.92
2021-08-12 15:48:00,5.35,245.0,0.31,23.92
2021-08-12 15:50:00,78.04,242.7,0.76,23.92
2021-08-12 15:52:00,5.85,244.9,0.33,23.92
2021-08-12 16:00:00,5.73,242.59,0.31,23.95
2021-08-12 16:02:00,5.629999999999999,242.69,0.31,23.98
2021-08-12 16:06:00,5.01,244.57,0.08,24.02
2021-08-12 16:08:00,5.59,241.92,0.34,24.07
2021-08-12 16:10:00,5.48,241.86,0.29,24.09
2021-08-12 16:12:00,5.73,243.38,0.29,24.09
2021-08-12 16:14:00,5.86,244.72,0.34,24.08
2021-08-12 16:18:00,5.73,242.77,0.3,24.06
2021-08-12 16:20:00,5.76,242.69,0.27,24.04
2021-08-12 16:22:00,5.67,242.52,0.28,24.02
2021-08-12 16:24:00,5.739999999999999,241.18,0.3,24.0
2021-08-12 16:26:00,5.88,243.26,0.35,23.99
2021-08-12 16:28:00,5.52,243.61,0.28,23.97
2021-08-12 16:30:00,5.699999999999999,243.07,0.33,23.93
2021-08-12 16:32:00,5.640000000000001,242.47,0.33,24.09
2021-08-12 16:34:00,5.56,242.77,0.35,24.09
2021-08-12 16:36:00,5.68,242.38,0.33,24.09
2021-08-12 16:38:00,5.57,241.67,0.3,24.09
2021-08-12 16:40:00,5.640000000000001,242.0,0.39,24.09
2021-08-12 16:46:00,5.7,241.27,0.32,24.09
2021-08-12 16:48:00,5.57,241.43,0.25,23.94
2021-08-12 16:50:00,5.680000000000001,240.6,0.24,24.09
2021-08-12 16:52:00,5.58,241.82,0.34,23.92
2021-08-12 16:54:00,5.49,239.83,0.31,23.91
2021-08-12 16:56:00,28.47,240.65,0.38,23.89
2021-08-12 16:58:00,5.58,241.17,0.31,23.87
2021-08-12 17:00:00,5.49,241.51,0.34,23.88
2021-08-12 17:02:00,5.8100000000000005,242.6,0.33,24.09
2021-08-12 17:04:00,5.59,243.24,0.31,24.09
2021-08-12 17:06:00,5.470000000000001,244.71,0.26,24.09
2021-08-12 17:08:00,5.640000000000001,243.38,0.28,24.09
2021-08-12 17:12:00,5.630000000000001,244.38,0.27,24.02
2021-08-12 17:14:00,5.67,244.37,0.34,24.02
2021-08-12 17:16:00,5.87,244.8,0.34,24.09
2021-08-12 17:18:00,5.53,244.49,0.28,24.09
2021-08-12 17:20:00,5.48,245.66,0.32,24.05
2021-08-12 17:22:00,5.7,244.59,0.26,24.05
2021-08-12 17:24:00,5.65,243.31,0.34,24.05
2021-08-12 17:26:00,5.569999999999999,245.56,0.3,24.05
2021-08-12 17:28:00,5.66,244.62,0.34,24.02
2021-08-12 17:32:00,5.699999999999999,243.23,0.33,23.94
2021-08-12 17:40:00,5.65,242.78,0.24,23.91
2021-08-12 17:42:00,5.73,243.2,0.33,23.88
2021-08-12 17:44:00,5.630000000000001,242.18,0.34,23.88
2021-08-12 17:46:00,5.75,242.36,0.35,23.89
2021-08-12 17:48:00,5.87,242.74,0.3,23.91
2021-08-12 17:52:00,4.68,243.79,0.07,23.94
2021-08-12 17:54:00,5.59,242.75,0.3,23.96
2021-08-12 17:58:00,5.79,242.88,0.29,23.98
2021-08-12 18:00:00,5.48,242.0,0.32,24.02
2021-08-12 18:02:00,5.859999999999999,242.19,0.29,24.05
2021-08-12 18:04:00,5.79,241.49,0.33,24.05
2021-08-12 18:06:00,5.42,241.76,0.27,24.05
2021-08-12 18:08:00,5.609999999999999,241.8,0.26,24.02
2021-08-12 18:12:00,4.87,243.06,0.09,23.99
2021-08-12 18:14:00,4.71,241.07,-0.0,23.96
2021-08-12 18:16:00,5.62,243.0,0.29,23.95
2021-08-12 18:18:00,5.42,242.19,0.31,23.94
2021-08-12 18:20:00,4.630000000000001,242.44,0.01,23.92
2021-08-12 18:22:00,4.970000000000001,242.15,0.1,23.9
2021-08-12 18:26:00,5.76,241.4,0.27,23.88
2021-08-12 18:28:00,5.85,239.21,0.33,23.88
2021-08-12 18:32:00,5.35,241.42,0.32,23.99
2021-08-12 18:36:00,5.620000000000001,241.84,0.28,23.93
2021-08-12 18:38:00,5.5600000000000005,239.98,0.28,23.93
2021-08-12 18:40:00,5.61,241.35,0.28,23.91
2021-08-12 18:42:00,5.62,241.44,0.24,23.91
2021-08-12 18:44:00,5.66,241.08,0.28,23.91
2021-08-12 18:48:00,5.5600000000000005,239.34,0.33,23.93
2021-08-12 18:50:00,5.67,240.9,0.25,23.93
2021-08-12 18:54:00,5.8100000000000005,243.16,0.34,23.94
2021-08-12 18:56:00,5.58,243.68,0.3,23.93
2021-08-12 18:58:00,5.8,241.69,0.3,23.94
2021-08-12 19:00:00,5.72,242.79,0.33,23.94
2021-08-12 19:02:00,5.68,244.36,0.3,23.94
2021-08-12 19:04:00,5.54,243.38,0.28,23.93
2021-08-12 19:06:00,5.38,243.54,0.29,23.93
2021-08-12 19:08:00,5.7700000000000005,243.02,0.31,23.93
2021-08-12 19:10:00,5.66,243.24,0.36,23.93
2021-08-12 19:14:00,5.74,245.27,0.29,23.94
2021-08-12 19:18:00,5.72,244.02,0.36,23.91
2021-08-12 19:20:00,5.53,244.74,0.32,23.91
2021-08-12 19:22:00,5.51,244.57,0.33,23.9
2021-08-12 19:24:00,5.56,244.68,0.31,23.9
2021-08-12 19:26:00,5.470000000000001,245.36,0.29,23.94
2021-08-12 19:28:00,5.62,245.08,0.34,23.93
2021-08-12 19:30:00,5.77,244.41,0.31,23.9
2021-08-12 19:32:00,5.49,244.4,0.28,24.0
2021-08-12 19:34:00,5.59,242.32,0.31,24.02
2021-08-12 19:36:00,5.680000000000001,242.41,0.31,24.0
2021-08-12 19:38:00,5.5200000000000005,241.89,0.33,23.99
2021-08-12 19:40:00,5.69,242.24,0.32,23.99
2021-08-12 19:42:00,5.8500000000000005,240.49,0.3,23.99
2021-08-12 19:44:00,5.67,241.37,0.33,23.99
2021-08-12 19:46:00,5.58,242.98,0.35,23.99
2021-08-12 19:52:00,4.9,241.04,0.12,23.99
2021-08-12 19:54:00,5.46,242.5,0.3,23.95
2021-08-12 19:56:00,5.51,242.78,0.3,23.95
2021-08-12 19:58:00,5.73,241.61,0.4,23.95
2021-08-12 20:00:00,5.539999999999999,241.94,0.31,23.95
2021-08-12 20:02:00,5.45,240.84,0.25,23.95
2021-08-12 20:04:00,5.7,241.25,0.33,23.95
2021-08-12 20:08:00,5.73,243.22,0.31,23.99
2021-08-12 20:10:00,5.42,242.58,0.28,23.99
2021-08-12 20:12:00,5.63,244.25,0.35,23.95
2021-08-12 20:14:00,5.64,242.97,0.27,23.95
2021-08-12 20:16:00,5.57,243.0,0.29,23.95
2021-08-12 20:18:00,5.630000000000001,241.73,0.29,23.95
2021-08-12 20:20:00,5.62,244.02,0.3,23.95
2021-08-12 20:22:00,5.75,240.88,0.35,23.95
2021-08-12 20:24:00,5.61,242.69,0.27,23.95
2021-08-12 20:26:00,5.88,243.15,0.25,23.95
2021-08-12 20:28:00,5.69,243.54,0.28,23.95
2021-08-12 20:30:00,5.52,240.81,0.32,23.9
2021-08-12 20:40:00,5.61,241.69,0.33,23.92
2021-08-12 20:42:00,5.42,242.67,0.3,23.94
2021-08-12 20:46:00,5.75,241.63,0.34,23.95
2021-08-12 20:48:00,5.61,241.47,0.32,23.98
2021-08-12 20:50:00,4.7,243.04,0.06,23.99
2021-08-12 20:54:00,5.74,242.47,0.34,23.98
2021-08-12 20:56:00,5.59,242.26,0.33,23.97
2021-08-12 20:58:00,5.78,241.68,0.31,23.96
2021-08-12 21:00:00,5.72,243.33,0.29,23.94
2021-08-12 21:02:00,5.6,243.88,0.28,23.93
2021-08-12 21:04:00,5.58,242.8,0.29,23.9
2021-08-12 21:06:00,5.6000000000000005,242.12,0.31,23.88
2021-08-12 21:08:00,5.67,242.34,0.39,23.88
2021-08-12 21:10:00,5.52,239.72,0.33,23.89
2021-08-12 21:12:00,5.59,240.93,0.35,23.9
2021-08-12 21:14:00,5.590000000000001,243.27,0.27,23.91
2021-08-12 21:16:00,5.5200000000000005,242.79,0.28,23.92
2021-08-12 21:18:00,5.64,241.82,0.27,23.95
2021-08-12 21:20:00,5.73,242.74,0.28,23.98
2021-08-12 21:22:00,5.630000000000001,242.83,0.29,23.98
2021-08-12 21:24:00,5.45,243.0,0.27,23.95
2021-08-12 21:26:00,5.42,241.98,0.24,23.94
2021-08-12 21:28:00,5.84,242.52,0.36,23.89
2021-08-12 21:30:00,5.67,241.91,0.35,23.84
2021-08-12 21:32:00,5.66,243.64,0.33,23.83
2021-08-12 21:34:00,5.749999999999999,244.66,0.36,23.84
2021-08-12 21:36:00,5.69,242.19,0.32,23.85
2021-08-12 21:38:00,5.46,244.76,0.31,23.88
2021-08-12 21:42:00,5.85,243.02,0.37,23.91
2021-08-12 21:46:00,5.61,244.35,0.34,23.94
2021-08-12 21:48:00,5.74,242.14,0.3,23.95
2021-08-12 21:50:00,5.51,243.37,0.28,23.95
2021-08-12 21:56:00,5.63,243.14,0.29,23.95
2021-08-12 21:58:00,5.58,242.39,0.35,23.94
2021-08-12 22:00:00,5.46,244.41,0.25,23.92
2021-08-12 22:02:00,5.65,243.89,0.32,23.91
2021-08-12 22:04:00,5.87,244.23,0.27,23.9
2021-08-12 22:06:00,5.640000000000001,242.37,0.34,23.87
2021-08-12 22:08:00,5.83,242.34,0.33,23.84
2021-08-12 22:12:00,5.57,242.64,0.35,23.84
2021-08-12 22:16:00,5.56,241.17,0.32,23.85
2021-08-12 22:18:00,5.51,240.43,0.31,23.87
2021-08-12 22:22:00,5.74,240.11,0.31,23.89
2021-08-12 22:24:00,5.72,240.77,0.33,23.93
2021-08-12 22:26:00,5.43,240.12,0.3,23.95
2021-08-12 22:28:00,5.699999999999999,241.14,0.34,23.97
2021-08-12 22:32:00,5.93,241.93,0.32,23.89
2021-08-12 22:34:00,5.91,244.18,0.34,23.85
2021-08-12 22:36:00,5.67,244.3,0.33,23.84
2021-08-12 22:38:00,5.84,243.8,0.32,23.84
2021-08-12 22:42:00,5.42,242.76,0.29,23.85
2021-08-12 22:50:00,5.43,241.21,0.34,23.85
2021-08-12 22:52:00,5.67,240.71,0.32,23.89
2021-08-12 22:54:00,5.65,240.68,0.33,23.91
2021-08-12 22:56:00,5.53,243.42,0.36,23.93
2021-08-12 22:58:00,5.3,243.48,0.31,23.95
2021-08-12 23:00:00,5.87,241.39,0.31,23.97
2021-08-12 23:02:00,5.68,241.93,0.37,23.98
2021-08-12 23:04:00,5.5,241.68,0.3,23.97
2021-08-12 23:06:00,5.62,244.26,0.34,23.95
2021-08-12 23:08:00,5.69,243.23,0.32,23.93
2021-08-12 23:10:00,5.58,241.87,0.25,23.91
2021-08-12 23:12:00,5.52,242.75,0.31,23.89
2021-08-12 23:14:00,5.95,242.34,0.33,23.85
2021-08-12 23:18:00,5.5600000000000005,242.92,0.28,23.84
2021-08-12 23:20:00,5.8100000000000005,239.99,0.37,23.84
2021-08-12 23:22:00,5.69,239.67,0.28,23.85
2021-08-12 23:24:00,5.48,240.54,0.3,23.89
2021-08-12 23:26:00,5.46,240.37,0.28,23.92
2021-08-12 23:28:00,5.57,239.31,0.34,23.94
2021-08-12 23:30:00,5.5,240.04,0.27,23.68
2021-08-12 23:32:00,5.57,243.06,0.28,23.94
2021-08-12 23:34:00,5.79,239.11,0.3,23.92
2021-08-12 23:36:00,5.78,241.91,0.32,23.9
2021-08-14 01:20:00,4.75,246.08,-0.04,23.68
2021-08-14 01:24:00,14.11,241.27,0.12,23.7
2021-08-14 01:26:00,9.81,241.96,0.19,23.7
2021-08-14 01:28:00,7.0,241.86,0.29,23.7
2021-08-14 01:30:00,6.01,242.66,0.29,23.81
2021-08-14 01:38:00,5.49,241.16,0.3,23.68
2021-08-14 01:40:00,5.65,241.21,0.32,23.69
2021-08-14 01:42:00,4.85,240.99,-0.03,23.7
2021-08-14 01:44:00,5.69,241.44,0.37,23.74
2021-08-14 01:46:00,5.5600000000000005,243.83,0.35,23.73
2021-08-14 01:48:00,5.45,242.28,0.23,23.76
2021-08-14 01:50:00,5.63,240.63,0.32,23.77
2021-08-14 01:52:00,5.53,243.52,0.34,23.77
2021-08-14 01:54:00,5.41,244.06,0.31,23.76
2021-08-14 01:56:00,5.57,242.06,0.34,23.75
2021-08-14 01:58:00,5.5,243.21,0.32,23.73
2021-08-14 02:00:00,5.580000000000001,243.18,0.3,23.72
2021-08-14 02:02:00,5.78,242.52,0.31,23.69
2021-08-14 02:04:00,5.61,242.18,0.29,23.69
2021-08-14 02:06:00,5.77,243.91,0.32,23.68
2021-08-14 02:10:00,5.76,244.16,0.31,23.7
2021-08-14 02:12:00,5.61,244.91,0.32,23.75
2021-08-14 02:14:00,5.59,243.09,0.25,23.76
2021-08-14 02:16:00,5.61,243.42,0.3,23.79
2021-08-14 02:18:00,5.53,243.05,0.26,23.81
2021-08-14 02:20:00,5.67,243.84,0.32,23.84
2021-08-14 02:22:00,5.67,244.13,0.31,23.87
2021-08-14 02:32:00,5.5,245.06,0.31,23.81
2021-08-14 02:36:00,5.63,243.29,0.28,23.79
2021-08-14 02:38:00,5.48,243.58,0.24,23.79
2021-08-14 02:40:00,5.65,242.52,0.26,23.8
2021-08-14 02:44:00,5.67,242.02,0.32,23.8
2021-08-14 02:46:00,5.7,241.76,0.28,23.82
2021-08-14 02:48:00,5.76,243.08,0.28,23.88
2021-08-14 02:50:00,5.680000000000001,241.59,0.31,23.91
2021-08-14 02:52:00,5.5600000000000005,239.7,0.29,23.93
2021-08-14 02:56:00,5.75,241.37,0.32,23.95
2021-08-14 02:58:00,5.61,243.93,0.35,23.95
2021-08-14 03:00:00,5.59,244.0,0.26,23.95
2021-08-14 03:02:00,5.68,243.86,0.33,23.93
2021-08-14 03:04:00,5.57,243.47,0.31,23.91
2021-08-14 03:06:00,5.720000000000001,243.04,0.36,23.9
2021-08-14 03:08:00,5.7,243.53,0.33,23.89
2021-08-14 03:10:00,5.46,242.45,0.26,23.89
2021-08-14 03:12:00,5.629999999999999,244.75,0.32,23.87
2021-08-14 03:14:00,5.58,244.18,0.24,23.85
2021-08-14 03:16:00,5.44,243.92,0.23,23.83
2021-08-14 03:18:00,5.859999999999999,244.88,0.33,23.83
2021-08-14 03:20:00,5.789999999999999,244.9,0.3,23.85
2021-08-14 03:22:00,5.69,244.78,0.34,23.66
2021-08-14 03:24:00,5.68,244.42,0.28,23.66
2021-08-14 03:26:00,5.7,243.45,0.31,23.66
2021-08-14 03:28:00,5.489999999999999,243.02,0.25,23.66
2021-08-14 03:30:00,5.64,241.92,0.33,23.99
2021-08-14 03:32:00,5.510000000000001,241.09,0.26,23.99
2021-08-14 03:34:00,5.3,240.93,0.25,23.99
2021-08-14 03:36:00,5.76,239.54,0.33,23.97
2021-08-14 03:38:00,5.58,240.55,0.31,23.96
2021-08-14 03:40:00,5.53,242.54,0.31,23.95
2021-08-14 03:42:00,5.74,241.92,0.36,23.93
2021-08-14 03:44:00,5.95,240.08,0.32,23.92
2021-08-14 03:46:00,5.53,241.5,0.29,23.9
2021-08-14 03:48:00,5.7,239.97,0.36,23.81
2021-08-14 03:54:00,5.45,244.64,0.32,23.84
2021-08-14 03:56:00,5.42,242.53,0.3,23.84
2021-08-14 03:58:00,5.52,241.95,0.29,23.84
2021-08-14 04:00:00,5.69,242.22,0.33,23.84
2021-08-14 04:02:00,5.54,240.5,0.35,23.81
2021-08-14 04:04:00,5.62,238.81,0.31,23.81
2021-08-14 04:06:00,5.5,237.78,0.32,23.81
2021-08-14 04:08:00,5.5,239.47,0.32,23.81
2021-08-14 04:10:00,5.41,239.81,0.27,23.81
2021-08-14 04:12:00,5.84,239.32,0.32,23.81
2021-08-14 04:14:00,5.51,237.88,0.29,23.81
2021-08-14 04:16:00,5.35,237.41,0.28,23.81
2021-08-14 04:18:00,5.46,239.1,0.29,23.81
2021-08-14 04:20:00,5.5200000000000005,235.72,0.29,23.81
2021-08-14 04:22:00,5.42,235.5,0.26,23.81
2021-08-14 04:28:00,5.42,239.14,0.3,23.93
2021-08-14 04:30:00,5.42,239.8,0.24,23.98
2021-08-14 04:32:00,5.7,241.74,0.32,23.98
2021-08-14 04:34:00,5.27,241.48,0.31,23.99
2021-08-14 04:36:00,5.5600000000000005,240.96,0.24,23.99
2021-08-14 04:38:00,5.75,240.76,0.33,23.99
2021-08-14 04:40:00,5.33,241.86,0.31,23.99
2021-08-14 04:46:00,5.54,241.15,0.27,23.98
2021-08-14 04:48:00,5.55,240.08,0.26,23.98
2021-08-14 04:50:00,5.74,239.65,0.3,23.98
2021-08-14 04:52:00,5.73,240.0,0.34,23.98
2021-08-14 04:54:00,5.57,238.7,0.34,23.98
2021-08-14 04:56:00,5.66,237.57,0.31,23.98
2021-08-14 04:58:00,5.380000000000001,240.8,0.28,23.98
2021-08-14 05:00:00,5.59,239.78,0.35,23.98
2021-08-14 05:02:00,5.69,240.74,0.27,23.98
2021-08-14 05:04:00,5.47,239.97,0.31,23.98
2021-08-14 05:06:00,5.609999999999999,238.7,0.35,23.98
2021-08-14 05:08:00,5.65,240.13,0.28,23.98
2021-08-14 05:10:00,5.62,238.24,0.34,23.98
2021-08-14 05:12:00,5.5600000000000005,240.53,0.32,23.98
2021-08-14 05:14:00,5.62,240.31,0.38,23.98
2021-08-14 05:16:00,5.73,239.6,0.34,23.98
2021-08-14 05:18:00,5.550000000000001,240.67,0.28,23.98
2021-08-14 05:20:00,5.64,241.52,0.32,23.98
2021-08-14 05:22:00,5.48,241.92,0.3,23.98
2021-08-14 05:24:00,5.74,239.69,0.34,23.98
2021-08-14 05:26:00,5.8,239.32,0.38,23.98
2021-08-14 05:28:00,5.640000000000001,241.42,0.36,23.98
2021-08-14 05:32:00,5.52,241.37,0.35,24.05
2021-08-14 05:38:00,5.64,239.79,0.29,24.02
2021-08-14 05:40:00,5.54,239.59,0.28,24.05
2021-08-14 05:42:00,5.89,238.8,0.31,24.06
2021-08-14 05:44:00,5.640000000000001,241.36,0.3,24.07
2021-08-14 05:46:00,5.5,242.83,0.33,24.07
2021-08-14 05:48:00,5.4,241.06,0.3,24.06
2021-08-14 05:52:00,5.510000000000001,243.15,0.3,24.04
2021-08-14 05:54:00,5.46,241.45,0.28,24.0
2021-08-14 05:56:00,5.52,242.03,0.34,24.0
2021-08-14 06:00:00,4.85,242.24,0.11,23.99
2021-08-14 06:02:00,5.6,240.42,0.35,23.98
2021-08-14 06:04:00,5.62,242.7,0.31,23.97
2021-08-14 06:06:00,5.53,244.03,0.23,23.96
2021-08-14 06:10:00,5.82,242.07,0.35,23.95
2021-08-14 06:12:00,5.52,243.72,0.32,23.94
2021-08-14 06:14:00,5.67,240.9,0.35,23.93
2021-08-14 06:16:00,5.68,240.1,0.3,23.93
2021-08-14 06:18:00,5.55,242.75,0.29,23.94
2021-08-14 06:20:00,5.630000000000001,241.81,0.36,23.97
2021-08-14 06:22:00,5.67,242.16,0.29,23.98
2021-08-14 06:24:00,5.74,242.41,0.3,24.02
2021-08-14 06:26:00,5.39,244.99,0.28,24.05
2021-08-14 06:28:00,5.59,243.58,0.28,24.07
2021-08-14 06:32:00,5.54,241.79,0.27,24.05
2021-08-14 06:36:00,5.75,239.43,0.33,24.05
2021-08-14 06:38:00,5.720000000000001,237.79,0.31,24.04
2021-08-14 06:40:00,5.42,239.74,0.37,24.04
2021-08-14 06:42:00,5.3100000000000005,238.83,0.31,24.04
2021-08-14 06:48:00,5.75,241.65,0.31,24.04
2021-08-14 06:50:00,5.800000000000001,241.99,0.27,24.02
2021-08-14 06:52:00,5.41,242.05,0.32,24.02
2021-08-14 06:54:00,5.58,241.85,0.26,24.02
2021-08-14 06:56:00,5.91,243.63,0.3,24.02
2021-08-14 07:00:00,5.85,244.11,0.36,24.0
2021-08-14 07:02:00,5.66,242.78,0.27,23.98
2021-08-14 07:04:00,5.41,242.2,0.29,23.98
2021-08-14 07:06:00,5.73,242.75,0.28,23.96
2021-08-14 07:08:00,5.47,243.8,0.28,23.95
2021-08-14 07:10:00,5.550000000000001,245.1,0.27,23.94
2021-08-14 07:12:00,5.58,244.73,0.3,23.94
2021-08-14 07:14:00,5.640000000000001,243.32,0.28,23.95
2021-08-14 07:16:00,5.54,243.95,0.35,24.0
2021-08-14 07:18:00,5.67,242.67,0.32,23.95
2021-08-14 07:20:00,5.7,241.68,0.32,23.95
2021-08-14 07:22:00,5.52,243.0,0.29,23.95
2021-08-14 07:24:00,5.640000000000001,243.27,0.29,23.98
2021-08-14 07:26:00,5.72,242.25,0.33,23.98
2021-08-14 07:28:00,5.609999999999999,243.95,0.3,23.98
2021-08-14 07:30:00,5.630000000000001,245.43,0.28,24.05
2021-08-14 07:32:00,5.790000000000001,242.29,0.31,24.04
2021-08-14 07:34:00,5.75,243.38,0.32,24.02
2021-08-14 07:36:00,5.470000000000001,243.03,0.24,24.04
2021-08-14 07:38:00,5.609999999999999,242.69,0.3,24.04
2021-08-14 07:40:00,5.61,242.39,0.25,24.04
2021-08-14 07:42:00,5.46,242.88,0.28,24.04
2021-08-14 07:44:00,5.75,243.18,0.32,24.04
2021-08-14 07:46:00,5.67,241.99,0.32,24.04
2021-08-14 07:48:00,5.65,243.58,0.33,24.04
2021-08-14 07:50:00,5.67,242.47,0.31,24.04
2021-08-14 07:52:00,5.83,243.21,0.35,24.05
2021-08-14 07:56:00,5.49,242.93,0.29,24.05
2021-08-14 07:58:00,5.74,244.73,0.26,24.05
2021-08-14 08:00:00,5.69,243.02,0.36,24.05
2021-08-14 08:04:00,5.65,241.48,0.28,24.05
2021-08-14 08:06:00,5.859999999999999,242.73,0.33,24.05
2021-08-14 08:08:00,5.65,242.75,0.25,24.05
2021-08-14 08:10:00,4.79,244.79,0.12,24.05
2021-08-14 08:12:00,4.77,243.15,0.08,24.05
2021-08-14 08:14:00,5.5,244.66,0.25,24.05
2021-08-14 08:16:00,5.640000000000001,243.48,0.31,24.05
2021-08-14 08:18:00,4.96,244.01,0.02,24.05
2021-08-14 08:20:00,4.94,244.8,0.12,24.05
2021-08-14 08:22:00,5.59,243.73,0.31,24.05
2021-08-14 08:24:00,5.69,243.38,0.3,24.04
2021-08-14 08:26:00,5.620000000000001,242.85,0.3,24.04
2021-08-14 08:28:00,5.62,244.72,0.3,24.04
2021-08-14 08:32:00,5.7,244.27,0.27,23.95
2021-08-14 08:36:00,4.94,243.83,0.08,23.98
2021-08-14 08:38:00,5.6000000000000005,244.39,0.29,24.02
2021-08-14 08:40:00,5.7,241.85,0.34,24.06
2021-08-14 08:42:00,5.82,243.88,0.33,24.05
2021-08-14 08:44:00,5.73,242.74,0.3,24.05
2021-08-14 08:46:00,5.63,242.59,0.27,24.04
2021-08-14 08:48:00,5.53,242.61,0.33,24.04
2021-08-14 08:50:00,5.83,243.34,0.34,24.04
2021-08-14 08:52:00,5.529999999999999,241.26,0.34,24.04
2021-08-14 08:56:00,5.79,242.49,0.32,24.05
2021-08-14 08:58:00,5.81,243.98,0.3,24.05
2021-08-14 09:00:00,4.75,244.55,0.04,24.05
2021-08-14 09:02:00,5.609999999999999,243.51,0.34,24.05
2021-08-14 09:06:00,5.19,243.59,0.29,23.99
2021-08-14 09:08:00,4.96,242.66,0.06,23.98
2021-08-14 09:10:00,5.6,241.3,0.28,23.97
2021-08-14 09:12:00,5.54,242.94,0.25,23.95
2021-08-14 09:14:00,5.66,242.45,0.33,23.94
2021-08-14 09:16:00,5.74,243.9,0.34,23.94
2021-08-14 09:18:00,5.67,242.42,0.35,23.95
2021-08-14 09:20:00,5.5,243.47,0.3,23.95
2021-08-14 09:22:00,5.539999999999999,242.93,0.29,23.97
2021-08-14 09:24:00,5.59,241.08,0.27,24.0
2021-08-14 09:26:00,5.71,241.99,0.32,24.05
2021-08-14 09:28:00,5.69,242.61,0.28,24.09
2021-08-14 09:30:00,5.75,243.49,0.29,24.06
2021-08-14 09:32:00,5.609999999999999,243.06,0.32,24.09
2021-08-14 09:34:00,5.69,242.98,0.31,24.08
2021-08-14 09:36:00,5.67,241.97,0.32,24.08
2021-08-14 09:38:00,5.5600000000000005,242.23,0.28,24.08
2021-08-14 09:40:00,4.84,243.37,0.01,24.06
2021-08-14 09:42:00,5.44,240.83,0.3,24.05
2021-08-14 09:46:00,5.5600000000000005,242.18,0.36,24.02
2021-08-14 09:48:00,5.48,241.13,0.32,24.02
2021-08-14 09:50:00,5.67,241.65,0.31,24.0
2021-08-14 09:52:00,5.800000000000001,239.52,0.31,24.0
2021-08-14 09:54:00,5.34,241.29,0.35,23.99
2021-08-14 09:56:00,5.45,238.87,0.27,23.98
2021-08-14 09:58:00,5.74,241.53,0.29,23.97
2021-08-14 10:02:00,5.61,242.15,0.35,23.95
2021-08-14 10:06:00,5.54,241.92,0.3,23.96
2021-08-14 10:08:00,5.59,242.53,0.33,23.98
2021-08-14 10:10:00,5.75,244.28,0.32,24.0
2021-08-14 10:12:00,5.43,242.14,0.26,24.04
2021-08-14 10:14:00,5.49,241.61,0.27,24.09
2021-08-14 10:16:00,5.38,242.58,0.34,24.12
2021-08-14 10:18:00,5.49,243.15,0.29,24.12
2021-08-14 10:22:00,5.68,242.31,0.28,24.13
2021-08-14 10:24:00,5.57,240.98,0.34,24.12
2021-08-14 10:28:00,5.73,242.64,0.31,24.12
2021-08-14 10:32:00,5.4,245.36,0.3,23.93
2021-08-14 10:38:00,5.62,242.32,0.34,24.04
2021-08-14 10:40:00,5.59,241.96,0.29,24.0
2021-08-14 10:42:00,5.69,241.97,0.29,23.99
2021-08-14 10:44:00,5.82,241.99,0.31,23.98
2021-08-14 10:46:00,5.380000000000001,243.17,0.31,23.97
2021-08-14 10:48:00,5.51,243.76,0.29,23.95
2021-08-14 10:50:00,5.51,242.08,0.3,24.09
2021-08-14 10:52:00,5.67,242.98,0.28,23.95
2021-08-14 10:54:00,5.33,243.43,0.33,24.09
2021-08-14 10:56:00,5.54,243.46,0.34,24.09
2021-08-14 10:58:00,5.529999999999999,244.06,0.25,24.09
2021-08-14 11:00:00,5.52,242.9,0.33,24.09
2021-08-14 11:02:00,5.5600000000000005,243.01,0.35,24.09
2021-08-14 11:06:00,5.67,242.91,0.3,24.05
2021-08-14 11:12:00,5.69,244.83,0.34,24.07
2021-08-14 11:16:00,5.44,243.38,0.33,24.08
2021-08-14 11:18:00,5.65,244.1,0.38,24.07
2021-08-14 11:20:00,5.88,241.72,0.32,24.08
2021-08-14 11:22:00,5.5,243.73,0.26,24.08
2021-08-14 11:24:00,5.32,243.29,0.27,24.07
2021-08-14 11:26:00,5.46,244.89,0.35,24.06
2021-08-14 11:28:00,5.51,243.92,0.28,24.02
2021-08-14 11:30:00,5.75,244.26,0.32,23.99
2021-08-14 11:32:00,5.66,243.42,0.31,23.99
2021-08-14 11:34:00,5.8100000000000005,243.57,0.35,23.96
2021-08-14 11:36:00,5.5,244.84,0.38,23.95
2021-08-14 11:38:00,5.68,243.47,0.32,23.95
2021-08-14 11:40:00,5.62,243.18,0.33,23.94
2021-08-14 11:42:00,5.61,243.22,0.36,23.93
2021-08-14 11:44:00,5.71,244.16,0.37,23.93
2021-08-14 11:50:00,5.55,243.81,0.26,23.94
2021-08-14 11:52:00,5.79,244.15,0.3,23.93
2021-08-14 11:54:00,5.6000000000000005,243.94,0.34,23.95
2021-08-14 11:56:00,5.65,242.61,0.34,23.98
2021-08-14 11:58:00,5.65,242.89,0.34,24.07
2021-08-14 12:00:00,5.69,244.05,0.35,24.07
2021-08-14 12:02:00,5.46,242.82,0.36,24.06
2021-08-14 12:04:00,5.63,244.34,0.27,24.06
2021-08-14 12:06:00,5.44,244.28,0.22,24.07
2021-08-14 12:08:00,5.42,241.9,0.29,24.06
2021-08-14 12:10:00,5.470000000000001,241.98,0.33,24.06
2021-08-14 12:12:00,5.779999999999999,242.24,0.29,24.06
2021-08-14 12:14:00,5.569999999999999,242.04,0.26,24.06
2021-08-14 12:16:00,5.48,242.77,0.33,24.06
2021-08-14 12:18:00,5.52,244.7,0.33,24.06
2021-08-14 12:20:00,5.6,243.32,0.31,24.06
2021-08-14 12:22:00,5.48,243.91,0.27,24.06
2021-08-14 12:24:00,5.61,244.72,0.29,24.07
2021-08-14 12:26:00,5.6,244.26,0.28,24.06
2021-08-14 12:28:00,5.640000000000001,244.15,0.27,24.06
2021-08-14 12:32:00,5.67,244.81,0.34,23.96
2021-08-14 12:36:00,5.59,242.77,0.33,23.99
2021-08-14 12:38:00,5.36,241.43,0.28,24.04
2021-08-14 12:40:00,5.78,240.22,0.32,23.99
2021-08-14 12:42:00,5.7700000000000005,240.07,0.31,24.02
2021-08-14 12:44:00,5.6,240.3,0.32,23.99
2021-08-14 12:46:00,5.49,240.66,0.24,23.99
2021-08-14 12:48:00,5.54,241.15,0.27,23.96
2021-08-14 12:50:00,5.44,240.78,0.28,23.95
2021-08-14 12:52:00,5.6,239.38,0.32,23.99
2021-08-14 12:54:00,5.75,240.48,0.36,23.99
2021-08-14 12:56:00,71.59,237.56,0.74,23.9
2021-08-14 12:58:00,5.66,241.73,0.28,23.99
2021-08-14 13:00:00,5.71,240.02,0.3,23.99
2021-08-14 13:02:00,5.58,240.32,0.33,23.99
2021-08-14 13:04:00,5.51,242.22,0.29,23.99
2021-08-14 13:06:00,5.59,240.99,0.29,23.99
2021-08-14 13:08:00,5.510000000000001,241.38,0.3,23.99
2021-08-14 13:10:00,5.89,241.98,0.33,23.99
2021-08-14 13:12:00,4.9,241.38,0.1,23.99
2021-08-14 13:14:00,4.8500000000000005,241.06,0.03,23.99
2021-08-14 13:16:00,5.72,241.34,0.27,23.99
2021-08-14 13:20:00,5.470000000000001,241.49,0.34,23.99
2021-08-14 13:22:00,5.61,242.07,0.27,23.99
2021-08-14 13:24:00,5.5,240.01,0.28,23.99
2021-08-14 13:26:00,5.57,240.26,0.34,23.99
2021-08-14 13:28:00,5.67,239.97,0.37,23.99
2021-08-14 13:30:00,5.41,239.4,0.25,23.9
2021-08-14 13:32:00,5.5,239.1,0.32,23.89
2021-08-14 13:34:00,5.68,237.98,0.32,23.87
2021-08-14 13:36:00,5.44,239.3,0.25,23.85
2021-08-14 13:38:00,5.69,239.33,0.28,23.87
2021-08-14 13:40:00,5.7700000000000005,238.54,0.34,23.94
2021-08-14 13:42:00,5.69,242.6,0.31,23.96
2021-08-14 13:44:00,5.73,240.38,0.34,23.94
2021-08-14 13:46:00,5.59,242.73,0.26,23.94
2021-08-14 13:48:00,5.85,241.71,0.29,23.94
2021-08-14 13:50:00,5.63,241.3,0.23,23.94
2021-08-14 13:52:00,5.45,242.27,0.26,23.94
2021-08-14 13:54:00,5.49,241.18,0.3,23.94
2021-08-14 13:56:00,5.69,241.38,0.38,23.94
2021-08-14 13:58:00,5.7700000000000005,238.13,0.34,23.96
2021-08-14 14:00:00,5.73,241.12,0.34,23.96
2021-08-14 14:06:00,5.78,242.85,0.32,23.96
2021-08-14 14:08:00,5.790000000000001,241.66,0.29,23.96
2021-08-14 14:10:00,5.54,240.1,0.31,23.96
2021-08-14 14:12:00,5.86,240.58,0.26,23.96
2021-08-14 14:14:00,5.59,240.75,0.33,23.96
2021-08-14 14:16:00,5.49,240.77,0.28,23.96
2021-08-14 14:18:00,5.71,242.73,0.33,23.96
2021-08-14 14:20:00,5.52,242.82,0.29,23.96
2021-08-14 14:22:00,5.66,241.8,0.32,23.96
2021-08-14 14:26:00,5.53,243.18,0.33,23.94
2021-08-14 14:28:00,5.84,241.76,0.32,23.94
2021-08-14 14:30:00,5.73,241.98,0.34,23.82
2021-08-14 14:32:00,5.539999999999999,243.1,0.31,23.9
2021-08-14 14:34:00,5.64,241.19,0.33,23.9
2021-08-14 14:36:00,5.65,241.63,0.31,23.9
2021-08-14 14:44:00,5.56,243.03,0.32,23.91
2021-08-14 14:48:00,5.66,241.69,0.31,23.9
2021-08-14 14:50:00,5.74,241.58,0.34,23.89
2021-08-14 14:52:00,5.76,242.91,0.25,23.88
2021-08-14 14:54:00,5.55,242.95,0.34,23.87
2021-08-14 14:56:00,5.529999999999999,242.77,0.29,23.85
2021-08-14 14:58:00,70.71000000000001,241.84,0.74,23.84
2021-08-14 15:00:00,5.0600000000000005,242.99,0.02,23.83
2021-08-14 15:02:00,5.66,243.34,0.26,23.8
2021-08-14 15:04:00,5.76,242.01,0.3,23.8
2021-08-14 15:06:00,5.71,242.98,0.3,23.81
2021-08-14 15:08:00,5.65,243.58,0.3,23.9
2021-08-14 15:10:00,5.72,242.25,0.36,23.9
2021-08-14 15:12:00,5.73,241.68,0.32,23.9
2021-08-14 15:14:00,5.75,242.01,0.26,23.9
2021-08-14 15:16:00,5.76,241.76,0.26,23.9
2021-08-14 15:18:00,5.61,243.35,0.31,23.9
2021-08-14 15:20:00,5.6,242.22,0.29,23.9
2021-08-14 15:22:00,5.779999999999999,243.38,0.36,23.89
2021-08-14 15:24:00,5.39,241.59,0.26,23.89
2021-08-14 15:26:00,5.5600000000000005,243.39,0.35,23.89
2021-08-14 15:28:00,5.55,243.3,0.25,23.89
2021-08-14 15:30:00,5.44,243.06,0.32,23.83
2021-08-14 15:36:00,5.55,242.87,0.28,23.81
2021-08-14 15:38:00,5.71,242.49,0.33,23.81
2021-08-14 15:40:00,5.59,242.79,0.29,23.81
2021-08-14 15:42:00,5.45,241.36,0.29,23.81
2021-08-14 15:44:00,4.699999999999999,242.42,0.06,23.81
2021-08-14 15:46:00,4.8100000000000005,242.61,-0.02,23.81
2021-08-14 15:48:00,5.48,242.79,0.3,23.81
2021-08-14 15:50:00,5.51,240.57,0.34,23.81
2021-08-14 15:52:00,5.79,243.12,0.32,23.81
2021-08-14 15:54:00,5.6,243.21,0.3,23.81
2021-08-14 15:58:00,5.85,241.66,0.33,23.91
2021-08-14 16:00:00,5.550000000000001,242.45,0.24,23.91
2021-08-14 16:02:00,5.58,243.04,0.25,23.9
2021-08-14 16:04:00,5.75,242.52,0.38,23.81
2021-08-14 16:06:00,5.4,242.49,0.28,23.81
2021-08-14 16:08:00,5.39,243.03,0.24,23.81
2021-08-14 16:10:00,5.67,242.16,0.29,23.81
2021-08-14 16:12:00,5.640000000000001,242.52,0.31,23.81
2021-08-14 16:14:00,5.53,242.88,0.3,23.81
2021-08-14 16:16:00,5.5,242.27,0.28,23.81
2021-08-14 16:20:00,5.62,241.66,0.32,23.77
2021-08-14 16:22:00,5.699999999999999,241.45,0.28,23.79
2021-08-14 16:24:00,5.5600000000000005,243.19,0.26,23.82
2021-08-14 16:28:00,41.35,237.68,0.52,23.83
2021-08-14 16:30:00,5.640000000000001,242.98,0.35,23.9
2021-08-14 16:32:00,5.5600000000000005,243.1,0.27,23.9
2021-08-14 16:34:00,5.43,243.58,0.37,23.91
2021-08-14 16:36:00,5.59,241.05,0.3,23.9
2021-08-14 16:38:00,5.73,242.68,0.29,23.88
2021-08-14 16:40:00,5.55,243.78,0.27,23.87
2021-08-14 16:42:00,5.8,243.56,0.33,23.83
2021-08-14 16:44:00,5.8100000000000005,243.54,0.3,23.81
2021-08-14 16:46:00,5.43,240.35,0.29,23.79
2021-08-14 16:48:00,5.54,242.5,0.3,23.79
2021-08-14 16:50:00,5.44,243.04,0.25,23.83
2021-08-14 16:52:00,5.69,243.63,0.35,23.83
2021-08-14 16:54:00,5.42,241.99,0.27,23.83
2021-08-14 16:56:00,5.55,241.34,0.25,23.83
2021-08-14 17:00:00,5.680000000000001,243.95,0.28,23.83
2021-08-14 17:02:00,5.569999999999999,242.69,0.26,23.83
2021-08-14 17:04:00,5.57,243.47,0.29,23.83
2021-08-14 17:08:00,5.7,243.25,0.27,23.9
2021-08-14 17:10:00,5.53,242.31,0.3,23.92
2021-08-14 17:12:00,5.859999999999999,242.01,0.37,23.93
2021-08-14 17:14:00,5.52,241.39,0.25,23.92
2021-08-14 17:16:00,5.369999999999999,242.57,0.29,23.93
2021-08-14 17:18:00,5.63,242.67,0.36,23.91
2021-08-14 17:20:00,5.609999999999999,242.85,0.33,23.89
2021-08-14 17:22:00,5.430000000000001,243.11,0.32,23.85
2021-08-14 17:24:00,5.719999999999999,242.7,0.31,23.83
2021-08-14 17:26:00,5.61,244.41,0.26,23.82
2021-08-14 17:28:00,5.49,243.85,0.24,23.81
2021-08-14 17:30:00,5.63,245.75,0.32,23.77
2021-08-14 17:32:00,5.74,244.23,0.27,23.76
2021-08-14 17:34:00,5.48,243.98,0.27,23.78
2021-08-14 17:36:00,5.63,242.59,0.34,23.79
2021-08-14 17:38:00,5.73,244.91,0.24,23.89
2021-08-14 17:40:00,5.68,244.88,0.34,23.89
2021-08-14 17:42:00,5.86,243.1,0.34,23.9
2021-08-14 17:44:00,5.63,244.18,0.25,23.9
2021-08-14 17:46:00,5.43,243.97,0.33,23.9
2021-08-14 17:48:00,5.779999999999999,243.3,0.31,23.9
2021-08-14 17:50:00,5.51,242.36,0.33,23.9
2021-08-14 17:54:00,5.8100000000000005,241.76,0.36,23.9
2021-08-14 17:56:00,5.76,241.76,0.36,23.9
2021-08-14 17:58:00,4.84,241.83,0.03,23.9
2021-08-14 18:00:00,5.84,243.25,0.28,23.9
2021-08-14 18:02:00,5.6000000000000005,242.52,0.34,23.9
2021-08-14 18:04:00,63.44,243.94,0.74,23.9
2021-08-14 18:06:00,5.87,242.98,0.28,23.9
2021-08-14 18:08:00,5.57,244.77,0.33,23.9
2021-08-14 18:10:00,5.75,244.19,0.28,23.9
2021-08-14 18:12:00,5.55,241.93,0.29,23.9
2021-08-14 18:16:00,5.68,244.12,0.33,23.89
2021-08-14 18:18:00,5.75,243.69,0.24,23.9
2021-08-14 18:22:00,5.53,243.93,0.3,23.9
2021-08-14 18:24:00,5.95,244.0,0.28,23.9
2021-08-14 18:26:00,5.6,243.2,0.33,23.9
2021-08-14 18:28:00,5.54,243.18,0.29,23.9
2021-08-14 18:30:00,5.64,244.86,0.3,23.83
2021-08-14 18:32:00,5.58,243.43,0.36,23.77
2021-08-14 18:34:00,5.77,244.33,0.35,23.77
2021-08-14 18:36:00,5.6000000000000005,243.27,0.3,23.77
2021-08-14 18:42:00,4.970000000000001,243.48,0.04,23.79
2021-08-14 18:44:00,4.76,242.8,0.06,23.77
2021-08-14 18:46:00,5.58,242.88,0.28,23.76
2021-08-14 18:48:00,5.62,243.79,0.26,23.77
2021-08-14 18:50:00,5.39,243.58,0.3,23.78
2021-08-14 18:52:00,5.34,243.77,0.28,23.8
2021-08-14 18:54:00,5.8,243.59,0.37,23.81
2021-08-14 18:56:00,5.7700000000000005,243.1,0.33,23.83
2021-08-14 18:58:00,5.39,242.65,0.25,23.77
2021-08-14 19:00:00,5.71,242.45,0.29,23.77
2021-08-14 19:02:00,5.58,241.91,0.31,23.77
2021-08-14 19:04:00,5.529999999999999,244.15,0.3,23.77
2021-08-14 19:06:00,5.71,244.65,0.34,23.77
2021-08-14 19:08:00,5.93,244.73,0.33,23.77
2021-08-14 19:10:00,5.59,244.43,0.34,23.77
2021-08-14 19:12:00,5.57,243.89,0.26,23.77
2021-08-14 19:14:00,5.61,244.05,0.27,23.77
2021-08-14 19:18:00,5.76,244.73,0.34,23.77
2021-08-14 19:20:00,5.9,244.13,0.37,23.77
2021-08-14 19:22:00,5.609999999999999,244.94,0.28,23.77
2021-08-14 19:26:00,5.54,243.53,0.27,23.77
2021-08-14 19:28:00,5.680000000000001,245.5,0.35,23.77
2021-08-14 19:30:00,5.8,244.27,0.27,23.78
2021-08-14 19:32:00,5.74,245.03,0.34,23.81
2021-08-14 19:34:00,5.69,242.29,0.28,23.83
2021-08-14 19:36:00,5.7,242.44,0.31,23.84
2021-08-14 19:38:00,5.38,243.11,0.32,23.87
2021-08-14 19:40:00,5.470000000000001,241.62,0.31,23.88
2021-08-14 19:42:00,4.72,243.33,-0.03,23.88
2021-08-14 19:44:00,4.73,243.33,-0.02,23.87
2021-08-14 19:46:00,5.22,242.23,0.3,23.85
2021-08-14 19:48:00,5.71,241.92,0.38,23.83
2021-08-14 19:50:00,5.45,243.27,0.24,23.82
2021-08-14 19:52:00,5.48,243.33,0.25,23.89
2021-08-14 19:54:00,5.68,242.89,0.21,23.89
2021-08-14 19:56:00,5.63,243.0,0.35,23.88
2021-08-14 19:58:00,5.45,243.27,0.28,23.88
2021-08-14 20:00:00,5.68,243.72,0.27,23.85
2021-08-14 20:02:00,5.75,243.11,0.34,23.85
2021-08-14 20:04:00,5.49,242.15,0.37,23.85
2021-08-14 20:06:00,5.49,242.67,0.28,23.83
2021-08-14 20:08:00,5.640000000000001,243.92,0.34,23.83
2021-08-14 20:10:00,5.449999999999999,243.6,0.25,23.83
2021-08-14 20:12:00,5.69,244.11,0.29,23.83
2021-08-14 20:14:00,5.7700000000000005,242.81,0.26,23.83
2021-08-14 20:18:00,5.62,242.78,0.31,23.83
2021-08-14 20:20:00,5.69,244.63,0.28,23.83
2021-08-14 20:22:00,5.68,243.76,0.32,23.83
2021-08-14 20:24:00,5.65,244.09,0.3,23.83
2021-08-14 20:26:00,5.52,243.87,0.29,23.83
2021-08-14 20:28:00,5.51,244.33,0.34,23.82
2021-08-14 20:32:00,5.79,243.53,0.34,23.76
2021-08-14 20:34:00,5.699999999999999,244.45,0.29,23.78
2021-08-14 20:36:00,5.55,241.39,0.27,23.8
2021-08-14 20:38:00,5.510000000000001,242.59,0.36,23.8
2021-08-14 20:40:00,5.66,243.45,0.32,23.8
2021-08-14 20:42:00,5.68,244.11,0.3,23.8
2021-08-14 20:44:00,5.51,242.57,0.34,23.8
2021-08-14 20:48:00,5.569999999999999,242.06,0.3,23.83
2021-08-14 20:50:00,5.32,242.52,0.29,23.84
2021-08-14 20:52:00,5.48,242.38,0.37,23.88
2021-08-14 20:56:00,5.44,241.97,0.33,23.9
2021-08-14 20:58:00,5.529999999999999,240.21,0.3,23.9
2021-08-14 21:00:00,5.59,242.47,0.28,23.89
2021-08-14 21:04:00,5.56,242.25,0.33,23.88
2021-08-14 21:06:00,5.4,242.62,0.3,23.85
2021-08-14 21:08:00,5.66,241.68,0.33,23.84
2021-08-14 21:12:00,5.52,242.1,0.34,23.82
2021-08-14 21:14:00,5.83,242.27,0.35,23.81
2021-08-14 21:16:00,5.73,242.47,0.34,23.8
2021-08-14 21:18:00,5.62,243.55,0.31,23.79
2021-08-14 21:20:00,5.5200000000000005,243.14,0.31,23.78
2021-08-14 21:22:00,5.76,241.85,0.35,23.79
2021-08-14 21:24:00,5.58,242.12,0.3,23.84
2021-08-14 21:28:00,5.73,243.1,0.36,23.85
2021-08-14 21:30:00,5.31,241.31,0.28,23.91
2021-08-14 21:32:00,5.59,241.33,0.25,23.91
2021-08-14 21:34:00,5.81,242.37,0.34,23.9
2021-08-14 21:36:00,5.49,242.66,0.29,23.89
2021-08-14 21:38:00,5.59,243.19,0.32,23.87
2021-08-14 21:40:00,5.57,240.96,0.3,23.85
2021-08-14 21:42:00,5.43,241.87,0.33,23.83
2021-08-14 21:44:00,5.67,242.38,0.35,23.82
2021-08-14 21:46:00,5.62,243.18,0.31,23.79
2021-08-14 21:48:00,5.49,243.95,0.31,23.76
2021-08-14 21:50:00,5.48,243.65,0.26,23.75
2021-08-14 21:52:00,5.66,242.71,0.32,23.72
2021-08-14 21:54:00,5.6,241.4,0.29,23.74
2021-08-14 22:02:00,5.66,243.58,0.31,23.8
2021-08-14 22:04:00,5.609999999999999,242.93,0.32,23.81
2021-08-14 22:06:00,5.86,242.24,0.3,23.81
2021-08-14 22:08:00,5.69,242.1,0.33,23.81
2021-08-14 22:10:00,4.94,242.83,0.04,23.81
2021-08-14 22:12:00,5.65,242.33,0.4,23.81
2021-08-14 22:14:00,5.62,243.35,0.32,23.81
2021-08-14 22:16:00,5.779999999999999,241.48,0.28,23.81
2021-08-14 22:18:00,5.67,243.2,0.24,23.81
2021-08-14 22:20:00,5.46,243.53,0.32,23.81
2021-08-14 22:22:00,4.7700000000000005,244.42,-0.02,23.81
2021-08-14 22:24:00,4.53,244.56,0.07,23.81
2021-08-14 22:26:00,5.819999999999999,243.64,0.37,23.81
2021-08-14 22:28:00,5.69,243.28,0.37,23.81
2021-08-14 22:30:00,5.58,244.52,0.37,23.75
2021-08-14 22:32:00,5.779999999999999,245.01,0.34,23.9
2021-08-14 22:34:00,5.449999999999999,245.41,0.3,23.91
2021-08-14 22:36:00,5.49,244.81,0.31,23.91
2021-08-14 22:42:00,5.53,242.7,0.32,23.9
2021-08-14 22:44:00,5.62,242.69,0.35,23.9
2021-08-14 22:46:00,5.75,242.93,0.33,23.9
2021-08-14 22:48:00,5.61,244.3,0.3,23.9
2021-08-14 22:50:00,5.51,243.86,0.34,23.9
2021-08-14 22:52:00,5.62,242.89,0.32,23.9
2021-08-14 22:54:00,5.69,243.23,0.35,23.9
2021-08-14 22:56:00,5.47,242.57,0.3,23.9
2021-08-14 22:58:00,5.66,241.81,0.35,23.9
2021-08-14 23:00:00,5.7,243.61,0.26,23.9
2021-08-14 23:02:00,5.620000000000001,243.86,0.34,23.9
2021-08-14 23:04:00,5.56,243.05,0.31,23.9
2021-08-14 23:06:00,5.86,244.46,0.35,23.9
2021-08-14 23:08:00,5.54,242.74,0.27,23.91
2021-08-14 23:12:00,5.59,243.06,0.3,23.9
2021-08-14 23:14:00,5.6000000000000005,242.77,0.37,23.9
2021-08-14 23:16:00,5.86,243.75,0.33,23.9
2021-08-14 23:18:00,5.7,243.84,0.3,23.9
2021-08-14 23:20:00,5.51,242.73,0.3,23.9
2021-08-14 23:24:00,5.62,243.69,0.35,23.88
2021-08-14 23:26:00,5.470000000000001,241.72,0.28,23.9
2021-08-14 23:28:00,4.62,241.96,-0.02,23.9
2021-08-14 23:30:00,5.59,241.95,0.28,23.83
2021-08-14 23:32:00,5.49,243.3,0.3,23.81
2021-08-14 23:34:00,5.39,243.09,0.32,23.79
2021-08-14 23:36:00,5.67,242.1,0.33,23.77
2021-08-14 23:38:00,5.47,240.9,0.3,23.75
2021-08-14 23:40:00,5.56,240.21,0.35,23.75
2021-08-14 23:44:00,5.44,242.7,0.31,23.75
2021-08-14 23:46:00,5.58,243.07,0.33,23.79
2021-08-14 23:48:00,5.66,240.88,0.27,23.79
2021-08-14 23:50:00,5.82,242.55,0.32,23.79
2021-08-14 23:52:00,5.6000000000000005,241.79,0.35,23.79
2021-08-14 23:54:00,5.51,240.58,0.29,23.79
2021-08-14 23:56:00,5.54,241.66,0.39,23.79
2021-08-15 00:00:00,5.51,241.36,0.24,23.75
2021-08-15 00:02:00,5.7,240.49,0.29,23.75
2021-08-15 00:06:00,5.53,240.59,0.36,23.75
2021-08-15 00:08:00,5.39,240.93,0.27,23.75
2021-08-15 00:10:00,5.83,241.67,0.34,23.75
2021-08-15 00:12:00,5.51,241.79,0.26,23.75
2021-08-15 00:16:00,5.5,241.7,0.29,23.75
2021-08-15 00:18:00,5.63,241.61,0.33,23.74
2021-08-15 00:20:00,5.609999999999999,242.58,0.32,23.75
2021-08-15 00:24:00,5.48,241.12,0.3,23.76
2021-08-15 00:28:00,5.51,241.38,0.34,23.78
2021-08-15 00:32:00,5.59,241.55,0.3,23.79
2021-08-15 00:36:00,5.62,241.72,0.25,23.83
2021-08-15 00:38:00,5.67,241.84,0.33,23.83
2021-08-15 00:40:00,5.7700000000000005,243.27,0.27,23.83
2021-08-15 00:42:00,5.6000000000000005,243.15,0.34,23.81
2021-08-15 00:44:00,5.54,242.01,0.3,23.81
2021-08-15 00:46:00,5.83,241.84,0.31,23.79
2021-08-15 00:48:00,5.47,241.39,0.3,23.79
2021-08-15 00:50:00,5.35,241.49,0.31,23.79
2021-08-15 00:52:00,5.630000000000001,240.52,0.35,23.79
2021-08-15 00:54:00,5.720000000000001,240.9,0.28,23.79
2021-08-15 00:56:00,5.32,240.15,0.28,23.77
2021-08-15 00:58:00,5.5,242.03,0.35,23.75
2021-08-15 01:00:00,5.67,241.81,0.27,23.75
2021-08-15 01:02:00,5.71,241.66,0.33,23.75
2021-08-15 01:04:00,5.390000000000001,244.81,0.32,23.75
2021-08-15 01:08:00,5.609999999999999,243.77,0.37,23.77
2021-08-15 01:10:00,5.449999999999999,243.39,0.32,23.77
2021-08-15 01:12:00,5.58,243.76,0.29,23.77
2021-08-15 01:14:00,5.59,242.59,0.32,23.77
2021-08-15 01:16:00,4.8,242.49,0.08,23.77
2021-08-15 01:18:00,4.76,240.49,0.02,23.77
2021-08-15 01:20:00,5.43,242.43,0.3,23.77
2021-08-15 01:22:00,5.91,242.66,0.34,23.77
2021-08-15 01:24:00,5.609999999999999,243.77,0.33,23.75
2021-08-15 01:26:00,5.52,243.27,0.28,23.75
2021-08-15 01:28:00,5.879999999999999,244.02,0.32,23.75
2021-08-15 01:32:00,5.61,245.73,0.36,23.78
2021-08-15 01:36:00,5.55,244.77,0.24,23.78
2021-08-15 01:38:00,5.65,244.98,0.31,23.8
2021-08-15 01:40:00,5.35,244.36,0.3,23.82
2021-08-15 01:42:00,5.55,244.86,0.32,23.84
2021-08-15 01:44:00,5.5,245.81,0.3,23.85
2021-08-15 01:46:00,5.390000000000001,244.58,0.32,23.89
2021-08-15 01:48:00,5.43,244.25,0.32,23.91
2021-08-15 01:50:00,5.680000000000001,244.31,0.29,23.92
2021-08-15 01:54:00,5.58,244.43,0.36,23.93
2021-08-15 01:56:00,5.569999999999999,242.91,0.34,23.92
2021-08-15 01:58:00,5.53,244.13,0.33,23.91
2021-08-15 02:00:00,5.41,244.79,0.33,23.9
2021-08-15 02:02:00,5.42,244.51,0.32,23.84
2021-08-15 02:04:00,5.449999999999999,244.9,0.25,23.83
2021-08-15 02:06:00,5.48,244.37,0.33,23.81
2021-08-15 02:10:00,5.58,243.1,0.35,23.79
2021-08-15 02:12:00,5.81,243.61,0.35,23.78
2021-08-15 02:14:00,5.5200000000000005,243.94,0.38,23.78
2021-08-15 02:16:00,5.680000000000001,244.57,0.3,23.78
2021-08-15 02:18:00,5.45,243.34,0.31,23.81
2021-08-15 02:20:00,5.65,243.58,0.33,23.83
2021-08-15 02:22:00,5.72,242.29,0.31,23.85
2021-08-15 02:26:00,5.57,243.29,0.33,23.88
2021-08-15 02:28:00,5.63,244.06,0.29,23.91
2021-08-15 02:30:00,5.55,243.09,0.29,23.9
2021-08-15 02:32:00,5.65,244.03,0.24,23.78
2021-08-15 02:34:00,5.32,245.14,0.27,23.78
2021-08-15 02:40:00,5.43,245.34,0.26,23.82
2021-08-15 02:42:00,5.83,244.28,0.35,23.8
2021-08-15 02:44:00,5.52,244.25,0.27,23.8
2021-08-15 02:46:00,5.590000000000001,243.68,0.35,23.8
2021-08-15 02:48:00,5.74,245.58,0.34,23.8
2021-08-15 02:50:00,5.26,243.5,0.31,23.81
2021-08-15 02:54:00,5.46,242.24,0.3,23.83
2021-08-15 02:56:00,5.49,242.78,0.32,23.84
2021-08-15 02:58:00,5.48,241.94,0.3,23.87
2021-08-15 03:00:00,5.640000000000001,244.07,0.28,23.89
2021-08-15 03:04:00,5.699999999999999,243.1,0.39,23.91
2021-08-15 03:06:00,5.73,242.74,0.35,23.94
2021-08-15 03:08:00,5.65,243.6,0.34,23.96
2021-08-15 03:10:00,5.41,242.34,0.24,23.95
2021-08-15 03:12:00,76.18999999999998,239.29,0.76,23.96
2021-08-15 03:14:00,6.01,241.17,0.29,23.95
2021-08-15 03:16:00,5.42,240.84,0.26,23.94
2021-08-15 03:18:00,5.86,241.47,0.37,23.92
2021-08-15 03:20:00,5.91,241.91,0.35,23.9
2021-08-15 03:22:00,5.59,242.85,0.31,23.89
2021-08-15 03:24:00,5.799999999999999,240.89,0.33,23.88
2021-08-15 03:26:00,6.03,242.45,0.33,23.87
2021-08-15 03:28:00,5.57,243.13,0.31,23.83
2021-08-15 03:30:00,5.65,243.64,0.33,23.96
2021-08-15 03:32:00,5.59,242.61,0.32,23.85
2021-08-15 03:34:00,5.8500000000000005,244.84,0.35,23.88
2021-08-15 03:36:00,5.75,244.75,0.28,23.9
2021-08-15 03:38:00,5.61,243.37,0.35,23.91
2021-08-15 03:40:00,5.87,244.23,0.3,23.93
2021-08-15 03:42:00,5.4,243.76,0.3,23.96
2021-08-15 03:46:00,5.779999999999999,242.99,0.35,23.9
2021-08-15 03:48:00,5.61,240.07,0.31,23.9
2021-08-15 03:50:00,5.960000000000001,243.18,0.37,23.9
2021-08-15 03:52:00,5.779999999999999,242.14,0.32,23.89
2021-08-15 03:54:00,5.489999999999999,241.94,0.34,23.89
2021-08-15 03:56:00,5.69,240.13,0.25,23.89
2021-08-15 03:58:00,5.65,241.12,0.32,23.89
2021-08-15 04:00:00,5.54,240.81,0.32,23.85
2021-08-15 04:02:00,5.52,240.93,0.28,23.85
2021-08-15 04:04:00,5.51,243.41,0.33,23.85
2021-08-15 04:06:00,5.48,244.87,0.31,23.85
2021-08-15 04:08:00,5.76,244.35,0.24,23.85
2021-08-15 04:12:00,5.43,244.78,0.25,23.89
2021-08-15 04:14:00,4.890000000000001,245.29,0.05,23.89
2021-08-15 04:18:00,5.5600000000000005,245.27,0.34,23.89
2021-08-15 04:22:00,5.44,243.35,0.33,23.89
2021-08-15 04:24:00,5.88,243.51,0.36,23.89
2021-08-15 04:26:00,5.55,243.04,0.28,23.85
2021-08-15 04:28:00,5.46,243.63,0.35,23.85
2021-08-15 04:32:00,5.66,244.04,0.37,23.95
2021-08-15 04:36:00,5.45,243.18,0.29,23.95
2021-08-15 04:38:00,5.55,244.04,0.32,23.95
2021-08-15 04:42:00,5.609999999999999,243.45,0.34,23.94
2021-08-15 04:44:00,5.65,243.29,0.36,23.93
2021-08-15 04:46:00,5.34,243.61,0.23,23.92
2021-08-15 04:48:00,5.53,245.07,0.28,23.91
2021-08-15 04:50:00,5.67,243.68,0.36,23.9
2021-08-15 04:52:00,5.68,242.36,0.22,23.92
2021-08-15 04:54:00,5.6,242.49,0.33,23.93
2021-08-15 04:56:00,5.62,241.0,0.26,23.95
2021-08-15 04:58:00,5.800000000000001,239.07,0.33,23.97
2021-08-15 05:00:00,5.609999999999999,241.25,0.32,24.0
2021-08-15 05:02:00,5.5,240.7,0.3,24.04
2021-08-15 05:06:00,5.73,239.53,0.33,24.06
2021-08-15 05:08:00,5.640000000000001,240.92,0.29,24.06
2021-08-15 05:10:00,5.46,239.56,0.29,24.06
2021-08-15 05:12:00,5.72,241.45,0.34,24.04
2021-08-15 05:14:00,5.42,239.34,0.3,24.04
2021-08-15 05:16:00,5.359999999999999,243.6,0.35,24.02
2021-08-15 05:18:00,5.53,242.68,0.29,24.0
2021-08-15 05:20:00,5.52,242.6,0.31,24.0
2021-08-15 05:22:00,5.41,240.91,0.29,23.99
2021-08-15 05:24:00,5.55,241.69,0.33,23.98
2021-08-15 05:26:00,5.71,244.04,0.31,23.98
2021-08-15 05:28:00,5.5,242.76,0.33,23.98
2021-08-15 05:30:00,5.9,241.72,0.32,23.96
2021-08-15 05:32:00,5.64,242.09,0.29,23.95
2021-08-15 05:38:00,5.66,241.8,0.33,23.95
2021-08-15 05:40:00,5.67,243.2,0.27,23.95
2021-08-15 05:42:00,5.73,241.34,0.33,23.94
2021-08-15 05:44:00,5.67,241.22,0.37,23.94
2021-08-15 05:46:00,5.78,242.19,0.34,23.93
2021-08-15 05:48:00,5.5600000000000005,241.61,0.28,23.95
2021-08-15 05:50:00,5.4,243.17,0.37,23.97
2021-08-15 05:52:00,5.64,241.03,0.29,23.98
2021-08-15 05:54:00,5.58,241.81,0.26,24.0
2021-08-15 05:56:00,5.5,240.31,0.36,24.05
2021-08-15 05:58:00,5.800000000000001,239.6,0.3,24.08
2021-08-15 06:00:00,5.52,240.18,0.29,24.08
2021-08-15 06:02:00,5.55,242.32,0.34,24.08
2021-08-15 06:04:00,5.43,240.31,0.28,24.07
2021-08-15 06:06:00,5.760000000000001,242.16,0.3,24.06
2021-08-15 06:08:00,5.5,239.11,0.3,24.04
2021-08-15 06:12:00,5.68,239.37,0.28,24.04
2021-08-15 06:14:00,5.66,235.9,0.31,24.0
2021-08-15 06:16:00,5.7700000000000005,240.7,0.33,23.97
2021-08-15 06:20:00,5.86,239.81,0.31,23.97
2021-08-15 06:22:00,5.45,239.15,0.33,23.97
2021-08-15 06:24:00,5.49,240.77,0.28,23.97
2021-08-15 06:26:00,5.39,242.36,0.32,23.96
2021-08-15 06:28:00,5.66,241.73,0.32,23.97
2021-08-15 06:32:00,5.5200000000000005,239.62,0.34,23.95
2021-08-15 06:38:00,76.58,239.26,0.76,23.94
2021-08-15 06:40:00,5.24,240.26,-0.0,23.93
2021-08-15 06:42:00,5.56,242.54,0.31,23.92
2021-08-15 06:44:00,5.65,243.05,0.35,23.9
2021-08-15 06:48:00,6.01,238.85,0.29,23.9
2021-08-15 06:50:00,5.71,241.27,0.26,23.9
2021-08-15 06:52:00,7.609999999999999,241.42,0.24,23.91
2021-08-15 06:54:00,5.9,242.05,0.32,23.92
2021-08-15 06:56:00,5.43,241.92,0.25,23.94
2021-08-15 06:58:00,5.48,243.88,0.3,23.95
2021-08-15 07:00:00,6.24,244.58,0.27,23.96
2021-08-15 07:02:00,5.92,242.84,0.27,23.99
2021-08-15 07:04:00,5.72,244.25,0.28,24.07
2021-08-15 07:06:00,5.94,243.39,0.29,24.07
2021-08-15 07:08:00,5.63,244.15,0.27,24.07
2021-08-15 07:12:00,5.6,241.86,0.21,24.07
2021-08-15 07:14:00,5.7,243.66,0.25,24.06
2021-08-15 07:16:00,5.69,242.42,0.31,24.05
2021-08-15 07:18:00,5.56,244.29,0.28,24.04
2021-08-15 07:20:00,5.97,242.31,0.32,24.02
2021-08-15 07:22:00,5.77,243.35,0.3,24.0
2021-08-15 07:24:00,5.870000000000001,243.07,0.32,23.99
2021-08-15 07:26:00,5.48,242.38,0.32,23.99
2021-08-15 07:28:00,5.66,243.94,0.36,23.99
2021-08-15 07:30:00,5.41,241.67,0.31,23.94
2021-08-15 07:32:00,5.71,241.57,0.32,23.95
2021-08-15 07:34:00,5.72,242.18,0.31,23.95
2021-08-15 07:40:00,5.54,240.2,0.36,23.96
2021-08-15 07:42:00,5.5600000000000005,243.52,0.3,23.95
2021-08-15 07:46:00,5.69,241.44,0.35,23.95
2021-08-15 07:48:00,5.28,242.01,0.3,23.95
2021-08-15 07:50:00,5.5,241.53,0.35,23.94
2021-08-15 07:54:00,5.56,243.76,0.31,23.94
2021-08-15 07:56:00,5.42,242.93,0.29,23.92
2021-08-15 07:58:00,5.529999999999999,244.25,0.33,23.92
2021-08-15 08:00:00,5.67,241.61,0.34,23.94
2021-08-15 08:02:00,5.35,242.79,0.3,23.96
2021-08-15 08:04:00,5.6,241.89,0.33,23.98
2021-08-15 08:06:00,5.52,242.5,0.31,24.02
2021-08-15 08:08:00,5.720000000000001,242.03,0.32,24.06
2021-08-15 08:10:00,5.77,241.67,0.35,24.08
2021-08-15 08:12:00,5.77,242.39,0.3,24.08
2021-08-15 08:14:00,5.83,243.11,0.33,24.08
2021-08-15 08:16:00,5.84,243.26,0.31,24.06
2021-08-15 08:18:00,5.67,241.79,0.27,24.05
2021-08-15 08:20:00,5.57,243.74,0.27,24.04
2021-08-15 08:22:00,5.64,242.58,0.22,24.0
2021-08-15 08:24:00,6.09,243.74,0.25,23.99
2021-08-15 08:26:00,6.05,242.2,0.28,23.98
2021-08-15 08:28:00,6.37,244.33,0.27,23.96
2021-08-15 08:30:00,5.9,242.15,0.26,23.93
2021-08-15 08:32:00,5.49,243.21,0.34,23.94
2021-08-15 08:38:00,5.63,243.0,0.33,23.93
2021-08-15 08:40:00,5.49,243.32,0.33,23.93
2021-08-15 08:44:00,5.5600000000000005,243.06,0.28,23.98
2021-08-15 08:46:00,5.48,241.89,0.25,23.9
2021-08-15 08:48:00,5.48,242.69,0.3,23.9
2021-08-15 08:50:00,5.47,242.16,0.25,23.91
2021-08-15 08:52:00,5.75,241.01,0.32,23.93
2021-08-15 08:54:00,5.38,243.01,0.3,23.98
2021-08-15 08:56:00,5.65,241.2,0.3,23.97
2021-08-15 08:58:00,5.73,242.22,0.32,23.97
2021-08-15 09:00:00,5.57,239.52,0.24,23.97
2021-08-15 09:02:00,5.59,241.31,0.27,23.97
2021-08-15 09:04:00,5.38,240.58,0.3,23.97
2021-08-15 09:06:00,5.470000000000001,236.27,0.26,23.97
2021-08-15 09:08:00,5.569999999999999,239.11,0.32,23.97
2021-08-15 09:10:00,5.67,240.69,0.31,23.97
2021-08-15 09:12:00,5.51,240.45,0.27,23.97
2021-08-15 09:14:00,5.67,241.3,0.32,23.97
2021-08-15 09:16:00,5.3,241.54,0.28,23.97
2021-08-15 09:18:00,5.3100000000000005,239.68,0.28,23.97
2021-08-15 09:20:00,5.49,241.04,0.28,23.97
2021-08-15 09:22:00,5.42,240.07,0.28,23.97
2021-08-15 09:24:00,5.69,240.71,0.31,23.97
2021-08-15 09:26:00,5.73,239.16,0.3,23.97
2021-08-15 09:30:00,5.52,241.15,0.3,23.95
2021-08-15 09:32:00,5.5,243.02,0.28,23.95
2021-08-15 09:34:00,5.55,240.27,0.27,23.94
2021-08-15 09:36:00,4.73,243.09,0.05,23.93
2021-08-15 09:38:00,5.6,242.12,0.31,23.92
2021-08-15 09:40:00,5.59,242.45,0.28,23.91
2021-08-15 09:42:00,5.37,242.98,0.26,23.9
2021-08-15 09:44:00,5.75,242.73,0.27,23.88
2021-08-15 09:46:00,5.54,242.33,0.33,23.87
2021-08-15 09:48:00,5.7,243.28,0.34,23.84
2021-08-15 09:50:00,5.76,241.31,0.34,23.95
2021-08-15 09:52:00,5.83,243.0,0.3,23.95
2021-08-15 09:54:00,5.58,242.42,0.24,23.94
2021-08-15 09:56:00,5.580000000000001,241.89,0.31,23.94
2021-08-15 09:58:00,5.5600000000000005,241.58,0.24,23.94
2021-08-15 10:00:00,5.72,242.04,0.33,23.94
2021-08-15 10:02:00,5.66,242.84,0.32,23.94
2021-08-15 10:04:00,5.76,241.84,0.29,23.94
2021-08-15 10:06:00,5.6,242.21,0.36,23.93
2021-08-15 10:08:00,5.69,243.3,0.35,23.93
2021-08-15 10:12:00,5.55,241.67,0.36,23.93
2021-08-15 10:14:00,5.43,241.84,0.31,23.94
2021-08-15 10:18:00,5.57,240.49,0.25,23.94
2021-08-15 10:20:00,5.5600000000000005,241.8,0.3,23.94
2021-08-15 10:22:00,5.6,240.83,0.3,23.94
2021-08-15 10:24:00,5.54,241.56,0.26,23.94
2021-08-15 10:26:00,5.66,240.97,0.3,23.94
2021-08-15 10:28:00,5.8500000000000005,241.49,0.32,23.93
2021-08-15 10:32:00,5.390000000000001,241.94,0.31,23.92
2021-08-15 10:36:00,5.6000000000000005,242.71,0.37,23.95
2021-08-15 10:38:00,5.43,242.3,0.33,23.95
2021-08-15 10:40:00,5.59,241.58,0.23,23.95
2021-08-15 10:42:00,5.61,242.06,0.23,23.95
2021-08-15 10:44:00,5.4,242.91,0.27,23.95
2021-08-15 10:46:00,5.75,241.96,0.31,23.95
2021-08-15 10:48:00,5.75,240.45,0.32,23.95
2021-08-15 10:50:00,5.47,242.06,0.32,23.95
2021-08-15 10:52:00,5.58,243.17,0.31,23.95
2021-08-15 10:54:00,5.89,242.5,0.37,23.95
2021-08-15 10:56:00,5.58,243.9,0.28,23.95
2021-08-15 10:58:00,5.58,242.9,0.33,23.95
2021-08-15 11:02:00,5.7,243.66,0.3,23.95
2021-08-15 11:06:00,5.5600000000000005,243.77,0.32,23.87
2021-08-15 11:08:00,5.66,243.12,0.33,23.88
2021-08-15 11:10:00,5.41,243.95,0.29,23.91
2021-08-15 11:12:00,5.44,242.57,0.33,23.93
2021-08-15 11:14:00,5.64,242.97,0.33,23.95
2021-08-15 11:16:00,5.45,243.25,0.3,23.96
2021-08-15 11:18:00,5.670000000000001,244.76,0.34,23.98
2021-08-15 11:20:00,5.609999999999999,243.61,0.27,23.96
2021-08-15 11:22:00,5.75,244.52,0.31,23.96
2021-08-15 11:24:00,5.48,244.33,0.3,23.95
2021-08-15 11:26:00,5.35,243.55,0.28,23.95
2021-08-15 11:28:00,5.73,243.58,0.31,23.95
2021-08-15 11:30:00,5.65,244.04,0.33,23.9
2021-08-15 11:32:00,5.630000000000001,244.1,0.32,23.88
2021-08-15 11:34:00,5.73,243.67,0.28,23.89
2021-08-15 11:36:00,5.5600000000000005,244.13,0.26,23.87
2021-08-15 11:42:00,5.799999999999999,240.03,0.34,23.92
2021-08-15 11:44:00,5.62,240.55,0.36,23.92
2021-08-15 11:46:00,74.58,238.73,0.76,23.91
2021-08-15 11:48:00,5.84,241.62,0.3,23.91
2021-08-15 11:50:00,5.510000000000001,242.31,0.25,23.91
2021-08-15 11:52:00,5.67,240.03,0.33,23.91
2021-08-15 11:56:00,5.449999999999999,241.94,0.29,23.92
2021-08-15 12:00:00,5.5600000000000005,242.56,0.34,23.96
2021-08-15 12:02:00,5.43,239.74,0.32,23.98
2021-08-15 12:04:00,5.6000000000000005,241.28,0.27,23.98
2021-08-15 12:06:00,5.76,241.59,0.28,23.97
2021-08-15 12:08:00,5.470000000000001,242.18,0.3,23.95
2021-08-15 12:10:00,5.72,242.01,0.26,23.94
2021-08-15 12:12:00,5.720000000000001,240.55,0.3,23.92
2021-08-15 12:32:00,5.609999999999999,241.73,0.31,23.9
2021-08-15 12:34:00,5.69,240.41,0.29,23.91
2021-08-15 12:38:00,5.52,240.9,0.3,23.81
2021-08-15 12:40:00,5.54,238.88,0.31,23.83
2021-08-15 12:44:00,5.35,240.01,0.32,23.87
2021-08-15 12:46:00,5.51,240.92,0.33,23.9
2021-08-15 12:48:00,5.81,239.41,0.34,23.93
2021-08-15 12:52:00,5.48,239.3,0.32,23.92
2021-08-15 12:54:00,5.59,240.46,0.27,23.92
2021-08-15 12:56:00,5.6000000000000005,239.97,0.27,23.91
2021-08-15 12:58:00,5.57,241.58,0.31,23.9
2021-08-15 13:00:00,5.51,241.71,0.34,23.88
2021-08-15 13:02:00,5.5600000000000005,240.52,0.35,23.85
2021-08-15 13:06:00,5.76,240.81,0.3,23.83
2021-08-15 13:08:00,5.62,242.42,0.3,23.82
2021-08-15 13:10:00,5.59,240.71,0.38,23.81
2021-08-15 13:12:00,5.44,240.2,0.31,23.79
2021-08-15 13:14:00,5.68,241.46,0.35,23.79
2021-08-15 13:16:00,5.67,241.09,0.27,23.78
2021-08-15 13:20:00,5.67,240.97,0.32,23.78
2021-08-15 13:28:00,5.37,237.16,0.29,23.77
2021-08-15 13:44:00,5.609999999999999,240.0,0.3,23.93
2021-08-15 13:46:00,5.81,239.7,0.31,23.92
2021-08-15 13:48:00,5.71,238.75,0.3,23.92
2021-08-15 13:50:00,5.44,238.17,0.33,23.89
2021-08-15 13:52:00,5.82,238.77,0.35,23.87
2021-08-15 13:54:00,5.59,239.63,0.36,23.83
2021-08-16 05:26:00,5.67,238.72,0.32,23.85
2021-08-16 05:28:00,5.59,239.74,0.29,23.91
2021-08-16 05:30:00,5.82,239.41,0.34,23.93
2021-08-16 05:32:00,5.67,240.33,0.3,23.93
2021-08-16 05:34:00,5.64,240.88,0.31,23.91
2021-08-16 05:36:00,5.45,238.74,0.25,23.89
2021-08-16 05:42:00,5.529999999999999,238.55,0.28,23.83
2021-08-16 05:44:00,5.630000000000001,238.04,0.35,23.82
2021-08-16 05:46:00,5.8,239.18,0.3,23.81
2021-08-16 05:48:00,5.539999999999999,238.57,0.3,23.81
2021-08-16 05:50:00,5.53,238.65,0.33,23.83
2021-08-16 05:52:00,5.85,237.98,0.35,23.84
2021-08-16 05:54:00,5.489999999999999,238.5,0.33,23.87
2021-08-16 05:56:00,5.54,239.54,0.35,23.93
2021-08-16 05:58:00,5.62,239.19,0.31,23.93
2021-08-16 06:00:00,5.5,237.34,0.27,23.93
2021-08-16 06:02:00,5.55,239.01,0.32,23.95
2021-08-16 06:04:00,5.88,239.03,0.32,23.96
2021-08-16 06:06:00,5.49,241.84,0.27,23.96
2021-08-16 06:08:00,5.779999999999999,240.8,0.35,23.96
2021-08-16 06:10:00,5.6,239.32,0.27,23.96
2021-08-16 06:12:00,5.710000000000001,240.76,0.36,23.96
2021-08-16 06:18:00,5.42,240.97,0.29,23.95
2021-08-16 06:20:00,5.65,239.95,0.34,23.95
2021-08-16 06:22:00,5.64,242.21,0.3,23.95
2021-08-16 06:24:00,5.5600000000000005,242.16,0.39,23.95
2021-08-16 06:26:00,5.51,242.0,0.28,23.96
2021-08-16 06:28:00,5.640000000000001,241.38,0.3,23.96
2021-08-16 06:32:00,5.46,240.69,0.33,23.99
2021-08-16 06:36:00,5.7,240.13,0.29,23.93
2021-08-16 06:40:00,5.619999999999999,241.48,0.29,23.92
2021-08-16 06:42:00,5.510000000000001,241.47,0.26,23.92
2021-08-16 06:44:00,5.6,241.48,0.34,23.93
2021-08-16 06:46:00,5.67,241.35,0.32,23.93
2021-08-16 06:48:00,5.63,242.24,0.32,23.93
2021-08-16 06:50:00,5.67,242.38,0.28,23.93
2021-08-16 06:54:00,5.449999999999999,242.49,0.34,23.93
2021-08-16 06:56:00,5.53,241.62,0.29,23.93
2021-08-16 06:58:00,5.81,240.47,0.3,23.92
2021-08-16 07:02:00,5.52,241.03,0.3,23.92
2021-08-16 07:04:00,5.640000000000001,240.23,0.28,23.92
2021-08-16 07:06:00,5.5600000000000005,238.97,0.29,23.92
2021-08-16 07:10:00,5.739999999999999,242.5,0.24,23.96
2021-08-16 07:12:00,5.59,242.54,0.31,23.92
2021-08-16 07:14:00,5.49,242.24,0.31,23.92
2021-08-16 07:16:00,5.71,243.85,0.33,23.96
2021-08-16 07:18:00,5.66,241.68,0.32,23.92
2021-08-16 07:20:00,5.46,241.02,0.24,23.92
2021-08-16 07:22:00,5.579999999999999,241.32,0.34,23.92
2021-08-16 07:26:00,4.54,241.16,0.08,23.96
2021-08-16 07:28:00,4.8100000000000005,243.87,0.03,23.96
2021-08-16 07:32:00,5.45,243.72,0.37,23.95
2021-08-16 07:36:00,5.48,239.77,0.23,24.0
2021-08-16 07:38:00,5.539999999999999,240.98,0.33,24.0
2021-08-16 07:40:00,5.5200000000000005,241.81,0.27,24.0
2021-08-16 07:42:00,5.71,243.79,0.3,23.97
2021-08-16 07:44:00,5.76,242.21,0.32,24.0
2021-08-16 07:46:00,5.54,241.86,0.3,24.0
2021-08-16 07:48:00,4.87,242.08,0.07,24.0
2021-08-16 07:50:00,5.69,240.86,0.3,23.98
2021-08-16 07:52:00,5.7700000000000005,241.82,0.35,24.0
2021-08-16 07:54:00,5.6,243.27,0.27,23.98
2021-08-16 07:56:00,5.640000000000001,242.84,0.31,23.98
2021-08-16 07:58:00,5.53,240.91,0.26,23.98
2021-08-16 08:00:00,5.869999999999999,243.01,0.28,23.98
2021-08-16 08:02:00,5.68,242.53,0.39,23.98
2021-08-16 08:06:00,5.83,242.13,0.37,24.0
2021-08-16 08:08:00,5.6,240.98,0.25,24.0
2021-08-16 08:10:00,5.790000000000001,240.58,0.31,24.0
2021-08-16 08:12:00,5.44,240.85,0.29,24.0
2021-08-16 08:14:00,5.680000000000001,241.76,0.32,24.0
2021-08-16 08:16:00,58.89,238.58,0.57,24.0
2021-08-16 08:18:00,5.67,241.5,0.34,24.0
2021-08-16 08:20:00,5.529999999999999,242.35,0.33,24.0
2021-08-16 08:22:00,5.51,243.14,0.31,24.0
2021-08-16 08:24:00,5.36,242.53,0.31,24.0
2021-08-16 08:26:00,5.37,240.87,0.28,24.0
2021-08-16 08:28:00,6.16,240.15,0.24,24.0
2021-08-16 08:32:00,5.510000000000001,242.07,0.3,23.95
2021-08-16 08:36:00,5.71,238.77,0.34,23.95
2021-08-16 08:38:00,5.42,236.04,0.34,23.98
2021-08-16 08:40:00,5.57,242.83,0.27,23.98
2021-08-16 08:42:00,5.83,241.58,0.29,23.95
2021-08-16 08:44:00,5.34,241.39,0.24,23.96
2021-08-16 08:46:00,5.659999999999999,242.57,0.31,23.95
2021-08-16 08:48:00,5.81,242.22,0.29,23.95
2021-08-16 08:50:00,5.63,241.8,0.36,23.99
2021-08-16 08:52:00,5.63,243.59,0.29,23.95
2021-08-16 08:54:00,5.59,241.81,0.25,23.95
2021-08-16 08:56:00,5.470000000000001,241.38,0.33,23.95
2021-08-16 08:58:00,5.45,240.45,0.32,23.95
2021-08-16 09:00:00,5.529999999999999,239.37,0.34,23.95
2021-08-16 09:02:00,5.4,240.69,0.27,24.09
2021-08-16 09:04:00,5.63,240.1,0.28,23.95
2021-08-16 09:08:00,5.45,241.83,0.32,23.95
2021-08-16 09:10:00,5.41,243.93,0.26,23.95
2021-08-16 09:12:00,5.73,242.96,0.3,23.95
2021-08-16 09:14:00,5.46,242.78,0.28,23.97
2021-08-16 09:16:00,5.65,241.79,0.32,23.95
2021-08-16 09:18:00,5.83,242.02,0.35,23.95
2021-08-16 09:20:00,5.39,242.68,0.29,23.95
2021-08-16 09:22:00,5.77,243.26,0.3,23.95
2021-08-16 09:24:00,5.66,243.98,0.34,23.95
2021-08-16 09:26:00,5.34,243.91,0.32,23.99
2021-08-16 09:30:00,5.739999999999999,242.28,0.33,23.93
2021-08-16 09:32:00,5.84,240.89,0.36,23.93
2021-08-16 09:38:00,5.53,241.22,0.25,23.97
2021-08-16 09:40:00,5.57,238.33,0.38,24.05
2021-08-16 09:42:00,5.69,238.73,0.35,24.05
2021-08-16 09:44:00,5.83,239.03,0.27,24.05
2021-08-16 09:46:00,5.56,240.67,0.34,24.05
2021-08-16 09:48:00,5.68,239.86,0.27,24.05
2021-08-16 09:50:00,5.63,238.47,0.3,24.05
2021-08-16 09:54:00,5.6,237.3,0.35,23.98
2021-08-16 09:56:00,5.510000000000001,239.85,0.3,23.96
2021-08-16 09:58:00,5.28,238.64,0.33,23.95
2021-08-16 10:00:00,5.67,240.69,0.28,24.05
2021-08-16 10:02:00,5.4,239.86,0.34,24.05
2021-08-16 10:04:00,5.470000000000001,240.11,0.28,24.05
2021-08-16 10:06:00,5.49,241.02,0.25,24.05
2021-08-16 10:08:00,5.2700000000000005,240.11,0.29,24.05
2021-08-16 10:10:00,5.48,240.37,0.29,24.05
2021-08-16 10:12:00,5.66,239.38,0.27,24.05
2021-08-16 10:14:00,5.51,240.98,0.29,24.05
2021-08-16 10:18:00,5.69,239.17,0.3,23.97
2021-08-16 10:20:00,5.44,238.08,0.29,23.99
2021-08-16 10:22:00,5.5600000000000005,237.48,0.28,24.04
2021-08-16 10:24:00,5.59,238.7,0.26,24.06
2021-08-16 10:26:00,5.7,237.87,0.33,24.07
2021-08-16 10:28:00,5.6,237.94,0.29,24.06
2021-08-16 10:30:00,5.68,241.58,0.3,23.94
2021-08-16 10:32:00,5.58,237.42,0.28,23.91
2021-08-16 10:34:00,5.609999999999999,240.03,0.38,23.93
2021-08-16 10:36:00,5.47,240.63,0.3,23.93
2021-08-16 10:42:00,5.550000000000001,239.72,0.33,23.93
2021-08-16 10:48:00,5.720000000000001,240.77,0.29,23.87
2021-08-16 10:50:00,5.67,239.9,0.29,23.89
2021-08-16 10:52:00,5.78,240.57,0.35,23.91
2021-08-16 10:54:00,5.43,242.4,0.29,23.94
2021-08-16 10:56:00,5.56,240.11,0.25,23.96
2021-08-16 10:58:00,5.81,239.47,0.33,23.98
2021-08-16 11:00:00,5.65,239.55,0.29,24.04
2021-08-16 11:02:00,5.5600000000000005,240.91,0.32,23.91
2021-08-16 11:04:00,5.75,241.78,0.33,23.91
2021-08-16 11:06:00,5.64,241.52,0.29,23.91
2021-08-16 11:08:00,5.49,241.12,0.33,23.91
2021-08-16 11:10:00,5.43,240.76,0.34,23.91
2021-08-16 11:12:00,5.65,241.28,0.31,23.93
2021-08-16 11:14:00,4.970000000000001,241.6,-0.0,23.95
2021-08-16 11:16:00,4.9,241.3,0.09,23.97
2021-08-16 11:18:00,5.93,240.53,0.36,23.95
2021-08-16 11:20:00,5.8100000000000005,241.38,0.28,23.97
2021-08-16 11:26:00,5.76,241.83,0.26,23.95
2021-08-16 11:28:00,5.6,243.98,0.29,23.95
2021-08-16 11:30:00,5.63,241.8,0.32,23.95
2021-08-16 11:32:00,5.79,242.78,0.34,23.99
2021-08-16 11:34:00,5.71,243.45,0.32,24.02
2021-08-16 11:36:00,5.81,243.31,0.35,24.02
2021-08-16 11:38:00,5.630000000000001,244.91,0.37,24.0
2021-08-16 11:40:00,5.680000000000001,243.99,0.34,23.99
2021-08-16 11:42:00,5.66,242.53,0.29,23.98
2021-08-16 11:44:00,5.64,242.12,0.33,23.96
2021-08-16 11:46:00,4.83,242.14,0.09,24.02
2021-08-16 11:48:00,4.94,241.26,0.02,24.02
2021-08-16 11:50:00,5.66,243.1,0.25,24.02
2021-08-16 11:52:00,5.61,243.17,0.35,24.02
2021-08-16 11:54:00,5.47,242.38,0.28,24.02
2021-08-16 11:56:00,5.66,243.03,0.34,24.02
2021-08-16 11:58:00,5.64,244.23,0.26,24.02
2021-08-16 12:00:00,5.49,244.47,0.34,24.02
2021-08-16 12:02:00,5.82,244.84,0.3,24.02
2021-08-16 12:04:00,5.61,243.93,0.3,24.02
2021-08-16 12:06:00,5.619999999999999,243.35,0.28,24.02
2021-08-16 12:08:00,5.74,243.63,0.3,23.94
2021-08-16 12:10:00,5.529999999999999,242.45,0.26,23.94
2021-08-16 12:12:00,5.7,242.77,0.29,23.94
2021-08-16 12:18:00,5.539999999999999,242.39,0.25,24.02
2021-08-16 12:20:00,5.64,243.07,0.35,23.94
2021-08-16 12:22:00,5.54,242.54,0.31,23.94
2021-08-16 12:24:00,5.52,244.48,0.29,23.94
2021-08-16 12:26:00,5.56,242.69,0.33,23.94
2021-08-16 12:28:00,5.57,244.22,0.28,23.94
2021-08-16 12:32:00,5.79,246.01,0.26,23.87
2021-08-16 12:36:00,5.94,244.75,0.34,23.95
2021-08-16 12:38:00,5.720000000000001,244.74,0.28,23.95
2021-08-16 12:40:00,5.46,244.19,0.35,23.95
2021-08-16 12:42:00,5.720000000000001,245.32,0.3,23.95
2021-08-16 12:44:00,5.619999999999999,244.48,0.32,23.95
2021-08-16 12:48:00,5.73,243.67,0.35,23.91
2021-08-16 12:50:00,5.73,243.92,0.35,23.93
2021-08-16 12:52:00,5.5,241.68,0.28,23.95
2021-08-16 12:54:00,5.76,241.48,0.27,23.98
2021-08-16 12:56:00,5.76,242.88,0.3,23.95
2021-08-16 12:58:00,5.57,243.9,0.36,23.95
2021-08-16 13:02:00,5.64,243.94,0.31,23.94
2021-08-16 13:04:00,5.53,239.19,0.34,23.91
2021-08-16 13:06:00,5.52,238.94,0.28,23.9
2021-08-16 13:08:00,5.700000000000001,241.95,0.29,23.88
2021-08-16 13:10:00,5.33,240.25,0.28,23.87
2021-08-16 13:12:00,5.45,241.68,0.32,23.84
2021-08-16 13:14:00,5.74,241.9,0.34,23.82
2021-08-16 13:16:00,5.6000000000000005,242.89,0.32,23.8
2021-08-16 13:18:00,5.36,242.89,0.28,23.8
2021-08-16 13:20:00,4.94,243.06,0.07,23.8
2021-08-16 13:22:00,5.699999999999999,242.72,0.36,23.81
2021-08-16 13:24:00,5.59,240.58,0.33,23.83
2021-08-16 13:30:00,5.55,241.07,0.32,23.92
2021-08-16 13:32:00,5.6,240.38,0.24,23.95
2021-08-16 13:34:00,5.7700000000000005,240.08,0.27,23.95
2021-08-16 13:36:00,5.37,240.66,0.27,23.93
2021-08-16 13:38:00,5.779999999999999,242.47,0.31,23.92
2021-08-16 13:40:00,5.57,239.53,0.34,23.9
2021-08-16 13:42:00,5.45,241.15,0.29,23.88
2021-08-16 13:44:00,5.390000000000001,242.36,0.22,23.84
2021-08-16 13:46:00,5.45,241.38,0.33,23.87
2021-08-16 13:48:00,5.64,242.87,0.32,23.87
2021-08-16 13:50:00,5.529999999999999,243.7,0.28,23.87
2021-08-16 13:56:00,4.91,241.86,0.06,23.79
2021-08-16 13:58:00,5.779999999999999,242.58,0.25,23.8
2021-08-16 14:00:00,5.5600000000000005,242.87,0.33,23.82
2021-08-16 14:02:00,5.92,243.95,0.36,23.83
2021-08-16 14:04:00,5.64,242.09,0.28,23.85
2021-08-16 14:06:00,5.57,243.08,0.34,23.87
2021-08-16 14:08:00,5.5,241.98,0.28,23.87
2021-08-16 14:10:00,5.78,241.5,0.35,23.87
2021-08-16 14:12:00,5.41,242.35,0.26,23.87
2021-08-16 14:18:00,5.84,243.35,0.36,23.91
2021-08-16 14:20:00,5.42,243.2,0.32,23.9
2021-08-16 14:22:00,5.73,241.95,0.33,23.88
2021-08-16 14:24:00,5.7700000000000005,243.17,0.34,23.84
2021-08-16 14:26:00,5.38,243.89,0.28,23.83
2021-08-16 14:28:00,5.550000000000001,242.98,0.34,23.83
2021-08-16 14:30:00,4.98,243.23,0.1,23.91
2021-08-16 14:32:00,4.96,245.02,0.14,23.78
2021-08-16 14:34:00,5.48,244.46,0.3,23.79
2021-08-16 14:36:00,5.66,244.06,0.34,23.92
2021-08-16 14:38:00,5.83,244.28,0.34,23.92
2021-08-16 14:46:00,5.55,243.41,0.36,23.85
2021-08-16 14:48:00,5.66,243.46,0.29,23.87
2021-08-16 14:50:00,5.65,243.07,0.31,23.89
2021-08-16 14:52:00,5.47,243.18,0.28,23.91
2021-08-16 14:54:00,5.66,243.53,0.35,23.92
2021-08-16 14:56:00,5.83,244.65,0.34,23.93
2021-08-16 14:58:00,5.470000000000001,243.07,0.29,23.92
2021-08-16 15:02:00,5.65,245.08,0.29,23.9
2021-08-16 15:04:00,5.5,242.78,0.29,23.87
2021-08-16 15:06:00,4.98,243.63,0.11,23.84
2021-08-16 15:08:00,5.83,241.53,0.25,23.83
2021-08-16 15:10:00,5.56,241.59,0.29,23.82
2021-08-16 15:12:00,5.69,241.0,0.36,23.79
2021-08-16 15:14:00,5.51,240.34,0.29,23.78
2021-08-16 15:16:00,5.48,241.48,0.35,23.77
2021-08-16 15:18:00,5.5600000000000005,239.94,0.33,23.79
2021-08-16 15:20:00,5.8100000000000005,238.68,0.28,23.81
2021-08-16 15:22:00,5.9,239.04,0.35,23.82
2021-08-16 15:24:00,5.63,238.3,0.33,23.83
2021-08-16 15:26:00,5.63,241.47,0.32,23.84
2021-08-16 15:28:00,5.609999999999999,240.17,0.27,23.87
2021-08-16 15:32:00,5.949999999999999,241.63,0.34,23.92
2021-08-16 15:36:00,5.61,241.56,0.37,23.89
2021-08-16 15:38:00,5.49,241.24,0.31,23.87
2021-08-16 15:40:00,5.64,241.31,0.3,23.84
2021-08-16 15:42:00,5.470000000000001,238.39,0.29,23.82
2021-08-16 15:44:00,5.67,242.68,0.29,23.8
2021-08-16 15:48:00,5.63,241.12,0.32,23.78
2021-08-16 15:50:00,4.78,240.48,0.04,23.76
2021-08-16 15:52:00,5.51,241.0,0.32,23.75
2021-08-16 15:54:00,5.75,240.39,0.36,23.76
2021-08-16 15:58:00,5.51,241.28,0.32,23.77
2021-08-16 16:00:00,5.66,241.63,0.34,23.79
2021-08-16 16:02:00,5.6,240.98,0.32,23.8
2021-08-16 16:04:00,5.57,241.52,0.3,23.83
2021-08-16 16:06:00,5.529999999999999,240.24,0.33,23.87
2021-08-16 16:10:00,5.859999999999999,241.09,0.35,23.88
2021-08-16 16:12:00,6.31,240.2,0.29,23.89
2021-08-16 16:14:00,5.74,240.19,0.27,23.91
2021-08-16 16:18:00,4.74,241.82,0.06,23.91
2021-08-16 16:20:00,5.57,240.46,0.31,23.9
2021-08-16 16:22:00,5.430000000000001,241.58,0.35,23.88
2021-08-16 16:24:00,5.7,240.66,0.32,23.87
2021-08-16 16:26:00,5.65,241.57,0.32,23.84
2021-08-16 16:28:00,5.38,241.77,0.35,23.83
2021-08-16 16:32:00,5.760000000000001,241.36,0.32,23.83
2021-08-16 16:36:00,5.73,239.01,0.33,23.92
2021-08-16 16:38:00,5.8,240.5,0.31,23.91
2021-08-16 16:40:00,5.64,241.59,0.29,23.91
2021-08-16 16:42:00,5.48,240.2,0.24,23.91
2021-08-16 16:44:00,5.529999999999999,240.06,0.33,23.91
2021-08-16 16:46:00,5.47,239.26,0.34,23.91
2021-08-16 16:48:00,5.51,239.56,0.34,23.91
2021-08-16 16:50:00,5.9,239.43,0.32,23.91
2021-08-16 16:52:00,5.63,241.26,0.24,23.91
2021-08-16 16:54:00,5.52,239.68,0.34,23.91
2021-08-16 16:56:00,5.54,239.36,0.26,23.91
2021-08-16 16:58:00,5.62,241.28,0.33,23.91
2021-08-16 17:00:00,5.53,240.62,0.27,23.91
2021-08-16 17:02:00,5.38,241.47,0.31,23.91
2021-08-16 17:04:00,5.01,240.47,0.14,23.91
2021-08-16 17:06:00,5.43,240.09,0.29,23.91
2021-08-16 17:08:00,5.609999999999999,241.45,0.36,23.91
2021-08-16 17:10:00,5.680000000000001,241.27,0.27,23.91
2021-08-16 17:14:00,5.64,240.75,0.31,23.92
2021-08-16 17:16:00,5.640000000000001,241.07,0.29,23.92
2021-08-16 17:18:00,5.65,240.91,0.32,23.92
2021-08-16 17:20:00,5.48,242.86,0.33,23.92
2021-08-16 17:22:00,75.38,240.56,0.76,23.92
2021-08-16 17:24:00,4.95,241.48,0.08,23.92
2021-08-16 17:26:00,5.62,241.5,0.26,23.92
2021-08-16 17:28:00,5.59,241.44,0.37,23.92
2021-08-16 17:30:00,5.859999999999999,241.21,0.35,23.83
2021-08-16 17:32:00,5.56,241.27,0.31,23.8
2021-08-16 17:34:00,5.609999999999999,243.42,0.35,23.77
2021-08-16 17:36:00,5.64,241.79,0.32,23.78
2021-08-16 17:38:00,5.699999999999999,242.2,0.33,23.78
2021-08-16 17:40:00,5.56,243.0,0.32,23.78
2021-08-16 17:42:00,5.84,243.77,0.35,23.78
2021-08-16 17:44:00,5.71,243.35,0.37,23.8
2021-08-16 17:46:00,5.54,242.64,0.32,23.8
2021-08-16 17:48:00,5.62,242.9,0.36,23.8
2021-08-16 17:50:00,5.66,241.09,0.35,23.8
2021-08-16 17:52:00,5.53,243.35,0.34,23.8
2021-08-16 17:54:00,5.47,241.21,0.35,23.8
2021-08-16 17:56:00,5.59,242.85,0.33,23.8
2021-08-16 17:58:00,5.760000000000001,240.64,0.32,23.8
2021-08-16 18:00:00,5.63,241.81,0.39,23.8
2021-08-16 18:04:00,4.65,242.92,0.0,23.83
2021-08-16 18:06:00,5.5,242.33,0.27,23.83
2021-08-16 18:08:00,5.62,242.4,0.28,23.83
2021-08-16 18:10:00,5.7,242.01,0.26,23.83
2021-08-16 18:12:00,5.47,243.57,0.37,23.83
2021-08-16 18:14:00,5.76,242.65,0.37,23.83
2021-08-16 18:16:00,5.67,243.45,0.36,23.85
2021-08-16 18:18:00,5.609999999999999,242.98,0.34,23.85
2021-08-16 18:20:00,5.79,242.72,0.35,23.85
2021-08-16 18:22:00,5.4,243.54,0.32,23.85
2021-08-16 18:24:00,5.48,242.75,0.28,23.85
2021-08-16 18:26:00,5.6,244.52,0.29,23.85
2021-08-16 18:28:00,5.51,243.69,0.29,23.85
2021-08-16 18:32:00,5.710000000000001,243.26,0.36,23.74
2021-08-16 18:36:00,5.61,245.12,0.35,23.87
2021-08-16 18:38:00,5.36,245.24,0.26,23.83
2021-08-16 18:40:00,5.699999999999999,243.47,0.28,23.83
2021-08-16 18:42:00,5.390000000000001,243.37,0.31,23.8
2021-08-16 18:44:00,5.83,243.38,0.3,23.8
2021-08-16 18:46:00,5.7,243.72,0.26,23.8
2021-08-16 18:48:00,5.540000000000001,243.13,0.33,23.8
2021-08-16 18:50:00,5.69,243.64,0.31,23.8
2021-08-16 18:52:00,5.779999999999999,244.64,0.3,23.8
2021-08-16 18:54:00,5.63,244.89,0.28,23.8
2021-08-16 18:56:00,5.57,244.76,0.29,23.8
2021-08-16 18:58:00,5.72,243.62,0.31,23.8
2021-08-16 19:00:00,5.590000000000001,244.12,0.3,23.8
2021-08-16 19:02:00,5.86,244.52,0.33,23.8
2021-08-16 19:04:00,5.73,243.7,0.29,23.8
2021-08-16 19:06:00,5.43,243.46,0.36,23.8
2021-08-16 19:08:00,5.66,243.95,0.35,23.8
2021-08-16 19:10:00,5.67,245.59,0.31,23.8
2021-08-16 19:12:00,5.59,243.94,0.31,23.75
2021-08-16 19:14:00,5.6,243.98,0.37,23.75
2021-08-16 19:16:00,5.59,244.9,0.32,23.75
2021-08-16 19:18:00,5.6,244.88,0.3,23.75
2021-08-16 19:20:00,5.58,244.32,0.32,23.75
2021-08-16 19:22:00,5.62,244.68,0.35,23.75
2021-08-16 19:24:00,5.63,245.99,0.34,23.75
2021-08-16 19:26:00,5.49,244.83,0.35,23.75
2021-08-16 19:28:00,5.819999999999999,247.16,0.32,23.75
2021-08-16 19:32:00,5.55,242.97,0.34,23.72
2021-08-16 19:36:00,4.92,244.44,0.03,23.75
2021-08-16 19:40:00,5.75,244.17,0.28,23.77
2021-08-16 19:42:00,5.56,242.13,0.3,23.79
2021-08-16 19:44:00,5.53,243.19,0.31,23.8
2021-08-16 19:46:00,5.4,243.57,0.31,23.82
2021-08-16 19:48:00,5.61,240.97,0.34,23.84
2021-08-16 19:50:00,5.65,241.83,0.36,23.88
2021-08-16 19:52:00,5.6,243.19,0.32,23.88
2021-08-16 19:54:00,5.51,244.02,0.34,23.87
2021-08-16 19:58:00,5.73,242.91,0.33,23.83
2021-08-16 20:00:00,5.460000000000001,243.8,0.35,23.81
2021-08-16 20:02:00,5.4,242.39,0.35,23.78
2021-08-16 20:04:00,5.75,242.48,0.33,23.75
2021-08-16 20:06:00,5.58,242.91,0.29,23.74
2021-08-16 20:10:00,5.63,243.6,0.36,23.73
2021-08-16 20:12:00,5.46,243.16,0.36,23.73
2021-08-16 20:14:00,5.39,242.44,0.29,23.74
2021-08-16 20:22:00,5.58,242.05,0.29,23.76
2021-08-16 20:24:00,5.64,241.66,0.24,23.77
2021-08-16 20:26:00,5.640000000000001,241.96,0.36,23.78
2021-08-16 20:28:00,5.63,242.77,0.31,23.79
2021-08-16 20:30:00,5.63,243.42,0.27,23.8
2021-08-16 20:32:00,5.6,242.65,0.27,23.72
2021-08-16 20:34:00,5.449999999999999,243.59,0.28,23.72
2021-08-16 20:40:00,5.41,243.5,0.28,23.72
2021-08-16 20:44:00,5.65,243.28,0.34,23.72
2021-08-16 20:46:00,5.640000000000001,243.98,0.32,23.72
2021-08-16 20:48:00,5.699999999999999,244.07,0.35,23.72
2021-08-16 20:50:00,5.85,242.14,0.31,23.74
2021-08-16 20:52:00,5.54,243.43,0.32,23.74
2021-08-16 20:54:00,5.46,241.79,0.3,23.74
2021-08-16 20:56:00,5.71,242.92,0.35,23.74
2021-08-16 20:58:00,5.76,242.59,0.34,23.74
2021-08-16 21:00:00,5.65,243.13,0.38,23.74
2021-08-16 21:02:00,5.59,241.48,0.33,23.74
2021-08-16 21:04:00,5.869999999999999,241.5,0.27,23.74
2021-08-16 21:06:00,5.5200000000000005,241.32,0.35,23.74
2021-08-16 21:08:00,5.62,242.78,0.26,23.74
2021-08-16 21:12:00,5.54,243.43,0.32,23.74
2021-08-16 21:14:00,5.44,242.08,0.29,23.74
2021-08-16 21:16:00,5.54,241.98,0.31,23.75
2021-08-16 21:18:00,5.529999999999999,242.74,0.34,23.75
2021-08-16 21:20:00,5.580000000000001,244.11,0.34,23.77
2021-08-16 21:22:00,5.55,242.42,0.3,23.79
2021-08-16 21:24:00,5.529999999999999,242.86,0.3,23.79
2021-08-16 21:26:00,5.48,243.84,0.28,23.79
2021-08-16 21:28:00,5.67,243.98,0.35,23.79
2021-08-16 21:30:00,5.62,244.1,0.26,23.82
2021-08-16 21:32:00,5.55,243.07,0.34,23.83
2021-08-16 21:34:00,5.43,243.83,0.33,23.84
2021-08-16 21:36:00,5.63,243.62,0.23,23.87
2021-08-16 21:38:00,5.800000000000001,241.9,0.32,23.84
2021-08-16 21:44:00,5.77,242.05,0.33,23.82
2021-08-16 21:46:00,5.44,242.76,0.25,23.8
2021-08-16 21:48:00,5.67,244.11,0.29,23.78
2021-08-16 21:50:00,5.790000000000001,242.93,0.31,23.76
2021-08-16 21:52:00,5.63,242.47,0.27,23.8
2021-08-16 21:54:00,4.800000000000001,242.65,0.05,23.8
2021-08-16 21:56:00,4.62,244.41,0.02,23.8
2021-08-16 21:58:00,5.630000000000001,243.21,0.28,23.8
2021-08-16 22:00:00,5.64,244.3,0.29,23.8
2021-08-16 22:02:00,5.510000000000001,243.87,0.35,23.78
2021-08-16 22:06:00,5.56,242.14,0.32,23.8
2021-08-16 22:08:00,5.54,241.92,0.28,23.8
2021-08-16 22:10:00,5.6,243.1,0.34,23.8
2021-08-16 22:12:00,5.64,243.09,0.33,23.8
2021-08-16 22:14:00,5.7,241.79,0.28,23.8
2021-08-16 22:18:00,5.58,242.2,0.31,23.83
2021-08-16 22:20:00,5.65,243.01,0.3,23.82
2021-08-16 22:22:00,5.69,242.86,0.35,23.81
2021-08-16 22:24:00,5.49,241.53,0.25,23.79
2021-08-16 22:28:00,5.65,242.65,0.35,23.77
2021-08-16 22:32:00,5.65,243.38,0.31,23.73
2021-08-16 22:36:00,5.77,243.72,0.34,23.75
2021-08-16 22:38:00,5.72,243.82,0.31,23.76
2021-08-16 22:40:00,5.52,243.72,0.32,23.78
2021-08-16 22:42:00,5.0,243.05,0.05,23.79
2021-08-16 22:44:00,5.5,242.61,0.27,23.81
2021-08-16 22:46:00,5.720000000000001,244.2,0.31,23.83
2021-08-16 22:48:00,5.790000000000001,243.27,0.34,23.84
2021-08-16 22:50:00,5.33,242.51,0.29,23.87
2021-08-16 22:52:00,5.54,242.4,0.27,23.88
2021-08-16 22:54:00,5.54,241.45,0.3,23.87
2021-08-16 22:56:00,5.29,242.21,0.27,23.84
2021-08-16 22:58:00,5.6,241.03,0.24,23.82
2021-08-16 23:00:00,5.720000000000001,242.18,0.33,23.81
2021-08-16 23:02:00,5.59,242.67,0.31,23.78
2021-08-16 23:04:00,5.57,242.32,0.32,23.76
2021-08-16 23:08:00,5.5600000000000005,243.66,0.3,23.74
2021-08-16 23:10:00,5.74,243.68,0.32,23.73
2021-08-16 23:12:00,5.550000000000001,243.42,0.33,23.73
2021-08-16 23:14:00,5.64,243.65,0.34,23.72
2021-08-16 23:16:00,5.47,242.4,0.31,23.73
2021-08-16 23:18:00,5.38,242.91,0.31,23.73
2021-08-16 23:22:00,5.85,241.26,0.28,23.75
2021-08-16 23:24:00,5.66,241.98,0.36,23.79
2021-08-16 23:26:00,5.55,241.44,0.29,23.81
2021-08-16 23:28:00,5.65,242.26,0.27,23.83
2021-08-16 23:30:00,5.35,241.36,0.33,23.84
2021-08-16 23:32:00,5.6000000000000005,241.74,0.3,23.83
2021-08-16 23:34:00,5.73,240.95,0.28,23.83
2021-08-16 23:36:00,5.71,241.21,0.3,23.8
2021-08-16 23:38:00,5.88,242.28,0.33,23.77
2021-08-16 23:40:00,5.57,240.39,0.31,23.76
2021-08-16 23:42:00,5.54,242.48,0.25,23.73
2021-08-16 23:44:00,5.78,242.89,0.33,23.73
2021-08-16 23:48:00,5.64,241.67,0.34,23.73
2021-08-16 23:50:00,4.89,241.58,0.05,23.75
2021-08-16 23:52:00,4.609999999999999,240.91,0.13,23.76
2021-08-16 23:54:00,5.68,240.73,0.33,23.73
2021-08-16 23:56:00,5.71,242.13,0.31,23.73
2021-08-16 23:58:00,5.4,239.72,0.25,23.73
2021-08-17 00:00:00,5.69,241.19,0.35,23.73
2021-08-17 00:02:00,5.64,241.08,0.31,23.73
2021-08-17 00:06:00,5.5200000000000005,241.73,0.29,23.73
2021-08-17 00:08:00,5.640000000000001,241.74,0.22,23.75
2021-08-17 00:10:00,5.58,240.99,0.29,23.76
2021-08-17 00:12:00,5.55,240.15,0.33,23.78
2021-08-17 00:14:00,5.6,241.15,0.3,23.79
2021-08-17 00:16:00,5.41,241.15,0.24,23.81
2021-08-17 00:18:00,5.54,242.1,0.31,23.83
2021-08-17 00:20:00,5.800000000000001,241.28,0.27,23.84
2021-08-17 00:22:00,5.51,242.03,0.3,23.87
2021-08-17 00:24:00,5.76,242.87,0.33,23.88
2021-08-17 00:26:00,5.42,241.33,0.34,23.87
2021-08-17 00:28:00,5.48,243.26,0.37,23.84
2021-08-17 00:30:00,5.62,243.95,0.25,23.7
2021-08-17 00:32:00,5.569999999999999,243.78,0.29,23.7
2021-08-17 00:34:00,5.539999999999999,241.36,0.33,23.73
2021-08-17 00:36:00,5.66,241.94,0.25,23.84
2021-08-17 00:40:00,5.5600000000000005,242.42,0.31,23.84
2021-08-17 00:44:00,5.72,241.35,0.35,23.84
2021-08-17 00:46:00,5.4,242.87,0.31,23.84
2021-08-17 00:48:00,5.81,243.01,0.27,23.83
2021-08-17 00:50:00,5.55,244.29,0.29,23.83
2021-08-17 00:52:00,5.66,243.41,0.34,23.83
2021-08-17 00:54:00,5.58,240.92,0.27,23.83
2021-08-17 00:56:00,5.85,243.88,0.29,23.83
2021-08-17 00:58:00,5.6,241.94,0.31,23.83
2021-08-17 01:02:00,5.78,243.06,0.31,23.84
2021-08-17 01:04:00,5.75,243.42,0.34,23.84
2021-08-17 01:06:00,5.4,243.29,0.33,23.84
2021-08-17 01:08:00,5.47,243.4,0.28,23.84
2021-08-17 01:10:00,5.41,243.29,0.31,23.84
2021-08-17 01:12:00,5.65,243.68,0.3,23.84
2021-08-17 01:14:00,5.73,245.42,0.34,23.84
2021-08-17 01:16:00,5.38,244.23,0.3,23.84
2021-08-17 01:18:00,5.69,242.89,0.33,23.84
2021-08-17 01:20:00,5.58,243.39,0.3,23.84
2021-08-17 01:22:00,5.63,243.35,0.32,23.84
2021-08-17 01:24:00,5.359999999999999,245.05,0.31,23.84
2021-08-17 01:26:00,5.5600000000000005,243.5,0.29,23.84
2021-08-17 01:28:00,5.57,244.49,0.25,23.84
2021-08-17 01:30:00,5.550000000000001,245.37,0.29,23.76
2021-08-17 01:32:00,5.71,243.94,0.34,23.74
2021-08-17 01:34:00,5.59,243.59,0.29,23.74
2021-08-17 01:36:00,5.63,244.87,0.35,23.68
2021-08-17 01:38:00,5.640000000000001,243.05,0.33,23.7
2021-08-17 01:40:00,5.41,243.08,0.3,23.7
2021-08-17 01:42:00,5.5,244.27,0.26,23.7
2021-08-17 01:44:00,5.49,243.35,0.29,23.7
2021-08-17 01:46:00,5.300000000000001,243.31,0.32,23.7
2021-08-17 01:48:00,5.54,243.44,0.34,23.7
2021-08-17 01:50:00,5.57,243.52,0.33,23.7
2021-08-17 01:56:00,5.640000000000001,242.44,0.32,23.68
2021-08-17 01:58:00,5.58,242.2,0.25,23.68
2021-08-17 02:00:00,5.78,242.3,0.3,23.68
2021-08-17 02:02:00,5.39,241.91,0.33,23.68
2021-08-17 02:04:00,5.61,241.21,0.32,23.68
2021-08-17 02:06:00,5.43,240.52,0.33,23.68
2021-08-17 02:08:00,5.42,240.3,0.25,23.68
2021-08-17 02:10:00,5.6,244.4,0.25,23.68
2021-08-17 02:12:00,5.83,244.73,0.33,23.68
2021-08-17 02:16:00,5.59,243.87,0.25,23.75
2021-08-17 02:18:00,5.49,242.58,0.3,23.77
2021-08-17 02:20:00,5.720000000000001,243.44,0.26,23.77
2021-08-17 02:22:00,5.640000000000001,242.29,0.3,23.79
2021-08-17 02:24:00,5.54,244.66,0.29,23.81
2021-08-17 02:26:00,5.54,241.51,0.34,23.82
2021-08-17 02:32:00,5.65,241.74,0.3,23.87
2021-08-17 02:38:00,5.62,240.52,0.36,23.88
2021-08-17 02:40:00,5.42,243.29,0.3,23.87
2021-08-17 02:42:00,5.54,240.27,0.26,23.84
2021-08-17 02:46:00,5.61,241.77,0.34,23.83
2021-08-17 02:48:00,5.529999999999999,243.33,0.26,23.8
2021-08-17 02:50:00,5.35,242.16,0.25,23.77
2021-08-17 02:52:00,5.73,243.79,0.37,23.75
2021-08-17 02:54:00,5.43,242.85,0.29,23.74
2021-08-17 02:56:00,5.51,241.1,0.37,23.75
2021-08-17 02:58:00,5.7,242.71,0.33,23.76
2021-08-17 03:00:00,5.53,243.76,0.32,23.77
2021-08-17 03:02:00,5.53,241.36,0.29,23.79
2021-08-17 03:04:00,5.75,241.46,0.33,23.81
2021-08-17 03:06:00,5.51,242.44,0.23,23.83
2021-08-17 03:08:00,5.73,239.82,0.26,23.85
2021-08-17 03:10:00,5.71,244.02,0.28,23.89
2021-08-17 03:12:00,5.46,243.29,0.25,23.9
2021-08-17 03:14:00,5.44,241.95,0.32,23.91
2021-08-17 03:16:00,5.609999999999999,241.04,0.28,23.9
2021-08-17 03:20:00,5.73,242.09,0.29,23.89
2021-08-17 03:24:00,5.63,243.57,0.28,23.87
2021-08-17 03:26:00,5.630000000000001,242.92,0.33,23.83
2021-08-17 03:28:00,5.37,239.76,0.31,23.81
2021-08-17 03:30:00,5.67,242.84,0.35,23.81
2021-08-17 03:32:00,5.38,243.34,0.28,23.87
2021-08-17 03:34:00,5.62,242.03,0.3,23.87
2021-08-17 03:36:00,5.800000000000001,240.56,0.34,23.87
2021-08-17 03:38:00,5.930000000000001,242.8,0.32,23.87
2021-08-17 03:40:00,5.41,239.39,0.32,23.87
2021-08-17 03:42:00,5.56,241.13,0.28,23.87
2021-08-17 03:44:00,5.699999999999999,240.44,0.25,23.87
2021-08-17 03:46:00,5.57,241.49,0.29,23.87
2021-08-17 03:48:00,5.47,239.41,0.26,23.87
2021-08-17 03:50:00,5.65,242.24,0.25,23.87
2021-08-17 03:52:00,5.5,240.98,0.35,23.87
2021-08-17 03:56:00,5.6,238.68,0.38,23.87
2021-08-17 03:58:00,5.47,239.59,0.32,23.87
2021-08-17 04:00:00,5.25,239.16,0.29,23.88
2021-08-17 04:02:00,4.9,240.32,0.05,23.88
2021-08-17 04:04:00,4.72,242.23,0.08,23.88
2021-08-17 04:06:00,5.37,238.77,0.31,23.88
2021-08-17 04:08:00,75.98,239.97,0.77,23.88
2021-08-17 04:30:00,5.72,239.93,0.35,23.93
2021-08-17 04:32:00,5.819999999999999,240.12,0.32,23.8
2021-08-17 04:34:00,5.73,241.46,0.33,23.8
2021-08-17 04:36:00,4.74,240.54,0.07,23.8
2021-08-17 04:38:00,4.96,239.93,0.12,23.8
2021-08-17 04:40:00,5.55,242.88,0.27,23.8
2021-08-17 04:42:00,5.6,240.32,0.35,23.8
2021-08-17 04:46:00,5.42,242.68,0.34,23.8
2021-08-17 04:48:00,5.62,242.81,0.33,23.8
2021-08-17 04:50:00,5.72,242.05,0.35,23.8
2021-08-17 04:52:00,5.620000000000001,244.04,0.33,23.8
2021-08-17 04:54:00,5.46,241.75,0.33,23.8
2021-08-17 04:56:00,5.59,241.75,0.32,23.8
2021-08-17 04:58:00,5.55,242.5,0.25,23.81
2021-08-17 05:00:00,5.609999999999999,241.11,0.34,23.81
2021-08-17 05:02:00,5.55,239.95,0.33,23.81
2021-08-17 05:04:00,5.61,240.04,0.31,23.81
2021-08-17 05:06:00,5.7,240.63,0.31,23.81
2021-08-17 05:08:00,5.49,239.51,0.29,23.81
2021-08-17 05:10:00,5.57,240.87,0.35,23.81
2021-08-17 05:12:00,5.82,240.14,0.33,23.81
2021-08-17 05:14:00,5.46,241.56,0.3,23.81
2021-08-17 05:16:00,5.47,240.56,0.27,23.81
2021-08-17 05:18:00,5.57,240.69,0.3,23.81
2021-08-17 05:20:00,5.68,239.7,0.33,23.84
2021-08-17 05:24:00,5.54,241.85,0.32,23.81
2021-08-17 05:26:00,5.59,241.55,0.3,23.81
2021-08-17 05:32:00,5.359999999999999,238.32,0.32,23.83
2021-08-17 05:34:00,5.74,239.59,0.28,23.83
2021-08-17 05:36:00,5.83,240.45,0.3,23.93
2021-08-17 05:40:00,5.01,239.17,0.07,23.81
2021-08-17 05:42:00,5.67,237.23,0.3,23.81
2021-08-17 05:48:00,5.73,239.35,0.33,23.8
2021-08-17 05:50:00,5.4,241.23,0.33,23.81
2021-08-17 05:52:00,5.49,240.16,0.28,23.81
2021-08-17 05:54:00,5.5,237.94,0.27,23.83
2021-08-17 05:56:00,5.57,241.37,0.29,23.84
2021-08-17 05:58:00,5.51,241.09,0.35,23.87
2021-08-17 06:00:00,5.859999999999999,239.04,0.34,23.87
2021-08-17 06:02:00,5.630000000000001,241.33,0.3,23.88
2021-08-17 06:04:00,5.32,242.19,0.29,23.9
2021-08-17 06:06:00,5.49,241.18,0.29,23.93
2021-08-17 06:08:00,5.720000000000001,241.19,0.32,23.95
2021-08-17 06:10:00,5.66,242.8,0.33,23.95
2021-08-17 06:12:00,5.55,242.36,0.31,23.93
2021-08-17 06:14:00,5.83,241.62,0.27,23.93
2021-08-17 06:16:00,5.7,239.25,0.29,23.98
2021-08-17 06:18:00,5.460000000000001,238.04,0.31,23.93
2021-08-17 06:20:00,5.5,240.89,0.29,23.93
2021-08-17 06:22:00,5.54,241.49,0.29,23.93
2021-08-17 06:24:00,5.42,238.71,0.32,23.93
2021-08-17 06:26:00,5.57,240.39,0.34,23.93
2021-08-17 06:28:00,4.71,242.02,0.05,23.93
2021-08-17 06:32:00,5.86,240.85,0.31,23.92
2021-08-17 06:36:00,5.67,239.78,0.36,23.83
2021-08-17 06:38:00,5.71,240.45,0.34,23.83
2021-08-17 06:40:00,5.68,240.42,0.31,23.83
2021-08-17 06:42:00,5.51,239.54,0.33,23.83
2021-08-17 06:44:00,5.54,238.59,0.25,23.83
2021-08-17 06:46:00,6.06,240.22,0.38,23.83
2021-08-17 06:48:00,5.529999999999999,238.73,0.28,23.83
2021-08-17 06:50:00,5.55,239.77,0.25,23.83
2021-08-17 06:52:00,5.64,240.15,0.26,23.83
2021-08-17 06:54:00,5.5200000000000005,240.07,0.33,23.83
2021-08-17 06:56:00,76.46000000000001,238.78,0.76,23.83
2021-08-17 06:58:00,5.53,238.77,0.23,23.83
2021-08-17 07:00:00,5.5200000000000005,241.12,0.3,23.83
2021-08-17 07:02:00,5.49,242.09,0.34,23.83
2021-08-17 07:04:00,5.64,243.0,0.28,23.83
2021-08-17 07:06:00,5.51,242.3,0.24,23.83
2021-08-17 07:08:00,5.609999999999999,243.44,0.35,23.83
2021-08-17 07:12:00,5.6000000000000005,239.69,0.33,23.83
2021-08-17 07:14:00,5.6,241.39,0.35,23.83
2021-08-17 07:16:00,5.68,242.07,0.29,23.83
2021-08-17 07:18:00,5.71,242.58,0.29,23.83
2021-08-17 07:20:00,5.64,242.04,0.31,23.83
2021-08-17 07:22:00,5.67,239.36,0.32,23.83
2021-08-17 07:24:00,5.7,241.25,0.32,23.83
2021-08-17 07:26:00,5.67,240.77,0.29,23.83
2021-08-17 07:28:00,5.67,240.63,0.29,23.83
2021-08-17 07:30:00,5.84,243.67,0.32,24.12
2021-08-17 07:32:00,5.680000000000001,242.45,0.29,24.12
2021-08-17 07:34:00,5.6000000000000005,243.52,0.29,24.12
2021-08-17 07:36:00,5.49,244.8,0.33,24.11
2021-08-17 07:38:00,5.33,243.38,0.34,24.1
2021-08-17 07:40:00,5.44,243.09,0.25,24.08
2021-08-17 07:42:00,5.69,242.46,0.31,24.07
2021-08-17 07:44:00,5.6,242.55,0.3,23.91
2021-08-17 07:46:00,4.59,244.4,0.04,23.92
2021-08-17 07:52:00,5.55,244.98,0.24,23.92
2021-08-17 07:54:00,5.629999999999999,243.61,0.32,23.92
2021-08-17 07:56:00,5.53,240.98,0.36,23.92
2021-08-17 07:58:00,5.5600000000000005,243.11,0.25,23.92
2021-08-17 08:00:00,5.85,243.37,0.34,23.92
2021-08-17 08:02:00,5.45,241.75,0.28,23.92
2021-08-17 08:04:00,5.39,242.6,0.29,23.92
2021-08-17 08:06:00,5.83,242.06,0.31,23.94
2021-08-17 08:08:00,5.66,241.77,0.32,23.94
2021-08-17 08:10:00,5.5,241.98,0.37,23.94
2021-08-17 08:12:00,5.74,243.27,0.32,23.96
2021-08-17 08:14:00,5.5,242.56,0.36,23.96
2021-08-17 08:16:00,5.5,240.51,0.27,23.96
2021-08-17 08:18:00,5.82,243.02,0.3,23.96
2021-08-17 08:20:00,5.77,242.7,0.36,23.96
2021-08-17 08:22:00,5.66,243.78,0.34,24.0
2021-08-17 08:24:00,5.56,242.04,0.34,24.0
2021-08-17 08:26:00,5.59,242.88,0.28,24.0
2021-08-17 08:28:00,5.54,242.18,0.28,24.0
2021-08-17 08:30:00,5.53,243.54,0.28,24.09
2021-08-17 08:32:00,5.630000000000001,242.04,0.33,24.12
2021-08-17 08:34:00,5.550000000000001,240.8,0.33,24.12
2021-08-17 08:36:00,5.41,240.6,0.29,24.12
2021-08-17 08:42:00,5.53,236.2,0.37,24.12
2021-08-17 08:44:00,5.76,240.69,0.29,24.12
2021-08-17 08:46:00,5.799999999999999,238.49,0.31,24.12
2021-08-17 08:48:00,5.46,237.22,0.34,24.12
2021-08-17 08:50:00,5.67,239.33,0.29,24.12
2021-08-17 08:52:00,5.58,239.77,0.31,24.12
2021-08-17 08:54:00,5.65,239.74,0.28,24.12
2021-08-17 08:56:00,5.88,240.68,0.27,24.12
2021-08-17 08:58:00,4.51,240.71,0.04,24.12
2021-08-17 09:00:00,4.84,239.05,0.05,24.11
2021-08-17 09:02:00,4.9,239.93,0.04,24.1
2021-08-17 09:04:00,4.77,243.02,-0.03,24.1
2021-08-17 09:06:00,4.97,243.78,-0.04,24.1
2021-08-17 09:08:00,4.72,241.68,-0.06,24.1
2021-08-17 09:10:00,4.61,242.9,0.06,24.1
2021-08-17 09:12:00,4.800000000000001,241.85,0.04,24.1
2021-08-17 09:14:00,4.8500000000000005,243.41,-0.03,24.1
2021-08-17 09:16:00,4.800000000000001,242.9,0.08,24.1
2021-08-17 09:18:00,4.8500000000000005,243.73,-0.05,24.1
2021-08-17 09:20:00,4.67,242.7,0.0,24.1
2021-08-17 09:22:00,4.91,243.48,-0.01,24.1
2021-08-17 09:24:00,5.09,243.1,0.06,24.1
2021-08-17 09:28:00,4.67,243.73,0.05,24.11
2021-08-17 09:30:00,4.85,242.59,0.05,24.06
2021-08-17 09:32:00,4.91,242.37,0.05,24.04
2021-08-17 09:34:00,4.84,242.62,0.05,24.09
2021-08-17 09:36:00,5.109999999999999,242.05,0.09,24.09
2021-08-17 09:38:00,4.85,242.67,0.1,24.09
2021-08-17 09:40:00,4.7,241.53,-0.06,24.09
2021-08-17 09:44:00,4.83,243.72,0.01,24.09
2021-08-17 09:46:00,4.67,241.42,0.02,24.09
2021-08-17 09:48:00,4.800000000000001,243.18,0.06,24.09
2021-08-17 09:50:00,4.69,243.94,0.01,24.09
2021-08-17 09:52:00,4.640000000000001,240.12,0.04,24.09
2021-08-17 09:54:00,4.69,242.73,0.1,24.09
2021-08-17 09:56:00,4.91,244.23,-0.01,24.09
2021-08-17 09:58:00,4.51,243.23,0.1,24.09
2021-08-17 10:02:00,4.8100000000000005,241.54,0.01,24.09
2021-08-17 10:04:00,4.84,243.41,-0.03,24.09
2021-08-17 10:06:00,4.58,242.81,-0.01,24.09
2021-08-17 10:08:00,4.98,242.59,0.06,24.09
2021-08-17 10:12:00,4.82,241.56,0.08,24.0
2021-08-17 10:14:00,4.949999999999999,242.02,0.05,23.99
2021-08-17 10:16:00,4.87,241.0,0.02,23.98
2021-08-17 10:20:00,4.92,243.05,0.01,23.97
2021-08-17 10:24:00,4.67,243.34,0.04,23.96
2021-08-17 10:26:00,4.640000000000001,241.74,0.04,23.96
2021-08-17 10:28:00,4.76,242.53,0.12,23.95
2021-08-17 10:32:00,4.9,242.41,0.03,23.99
2021-08-17 10:36:00,4.73,244.72,0.04,24.06
2021-08-17 10:38:00,4.98,244.02,0.07,24.06
2021-08-17 10:40:00,4.85,244.61,0.01,24.06
2021-08-17 10:42:00,4.62,244.5,-0.03,24.06
2021-08-17 10:44:00,4.74,243.85,0.09,24.06
2021-08-17 10:46:00,4.81,242.7,0.05,24.06
2021-08-17 10:48:00,4.5,244.42,0.09,24.06
2021-08-17 10:50:00,4.71,243.43,0.06,24.06
2021-08-17 10:52:00,4.96,243.4,-0.03,24.06
2021-08-17 10:54:00,4.8,242.36,0.06,24.06
2021-08-17 10:58:00,4.87,242.68,-0.05,23.95
2021-08-17 11:00:00,4.72,243.31,0.09,23.95
2021-08-17 11:02:00,4.93,243.63,-0.0,23.95
2021-08-17 11:06:00,4.62,244.24,0.06,23.96
2021-08-17 11:08:00,4.75,243.28,-0.03,23.98
2021-08-17 11:12:00,4.57,242.46,0.05,24.07
2021-08-17 11:14:00,4.71,241.68,-0.01,24.09
2021-08-17 11:16:00,4.69,243.47,0.11,24.08
2021-08-17 11:18:00,4.7,244.04,-0.01,24.06
2021-08-17 11:20:00,4.59,243.88,0.08,24.06
2021-08-17 11:22:00,4.87,244.45,0.01,24.06
2021-08-17 11:24:00,4.88,243.51,0.08,24.06
2021-08-17 11:28:00,4.83,244.22,-0.01,23.99
2021-08-17 11:30:00,4.96,244.34,-0.02,24.53
2021-08-17 11:32:00,4.7,243.94,0.12,23.98
2021-08-17 11:40:00,4.76,242.85,-0.08,24.04
2021-08-17 11:42:00,4.75,244.55,0.05,24.05
2021-08-17 11:46:00,4.82,245.46,0.02,24.08
2021-08-17 11:48:00,4.78,245.13,-0.01,24.1
2021-08-17 11:50:00,4.86,243.79,-0.03,24.13
2021-08-17 11:52:00,4.88,246.16,0.03,24.17
2021-08-17 11:54:00,4.65,244.34,0.03,24.19
2021-08-17 11:58:00,4.88,244.88,-0.01,24.23
2021-08-17 12:00:00,4.79,245.05,0.0,24.24
2021-08-17 12:02:00,4.8100000000000005,244.52,-0.0,24.23
2021-08-17 12:04:00,4.75,245.19,0.07,24.22
2021-08-17 12:06:00,4.82,245.4,-0.01,24.21
2021-08-17 12:08:00,4.75,246.66,0.03,24.21
2021-08-17 12:10:00,4.95,243.29,-0.03,24.21
2021-08-17 12:12:00,4.74,243.73,0.0,24.23
2021-08-17 12:14:00,4.69,243.33,0.08,24.25
2021-08-17 12:16:00,4.64,242.59,0.07,24.27
2021-08-17 12:18:00,4.76,241.86,0.0,24.32
2021-08-17 12:20:00,4.72,242.46,-0.05,24.34
2021-08-17 12:22:00,4.63,241.5,-0.05,24.37
2021-08-17 12:24:00,4.94,240.8,0.02,24.39
2021-08-17 12:26:00,4.73,241.12,0.1,24.42
2021-08-17 12:28:00,4.75,242.1,0.01,24.44
2021-08-17 12:32:00,4.6000000000000005,243.26,0.08,24.54
2021-08-17 12:36:00,4.75,242.08,-0.01,24.54
2021-08-17 12:38:00,4.710000000000001,240.82,0.06,24.55
2021-08-17 12:40:00,4.720000000000001,240.1,0.04,24.57
2021-08-17 12:42:00,4.64,242.38,-0.02,24.58
2021-08-17 12:44:00,4.58,243.5,-0.01,24.59
2021-08-17 12:46:00,5.05,242.37,-0.01,24.61
2021-08-17 12:48:00,4.79,242.47,-0.06,24.61
2021-08-17 12:50:00,4.74,243.38,0.03,24.62
2021-08-17 12:52:00,4.57,242.91,-0.03,24.63
2021-08-17 12:54:00,4.98,242.86,-0.02,24.64
2021-08-17 12:56:00,4.85,242.56,0.06,24.66
2021-08-17 12:58:00,4.85,243.85,-0.06,24.66
2021-08-17 13:00:00,4.95,242.98,0.1,24.67
2021-08-17 13:04:00,4.62,240.11,-0.01,24.67
2021-08-17 13:06:00,4.91,240.27,-0.01,24.68
2021-08-17 13:10:00,4.59,240.43,-0.05,24.69
2021-08-17 13:12:00,4.66,239.6,0.07,24.7
2021-08-17 13:14:00,4.71,244.08,0.04,24.7
2021-08-17 13:16:00,4.74,241.75,0.08,24.71
2021-08-17 13:18:00,4.84,243.47,-0.0,24.73
2021-08-17 13:20:00,4.83,243.5,0.01,24.73
2021-08-17 13:22:00,4.94,244.19,0.03,24.74
2021-08-17 13:24:00,4.76,242.96,0.02,24.74
2021-08-17 13:26:00,4.93,243.04,-0.05,23.97
2021-08-17 13:28:00,4.82,245.54,0.06,23.97
2021-08-17 13:30:00,4.69,244.27,0.06,24.85
2021-08-17 13:32:00,4.77,244.08,0.01,24.78
2021-08-17 13:34:00,5.01,243.89,0.07,24.78
2021-08-17 13:36:00,4.91,243.65,0.06,24.78
2021-08-17 13:38:00,4.609999999999999,244.81,0.02,24.79
2021-08-17 13:40:00,4.71,245.07,0.04,24.51
2021-08-17 13:42:00,4.77,243.52,0.03,24.53
2021-08-17 13:46:00,4.71,243.65,0.04,24.55
2021-08-17 13:48:00,5.0,244.3,0.06,24.57
2021-08-17 13:52:00,4.86,243.04,0.04,24.58
2021-08-17 13:54:00,4.83,243.7,0.0,24.59
2021-08-17 13:56:00,4.89,245.04,0.03,24.61
2021-08-17 13:58:00,4.800000000000001,245.51,0.05,24.61
2021-08-17 14:00:00,5.04,243.72,0.06,24.62
2021-08-17 14:04:00,4.71,244.55,0.02,24.63
2021-08-17 14:06:00,4.880000000000001,245.64,-0.01,24.64
2021-08-17 14:08:00,4.970000000000001,244.05,-0.0,24.66
2021-08-17 14:10:00,5.02,245.17,0.01,24.66
2021-08-17 14:12:00,4.66,244.88,0.06,24.67
2021-08-17 14:14:00,4.72,244.02,0.02,24.67
2021-08-17 14:16:00,4.76,244.86,0.04,24.68
2021-08-17 14:18:00,4.85,243.61,-0.02,24.68
2021-08-17 14:20:00,4.970000000000001,243.0,0.08,24.68
2021-08-17 14:22:00,4.7,244.83,0.04,24.68
2021-08-17 14:24:00,5.01,244.85,-0.06,24.68
2021-08-17 14:26:00,4.97,243.86,0.01,24.68
2021-08-17 14:30:00,4.86,243.55,-0.02,24.78
2021-08-17 14:32:00,4.8100000000000005,245.17,-0.03,24.78
2021-08-17 14:34:00,4.74,242.81,-0.01,24.78
2021-08-17 14:36:00,4.84,242.67,-0.07,24.78
2021-08-17 14:38:00,4.9,242.9,0.03,24.79
2021-08-17 14:40:00,4.71,243.21,0.01,24.82
2021-08-17 14:42:00,5.0,243.06,0.1,24.82
2021-08-17 14:44:00,5.029999999999999,243.05,-0.02,24.84
2021-08-17 14:50:00,4.91,242.93,-0.04,24.85
2021-08-17 14:52:00,4.61,243.47,0.03,24.87
2021-08-17 14:54:00,5.01,243.3,0.01,24.51
2021-08-17 14:56:00,5.06,242.03,0.01,24.53
2021-08-17 14:58:00,4.88,242.08,0.01,24.54
2021-08-17 15:00:00,4.96,241.89,-0.01,24.55
2021-08-17 15:02:00,5.0,242.64,-0.04,24.57
2021-08-17 15:04:00,4.93,243.94,0.03,24.58
2021-08-17 15:06:00,4.76,243.88,0.03,24.59
2021-08-17 15:08:00,4.79,243.39,0.04,24.61
2021-08-17 15:10:00,4.77,243.01,0.12,24.61
2021-08-17 15:12:00,4.85,242.82,0.09,24.62
2021-08-17 15:14:00,4.98,242.91,0.03,24.63
2021-08-17 15:16:00,4.97,242.24,-0.04,24.64
2021-08-17 15:18:00,4.79,242.7,0.03,24.66
2021-08-17 15:20:00,4.98,242.27,-0.07,24.66
2021-08-17 15:22:00,4.88,244.25,-0.02,24.67
2021-08-17 15:26:00,4.970000000000001,242.68,-0.04,24.67
2021-08-17 15:28:00,4.94,243.85,0.05,24.68
2021-08-17 15:32:00,4.949999999999999,242.86,0.01,25.08
2021-08-17 15:34:00,4.970000000000001,242.11,0.01,25.08
2021-08-17 15:36:00,4.890000000000001,244.11,-0.06,24.78
2021-08-17 15:38:00,4.99,243.32,0.07,24.78
2021-08-17 15:40:00,4.96,243.22,0.05,24.79
2021-08-17 15:42:00,4.779999999999999,243.6,0.02,24.82
2021-08-17 15:44:00,4.89,243.21,-0.02,24.82
2021-08-17 15:46:00,4.9,244.47,-0.03,24.84
2021-08-17 15:48:00,4.74,242.49,0.01,24.85
2021-08-17 15:50:00,4.73,243.54,-0.03,24.85
2021-08-17 15:52:00,4.9,244.3,0.08,24.87
2021-08-17 15:54:00,4.82,243.49,0.02,24.87
2021-08-17 15:56:00,4.76,243.17,0.05,24.87
2021-08-17 15:58:00,4.57,242.46,0.08,24.87
2021-08-17 16:00:00,4.83,243.5,-0.02,24.87
2021-08-17 16:04:00,4.65,244.4,-0.05,24.85
2021-08-17 16:06:00,4.62,244.87,-0.03,24.85
2021-08-17 16:10:00,4.89,244.99,0.06,24.85
2021-08-17 16:12:00,4.609999999999999,242.9,0.03,24.85
2021-08-17 16:14:00,4.93,240.98,0.05,24.85
2021-08-17 16:18:00,4.82,243.91,-0.03,24.84
2021-08-17 16:22:00,4.93,242.46,0.01,24.82
2021-08-17 16:24:00,4.77,241.79,0.09,24.82
2021-08-17 16:26:00,4.79,243.81,-0.05,24.82
2021-08-17 16:28:00,4.98,243.29,0.03,24.82
2021-08-17 16:34:00,4.74,244.01,0.05,25.08
2021-08-17 16:40:00,4.88,243.09,-0.03,25.08
2021-08-17 16:42:00,4.73,243.29,0.12,25.08
2021-08-17 16:44:00,4.93,244.77,-0.02,25.08
2021-08-17 16:46:00,4.96,242.0,0.05,25.08
2021-08-17 16:48:00,4.5600000000000005,243.05,0.1,25.08
2021-08-17 16:50:00,4.94,244.55,0.06,25.08
2021-08-17 16:52:00,4.91,243.58,0.07,25.08
2021-08-17 16:54:00,4.9,244.53,0.04,25.08
2021-08-17 16:56:00,4.84,242.66,0.04,25.08
2021-08-17 16:58:00,4.93,243.11,-0.0,25.08
2021-08-17 17:00:00,4.79,244.87,-0.07,25.08
2021-08-17 17:02:00,4.8100000000000005,244.83,-0.01,25.08
2021-08-17 17:04:00,4.890000000000001,243.18,0.07,25.08
2021-08-17 17:06:00,4.83,244.98,0.08,25.08
2021-08-17 17:08:00,4.72,246.61,0.09,25.08
2021-08-17 17:10:00,5.05,244.01,0.03,25.08
2021-08-17 17:12:00,4.68,243.36,0.07,25.08
2021-08-17 17:14:00,4.72,243.86,0.09,25.08
2021-08-17 17:16:00,4.8100000000000005,243.75,0.0,25.08
2021-08-17 17:18:00,4.67,244.57,0.1,25.0
2021-08-17 17:20:00,4.96,243.74,-0.0,25.01
2021-08-17 17:22:00,4.69,244.55,0.04,25.03
2021-08-17 17:24:00,4.68,243.44,0.11,25.03
2021-08-17 17:26:00,4.94,243.79,0.03,25.06
2021-08-17 17:28:00,5.16,243.74,0.04,25.06
2021-08-17 17:30:00,4.66,243.67,-0.03,25.08
2021-08-17 17:32:00,4.960000000000001,244.15,-0.05,25.08
2021-08-17 17:34:00,4.970000000000001,244.83,0.01,25.08
2021-08-17 17:36:00,4.96,245.08,0.0,25.08
2021-08-17 17:38:00,4.91,244.98,0.03,25.08
2021-08-17 17:40:00,5.1,245.53,0.0,25.08
2021-08-17 17:42:00,4.82,243.53,0.05,25.08
2021-08-17 17:44:00,5.0600000000000005,244.2,-0.0,25.08
2021-08-17 17:46:00,4.92,244.83,-0.04,25.08
2021-08-17 17:48:00,4.77,245.22,0.01,25.08
2021-08-17 17:50:00,4.859999999999999,244.63,0.1,25.08
2021-08-17 17:54:00,4.95,243.63,0.08,25.08
2021-08-17 17:56:00,4.92,243.72,0.02,25.08
2021-08-17 17:58:00,5.0,244.97,0.07,25.08
2021-08-17 18:00:00,5.069999999999999,244.29,0.04,25.08
2021-08-17 18:06:00,4.91,245.2,0.07,25.08
2021-08-17 18:08:00,4.55,244.92,-0.01,25.08
2021-08-17 18:10:00,4.93,245.2,-0.06,25.08
2021-08-17 18:12:00,4.859999999999999,244.7,0.06,25.08
2021-08-17 18:14:00,4.53,244.12,0.03,25.08
2021-08-17 18:18:00,4.94,243.31,-0.05,25.08
2021-08-17 18:20:00,4.95,243.58,0.01,25.0
2021-08-17 18:22:00,4.859999999999999,244.28,-0.01,25.01
2021-08-17 18:24:00,4.69,243.63,0.05,25.03
2021-08-17 18:26:00,5.0,244.27,0.04,25.03
2021-08-17 18:28:00,4.7,243.28,-0.03,25.06
2021-08-17 18:30:00,4.73,244.07,0.1,25.08
2021-08-17 18:32:00,4.880000000000001,245.48,-0.02,25.08
2021-08-17 18:38:00,4.78,244.38,0.12,25.08
2021-08-17 18:40:00,4.94,246.0,0.01,25.08
2021-08-17 18:44:00,4.720000000000001,243.71,-0.05,25.08
2021-08-17 18:46:00,4.9,242.47,0.07,25.08
2021-08-17 18:48:00,5.050000000000001,243.35,0.06,25.08
2021-08-17 18:52:00,4.6,241.15,0.03,25.08
2021-08-17 18:54:00,4.82,242.07,-0.02,25.08
2021-08-17 18:56:00,4.77,242.07,0.11,25.08
2021-08-17 18:58:00,4.66,244.29,0.02,25.08
2021-08-17 19:00:00,5.03,241.92,0.01,25.08
2021-08-17 19:02:00,4.6000000000000005,241.67,-0.02,25.08
2021-08-17 19:04:00,4.98,242.34,0.01,25.08
2021-08-17 19:08:00,4.82,243.47,0.07,25.08
2021-08-17 19:12:00,5.02,242.12,0.08,25.08
2021-08-17 19:14:00,4.58,242.88,0.03,25.08
2021-08-17 19:16:00,4.88,242.7,-0.07,25.08
2021-08-17 19:18:00,5.02,242.62,-0.01,25.08
2021-08-17 19:20:00,4.63,242.71,0.1,25.08
2021-08-17 19:22:00,4.779999999999999,240.79,0.03,25.08
2021-08-17 19:24:00,4.86,243.57,-0.01,25.0
2021-08-17 19:26:00,4.890000000000001,242.73,0.06,25.01
2021-08-17 19:28:00,4.77,243.3,0.01,25.03
2021-08-17 19:30:00,4.970000000000001,243.73,0.01,25.23
2021-08-17 19:32:00,4.89,242.54,0.05,25.08
2021-08-17 19:34:00,4.94,243.54,0.05,25.08
2021-08-17 19:36:00,4.82,242.44,0.04,25.08
2021-08-17 19:38:00,4.88,242.48,0.03,25.08
2021-08-17 19:44:00,4.83,242.05,-0.03,25.08
2021-08-17 19:46:00,4.6,244.65,0.01,25.08
2021-08-17 19:48:00,4.99,245.22,0.04,25.08
2021-08-17 19:50:00,4.78,242.97,-0.05,25.08
2021-08-17 19:52:00,4.52,244.04,0.01,25.08
2021-08-17 19:54:00,5.010000000000001,244.67,0.02,25.08
2021-08-17 19:56:00,4.95,244.37,-0.04,25.08
2021-08-17 19:58:00,4.87,244.18,0.02,25.08
2021-08-17 20:00:00,4.63,244.32,0.04,25.08
2021-08-17 20:02:00,4.7700000000000005,244.76,0.07,25.08
2021-08-17 20:04:00,4.92,243.79,-0.08,25.08
2021-08-17 20:06:00,4.7,244.29,0.08,25.08
2021-08-17 20:08:00,4.9,245.55,-0.02,25.08
2021-08-17 20:10:00,4.800000000000001,244.32,0.07,25.08
2021-08-17 20:12:00,4.67,245.09,0.05,25.08
2021-08-17 20:16:00,4.8100000000000005,244.12,0.03,25.08
2021-08-17 20:18:00,4.72,244.1,-0.02,25.08
2021-08-17 20:20:00,4.800000000000001,245.47,0.09,25.08
2021-08-17 20:22:00,4.76,244.53,0.09,25.08
2021-08-17 20:26:00,4.88,246.54,0.04,25.08
2021-08-17 20:28:00,4.86,242.28,0.01,25.08
2021-08-17 20:32:00,4.83,242.5,0.09,25.3
2021-08-17 20:36:00,4.7,243.37,0.02,25.23
2021-08-17 20:38:00,4.98,242.57,-0.06,25.24
2021-08-17 20:40:00,4.82,241.82,-0.02,25.24
2021-08-17 20:42:00,4.91,242.61,-0.01,25.24
2021-08-17 20:44:00,4.84,242.26,0.0,25.24
2021-08-17 20:46:00,4.74,241.49,-0.07,25.25
2021-08-17 20:48:00,4.859999999999999,241.21,0.04,25.25
2021-08-17 20:50:00,4.79,243.35,0.05,25.25
2021-08-17 20:52:00,4.73,243.74,0.06,25.25
2021-08-17 20:54:00,4.69,243.34,0.03,25.27
2021-08-17 20:56:00,4.930000000000001,243.58,0.02,25.27
2021-08-17 20:58:00,4.76,243.81,0.07,25.27
2021-08-17 21:00:00,4.73,243.14,-0.04,25.27
2021-08-17 21:02:00,4.76,244.87,0.02,25.27
2021-08-17 21:04:00,5.03,244.15,0.1,25.27
2021-08-17 21:06:00,4.76,243.92,-0.0,25.17
2021-08-17 21:08:00,4.960000000000001,244.3,-0.02,25.17
2021-08-17 21:10:00,4.88,244.27,-0.04,25.17
2021-08-17 21:12:00,4.74,245.84,-0.01,25.17
2021-08-17 21:14:00,4.94,240.94,0.08,25.17
2021-08-17 21:16:00,5.0,242.72,-0.04,25.17
2021-08-17 21:18:00,5.02,242.87,0.08,25.17
2021-08-17 21:20:00,4.93,243.22,-0.01,25.17
2021-08-17 21:22:00,4.91,245.28,0.01,25.17
2021-08-17 21:24:00,4.87,245.69,-0.01,25.17
2021-08-17 21:26:00,4.84,243.89,-0.04,25.17
2021-08-17 21:28:00,5.0,245.38,-0.02,25.17
2021-08-17 21:30:00,4.92,243.68,0.06,25.28
2021-08-17 21:32:00,4.640000000000001,244.58,-0.01,25.28
2021-08-17 21:34:00,5.0,245.9,0.04,25.28
2021-08-17 21:36:00,5.08,244.11,0.03,25.28
2021-08-17 21:38:00,4.67,245.6,0.05,25.28
2021-08-17 21:40:00,4.84,244.8,-0.01,25.29
2021-08-17 21:42:00,4.73,245.29,0.07,25.29
2021-08-17 21:44:00,4.58,244.2,-0.03,25.29
2021-08-17 21:46:00,4.640000000000001,245.12,-0.03,25.29
2021-08-17 21:48:00,4.859999999999999,244.83,0.04,25.3
2021-08-17 21:50:00,5.02,244.73,-0.05,25.3
2021-08-17 21:52:00,4.85,245.26,0.09,25.3
2021-08-17 21:54:00,4.95,245.06,0.05,25.3
2021-08-17 21:58:00,4.91,244.83,0.01,25.3
2021-08-17 22:00:00,5.0,244.03,0.02,25.3
2021-08-17 22:02:00,5.0200000000000005,244.0,0.06,25.3
2021-08-17 22:04:00,4.65,244.24,-0.03,25.3
2021-08-17 22:06:00,4.81,245.36,0.06,25.31
2021-08-17 22:08:00,4.78,244.06,0.03,25.3
2021-08-17 22:10:00,4.66,244.23,0.05,25.31
2021-08-17 22:12:00,4.75,246.21,0.04,25.31
2021-08-17 22:16:00,4.75,244.45,-0.05,25.31
2021-08-17 22:18:00,4.74,244.51,0.06,25.31
2021-08-17 22:20:00,5.029999999999999,243.41,0.01,25.31
2021-08-17 22:22:00,4.91,242.45,-0.03,25.31
2021-08-17 22:26:00,5.03,243.84,0.08,25.31
2021-08-17 22:28:00,4.82,242.4,0.02,25.31
2021-08-17 22:30:00,4.8500000000000005,244.06,-0.02,25.32
2021-08-17 22:32:00,4.8,243.64,0.02,25.28
2021-08-17 22:34:00,4.77,244.32,-0.02,25.28
2021-08-17 22:36:00,4.720000000000001,243.23,-0.0,25.28
2021-08-17 22:38:00,4.78,242.61,0.08,25.28
2021-08-17 22:40:00,5.0200000000000005,242.9,0.04,25.28
2021-08-17 22:42:00,4.95,243.96,0.11,25.28
2021-08-17 22:44:00,4.81,242.6,0.05,25.28
2021-08-17 22:50:00,4.800000000000001,242.29,0.03,25.31
2021-08-17 22:52:00,4.859999999999999,241.78,-0.04,25.31
2021-08-17 22:54:00,5.0600000000000005,241.63,-0.03,25.31
2021-08-17 22:56:00,4.720000000000001,243.45,0.05,25.31
2021-08-17 22:58:00,5.1,239.3,0.02,25.31
2021-08-17 23:00:00,4.91,241.43,-0.02,25.31
2021-08-17 23:02:00,4.87,241.06,0.07,25.31
2021-08-17 23:04:00,4.8,240.93,0.0,25.32
2021-08-17 23:06:00,4.859999999999999,241.65,-0.02,25.32
2021-08-17 23:08:00,4.890000000000001,242.5,0.01,25.32
2021-08-17 23:10:00,4.95,242.23,0.01,25.32
2021-08-17 23:12:00,4.91,241.81,0.01,25.32
2021-08-17 23:14:00,4.640000000000001,240.61,0.09,25.32
2021-08-17 23:16:00,4.81,241.57,-0.05,25.31
2021-08-17 23:18:00,5.0,240.4,0.07,25.32
2021-08-17 23:20:00,4.91,241.5,-0.02,25.32
2021-08-17 23:22:00,5.0,239.13,0.04,25.31
2021-08-17 23:24:00,5.0,240.73,0.05,25.31
2021-08-17 23:26:00,4.8,239.87,0.06,25.32
2021-08-17 23:28:00,5.05,240.65,-0.05,25.31
2021-08-17 23:30:00,4.72,240.61,0.02,25.32
2021-08-17 23:34:00,4.760000000000001,241.01,0.01,25.32
2021-08-17 23:36:00,4.9,242.03,0.02,25.32
2021-08-17 23:38:00,5.01,239.87,0.04,25.32
2021-08-17 23:42:00,4.82,242.23,0.01,25.32
2021-08-17 23:44:00,4.890000000000001,240.5,0.08,25.32
2021-08-17 23:46:00,4.89,242.33,0.06,25.32
2021-08-17 23:48:00,4.74,240.05,0.02,25.32
2021-08-17 23:50:00,4.77,241.32,-0.04,25.33
2021-08-17 23:52:00,4.87,239.25,0.0,25.33
2021-08-17 23:54:00,4.96,240.17,-0.01,25.33
2021-08-17 23:56:00,4.63,239.91,0.08,25.33
2021-08-17 23:58:00,4.74,240.62,0.06,25.33
2021-08-18 00:00:00,4.76,241.14,0.01,25.35
2021-08-18 00:02:00,4.89,241.88,0.09,25.35
2021-08-18 00:04:00,4.9,241.56,0.07,25.35
2021-08-18 00:06:00,4.84,242.68,0.01,25.35
2021-08-18 00:08:00,4.63,241.44,-0.04,25.35
2021-08-18 00:10:00,5.0,240.86,0.03,25.35
2021-08-18 00:12:00,4.95,241.09,0.04,25.35
2021-08-18 00:14:00,4.95,240.88,0.05,25.35
2021-08-18 00:16:00,4.960000000000001,242.38,0.01,25.3
2021-08-18 00:18:00,4.7,240.4,0.09,25.3
2021-08-18 00:22:00,4.84,244.73,-0.06,25.36
2021-08-18 00:24:00,4.8100000000000005,243.44,-0.03,25.36
2021-08-18 00:26:00,4.68,243.31,0.01,25.36
2021-08-18 00:28:00,4.76,244.41,0.06,25.36
2021-08-18 00:32:00,5.1,244.06,-0.02,25.41
2021-08-18 00:38:00,4.78,243.35,0.08,25.37
2021-08-18 00:40:00,4.78,241.56,-0.02,25.37
2021-08-18 00:42:00,4.84,244.67,-0.02,25.37
2021-08-18 00:44:00,4.82,242.4,0.08,25.37
2021-08-18 00:46:00,4.85,242.62,0.04,25.37
2021-08-18 00:48:00,4.8100000000000005,241.44,0.1,25.37
2021-08-18 00:52:00,4.930000000000001,242.86,-0.05,25.37
2021-08-18 00:54:00,4.98,242.65,0.0,25.37
2021-08-18 00:56:00,4.85,242.74,0.06,25.37
2021-08-18 00:58:00,4.71,245.01,0.04,25.37
2021-08-18 01:00:00,5.08,244.6,-0.01,25.37
2021-08-18 01:02:00,4.82,243.63,0.04,25.37
2021-08-18 01:04:00,4.61,244.6,0.08,25.37
2021-08-18 01:06:00,4.81,243.74,0.05,25.37
2021-08-18 01:08:00,4.89,242.94,0.03,25.37
2021-08-18 01:10:00,4.63,243.42,0.0,25.38
2021-08-18 01:12:00,4.93,242.39,0.02,25.38
2021-08-18 01:14:00,4.73,243.47,0.05,25.38
2021-08-18 01:16:00,5.03,242.05,-0.04,25.38
2021-08-18 01:18:00,4.92,241.93,0.06,25.38
2021-08-18 01:20:00,4.8100000000000005,241.58,0.02,25.39
2021-08-18 01:22:00,5.0,242.26,0.02,25.39
2021-08-18 01:24:00,4.96,241.88,0.04,25.39
2021-08-18 01:26:00,4.75,244.14,0.02,25.39
2021-08-18 01:28:00,5.15,243.38,-0.05,25.39
2021-08-18 01:30:00,4.96,243.01,0.01,25.4
2021-08-18 01:32:00,4.720000000000001,243.44,0.06,25.39
2021-08-18 01:34:00,4.89,241.21,0.04,25.4
2021-08-18 01:36:00,4.8100000000000005,242.32,0.06,25.4
2021-08-18 01:38:00,4.63,240.28,0.04,25.4
2021-08-18 01:40:00,5.06,242.39,-0.01,25.41
2021-08-18 01:42:00,4.73,240.89,-0.02,25.41
2021-08-18 01:44:00,4.92,242.27,0.0,25.41
2021-08-18 01:46:00,4.94,242.67,-0.04,25.41
2021-08-18 01:48:00,4.8100000000000005,243.81,-0.01,25.41
2021-08-18 01:50:00,4.85,243.6,0.06,25.41
2021-08-18 01:52:00,4.859999999999999,244.89,0.04,25.41
2021-08-18 01:54:00,4.73,244.73,0.07,25.41
2021-08-18 01:56:00,4.8100000000000005,243.53,0.02,25.41
2021-08-18 02:00:00,4.85,243.01,-0.0,25.36
2021-08-18 02:02:00,4.93,243.61,-0.03,25.37
2021-08-18 02:04:00,4.98,242.29,0.08,25.37
2021-08-18 02:06:00,4.7,242.73,0.01,25.37
2021-08-18 02:08:00,5.06,241.95,0.03,25.37
2021-08-18 02:10:00,4.95,242.2,0.1,25.37
2021-08-18 02:12:00,4.65,242.2,0.04,25.37
2021-08-18 02:14:00,4.83,243.66,-0.03,25.37
2021-08-18 02:16:00,4.77,242.49,-0.02,25.37
2021-08-18 02:18:00,4.68,243.01,0.01,25.37
2021-08-18 02:20:00,4.96,242.59,0.03,25.37
2021-08-18 02:22:00,4.82,242.63,0.05,25.37
2021-08-18 02:24:00,4.86,243.5,0.01,25.37
2021-08-18 02:26:00,4.93,242.14,0.05,25.37
2021-08-18 02:28:00,4.8100000000000005,242.83,-0.0,25.37
2021-08-18 02:30:00,4.79,243.07,0.09,25.45
2021-08-18 02:32:00,4.9,242.75,-0.03,25.46
2021-08-18 02:34:00,4.6000000000000005,240.96,0.09,25.39
2021-08-18 02:36:00,4.93,242.21,-0.02,25.39
2021-08-18 02:38:00,5.01,242.74,-0.06,25.39
2021-08-18 02:40:00,4.859999999999999,242.07,0.0,25.39
2021-08-18 02:42:00,4.99,243.61,-0.02,25.39
2021-08-18 02:44:00,4.92,243.41,0.0,25.39
2021-08-18 02:46:00,4.84,243.56,0.08,25.39
2021-08-18 02:48:00,4.86,243.32,-0.07,25.4
2021-08-18 02:52:00,4.73,243.12,0.0,25.39
2021-08-18 02:54:00,4.72,242.55,0.07,25.4
2021-08-18 02:56:00,5.04,242.0,-0.03,25.39
2021-08-18 02:58:00,4.630000000000001,242.29,0.04,25.39
2021-08-18 03:00:00,4.49,241.47,-0.0,25.39
2021-08-18 03:02:00,4.9,240.6,0.03,25.39
2021-08-18 03:06:00,4.73,243.51,0.05,25.39
2021-08-18 03:08:00,5.03,243.21,0.01,25.39
2021-08-18 03:10:00,4.84,243.51,0.03,25.39
2021-08-18 03:12:00,4.95,242.25,-0.04,25.39
2021-08-18 03:14:00,4.99,242.16,0.06,25.39
2021-08-18 03:16:00,4.74,243.35,-0.02,25.39
2021-08-18 03:18:00,4.9,241.44,-0.07,25.39
2021-08-18 03:20:00,4.95,240.86,-0.03,25.39
2021-08-18 03:22:00,4.720000000000001,241.87,0.03,25.39
2021-08-18 03:24:00,4.89,240.45,0.08,25.39
2021-08-18 03:26:00,5.05,243.76,-0.02,25.39
2021-08-18 03:28:00,4.94,242.93,0.06,25.39
2021-08-18 03:30:00,4.91,243.62,0.03,25.56
2021-08-18 03:32:00,4.69,245.57,-0.01,25.57
2021-08-18 03:34:00,4.890000000000001,245.8,0.07,25.56
2021-08-18 03:36:00,4.83,244.98,0.05,25.57
2021-08-18 03:38:00,4.74,243.79,0.05,25.45
2021-08-18 03:40:00,4.88,242.79,-0.06,25.45
2021-08-18 03:44:00,4.640000000000001,243.4,0.04,25.45
2021-08-18 03:46:00,5.07,243.33,-0.01,25.57
2021-08-18 03:48:00,4.94,244.57,-0.01,25.45
2021-08-18 03:50:00,4.75,242.55,-0.0,25.45
2021-08-18 03:52:00,4.62,242.55,0.05,25.56
2021-08-18 03:54:00,4.86,246.23,0.03,25.45
2021-08-18 03:56:00,4.75,242.7,-0.05,25.56
2021-08-18 03:58:00,4.67,242.82,-0.01,25.45
2021-08-18 04:02:00,4.87,242.46,-0.0,25.45
2021-08-18 04:04:00,4.86,241.94,0.06,25.45
2021-08-18 04:06:00,4.83,242.66,0.06,25.45
2021-08-18 04:08:00,4.720000000000001,242.24,0.04,25.57
2021-08-18 04:10:00,4.890000000000001,244.27,-0.02,25.45
2021-08-18 04:12:00,4.95,241.76,0.03,25.45
2021-08-18 04:14:00,4.86,243.77,0.08,25.57
2021-08-18 04:16:00,5.04,244.25,0.05,25.57
2021-08-18 04:18:00,4.94,242.52,0.11,25.45
2021-08-18 04:20:00,4.84,241.29,0.07,25.59
2021-08-18 04:22:00,5.02,241.08,-0.04,25.45
2021-08-18 04:24:00,4.87,241.23,0.0,25.45
2021-08-18 04:26:00,4.72,241.41,-0.05,25.45
2021-08-18 04:28:00,4.800000000000001,242.46,0.11,25.6
2021-08-18 04:32:00,4.5600000000000005,241.19,0.01,25.6
2021-08-18 04:36:00,4.890000000000001,240.77,-0.06,25.56
2021-08-18 04:38:00,4.79,241.11,-0.07,25.63
2021-08-18 04:40:00,5.03,241.25,0.03,25.56
2021-08-18 04:42:00,5.03,241.77,0.06,25.66
2021-08-18 04:44:00,4.98,240.82,-0.01,25.56
2021-08-18 04:48:00,4.93,237.87,-0.05,25.56
2021-08-18 04:50:00,4.67,241.12,0.11,25.56
2021-08-18 04:52:00,4.91,240.19,0.03,25.56
2021-08-18 04:54:00,4.83,238.82,0.08,25.56
2021-08-18 04:56:00,4.78,239.98,-0.03,25.56
2021-08-18 04:58:00,5.85,238.68,0.3,25.69
2021-08-18 05:00:00,5.04,241.09,0.12,25.56
2021-08-18 05:04:00,4.83,241.87,0.05,25.62
2021-08-18 05:06:00,5.73,240.89,0.31,25.56
2021-08-18 05:08:00,5.800000000000001,241.36,0.32,25.5
2021-08-18 05:10:00,5.569999999999999,239.24,0.31,25.43
2021-08-18 05:12:00,5.65,238.32,0.28,25.37
2021-08-18 05:14:00,5.7,238.6,0.37,25.3
2021-08-18 05:16:00,5.880000000000001,238.3,0.35,25.23
2021-08-18 05:18:00,5.67,238.72,0.28,25.15
2021-08-18 05:20:00,5.56,238.23,0.29,25.08
2021-08-18 05:22:00,5.760000000000001,239.45,0.28,25.06
2021-08-18 05:24:00,5.81,239.55,0.36,24.98
2021-08-18 05:26:00,5.8,241.56,0.35,24.93
2021-08-18 05:28:00,5.79,239.51,0.33,24.88
2021-08-18 05:30:00,5.63,241.67,0.29,23.66
2021-08-18 05:32:00,5.77,240.92,0.35,24.73
2021-08-18 05:34:00,5.69,240.12,0.37,24.69
2021-08-18 05:36:00,5.6,240.99,0.33,24.65
2021-08-18 05:38:00,5.66,240.62,0.28,24.61
2021-08-18 05:40:00,5.8,240.28,0.27,24.56
2021-08-18 05:42:00,5.579999999999999,239.58,0.3,24.53
2021-08-18 05:44:00,5.89,239.64,0.33,24.47
2021-08-18 05:46:00,5.96,240.89,0.33,24.43
2021-08-18 05:48:00,5.78,240.89,0.29,24.39
2021-08-18 05:50:00,5.5600000000000005,238.33,0.32,24.35
2021-08-18 05:52:00,5.6,240.17,0.31,24.32
2021-08-18 05:54:00,5.8,240.95,0.33,24.28
2021-08-18 05:56:00,5.540000000000001,239.62,0.34,25.6
2021-08-18 05:58:00,5.720000000000001,240.18,0.28,25.6
2021-08-18 06:00:00,5.77,242.92,0.37,25.6
2021-08-18 06:04:00,5.5,240.86,0.34,25.61
2021-08-18 06:06:00,5.54,239.15,0.28,25.61
2021-08-18 06:08:00,5.640000000000001,239.77,0.3,25.61
2021-08-18 06:10:00,5.550000000000001,238.35,0.29,25.62
2021-08-18 06:12:00,4.82,238.63,0.07,25.62
2021-08-18 06:14:00,5.72,240.53,0.33,25.63
2021-08-18 06:16:00,5.52,239.48,0.27,25.63
2021-08-18 06:18:00,5.66,239.06,0.3,25.63
2021-08-18 06:20:00,5.43,240.19,0.3,25.63
2021-08-18 06:22:00,5.710000000000001,238.39,0.34,25.63
2021-08-18 06:26:00,5.5,240.56,0.35,25.63
2021-08-18 06:28:00,5.65,238.48,0.3,25.66
2021-08-18 06:32:00,5.56,239.93,0.28,22.93
2021-08-18 06:36:00,5.5600000000000005,242.57,0.35,23.62
2021-08-18 06:38:00,5.6,240.23,0.32,23.6
2021-08-18 06:40:00,5.64,241.77,0.28,24.78
2021-08-18 06:42:00,5.71,241.01,0.35,24.78
2021-08-18 06:44:00,5.9,239.32,0.31,24.78
2021-08-18 06:46:00,5.59,239.42,0.32,24.73
2021-08-18 06:48:00,5.84,238.82,0.28,24.73
2021-08-18 06:50:00,5.7,241.16,0.33,24.73
2021-08-18 06:54:00,5.65,241.18,0.26,24.78
2021-08-18 06:56:00,5.83,240.55,0.37,24.78
2021-08-18 06:58:00,5.72,241.0,0.35,24.78
2021-08-18 07:00:00,5.95,241.48,0.34,24.78
2021-08-18 07:02:00,5.83,243.56,0.37,24.78
2021-08-18 07:04:00,5.56,241.64,0.32,24.78
2021-08-18 07:06:00,5.609999999999999,241.85,0.36,24.78
2021-08-18 07:08:00,4.74,241.73,0.1,24.78
2021-08-18 07:10:00,5.63,240.5,0.36,24.78
2021-08-18 07:12:00,5.48,242.05,0.28,24.78
2021-08-18 07:14:00,5.75,243.77,0.32,24.78
2021-08-18 07:16:00,5.42,243.07,0.27,24.78
2021-08-18 07:18:00,5.63,244.09,0.32,24.78
2021-08-18 07:20:00,5.46,242.64,0.27,24.78
2021-08-18 07:24:00,5.699999999999999,241.63,0.33,24.78
2021-08-18 07:26:00,5.93,242.54,0.36,24.78
2021-08-18 07:28:00,5.26,239.77,0.28,24.78
2021-08-18 07:30:00,5.58,241.78,0.33,22.98
2021-08-18 07:32:00,5.66,242.85,0.29,22.95
2021-08-18 07:38:00,5.66,243.19,0.33,22.9
2021-08-18 07:42:00,5.52,241.46,0.32,22.89
2021-08-18 07:44:00,5.9,242.9,0.35,22.87
2021-08-18 07:46:00,5.55,243.83,0.29,22.86
2021-08-18 07:48:00,5.49,243.06,0.31,22.84
2021-08-18 07:50:00,5.72,244.94,0.26,22.81
2021-08-18 07:52:00,5.66,239.18,0.28,22.79
2021-08-18 07:54:00,5.47,241.19,0.33,22.77
2021-08-18 07:56:00,5.710000000000001,242.46,0.32,22.75
2021-08-18 07:58:00,5.65,241.87,0.28,22.7
2021-08-18 08:00:00,5.49,240.9,0.31,22.67
2021-08-18 08:02:00,5.619999999999999,239.57,0.32,22.66
2021-08-18 08:04:00,5.73,242.93,0.32,22.61
2021-08-18 08:06:00,5.62,243.17,0.32,22.6
2021-08-18 08:08:00,5.43,241.69,0.29,22.58
2021-08-18 08:10:00,5.43,243.29,0.27,22.56
2021-08-18 08:12:00,5.45,243.09,0.37,22.55
2021-08-18 08:14:00,5.44,241.89,0.31,22.54
2021-08-18 08:16:00,5.3500000000000005,242.88,0.31,22.51
2021-08-18 08:18:00,5.45,243.29,0.32,22.49
2021-08-18 08:20:00,5.55,243.49,0.35,22.49
2021-08-18 08:22:00,5.47,245.36,0.28,22.47
2021-08-18 08:24:00,5.48,244.2,0.32,22.45
2021-08-18 08:26:00,5.5600000000000005,241.11,0.29,22.45
2021-08-18 08:28:00,5.52,241.89,0.29,22.46
2021-08-18 08:32:00,5.64,242.08,0.27,22.45
2021-08-18 08:34:00,5.5600000000000005,241.54,0.27,22.98
2021-08-18 08:36:00,5.54,240.8,0.29,22.98
2021-08-18 08:40:00,5.5200000000000005,240.49,0.38,22.98
2021-08-18 08:42:00,5.58,239.35,0.29,22.98
2021-08-18 08:44:00,5.71,241.61,0.36,22.98
2021-08-18 08:46:00,5.7700000000000005,239.5,0.32,22.98
2021-08-18 08:48:00,5.72,240.61,0.37,22.98
2021-08-18 08:50:00,5.460000000000001,239.74,0.33,22.98
2021-08-18 08:52:00,5.55,237.7,0.3,22.98
2021-08-18 08:54:00,5.68,238.61,0.31,22.98
2021-08-18 08:56:00,5.34,241.44,0.35,22.98
2021-08-18 08:58:00,5.57,240.75,0.35,22.98
2021-08-18 09:00:00,5.63,241.15,0.34,22.98
2021-08-18 09:02:00,5.32,241.02,0.27,22.98
2021-08-18 09:04:00,5.46,243.04,0.26,22.98
2021-08-18 09:06:00,5.59,241.58,0.3,22.98
2021-08-18 09:08:00,5.63,243.9,0.32,22.98
2021-08-18 09:10:00,5.81,242.5,0.35,22.98
2021-08-18 09:12:00,5.57,241.67,0.24,22.98
2021-08-18 09:14:00,5.42,244.59,0.32,22.98
2021-08-18 09:16:00,5.56,242.84,0.28,22.98
2021-08-18 09:18:00,5.5,243.33,0.28,22.95
2021-08-18 09:22:00,5.49,242.55,0.31,22.98
2021-08-18 09:24:00,5.66,243.92,0.26,22.98
2021-08-18 09:26:00,5.67,245.52,0.36,22.98
2021-08-18 09:28:00,5.55,240.15,0.3,22.98
2021-08-18 09:30:00,5.619999999999999,240.76,0.27,22.08
2021-08-18 09:32:00,5.86,240.6,0.28,22.08
2021-08-18 09:34:00,5.75,239.68,0.32,22.06
2021-08-18 09:36:00,5.68,239.4,0.29,22.05
2021-08-18 09:38:00,5.749999999999999,240.74,0.3,22.04
2021-08-18 09:40:00,5.69,241.93,0.37,22.03
2021-08-18 10:32:00,5.57,241.09,0.28,22.35
2021-08-18 10:36:00,5.46,241.58,0.33,22.08
2021-08-18 10:38:00,5.65,240.65,0.28,22.08
2021-08-18 10:40:00,5.61,241.27,0.27,22.08
2021-08-18 10:42:00,5.5600000000000005,242.82,0.36,22.08
2021-08-18 10:44:00,5.5600000000000005,241.48,0.31,22.08
2021-08-18 10:46:00,5.779999999999999,242.85,0.24,22.08
2021-08-18 10:48:00,5.65,240.74,0.34,22.08
2021-08-18 10:52:00,5.62,240.48,0.29,22.08
2021-08-18 10:54:00,5.66,241.98,0.34,22.08
2021-08-18 10:56:00,5.65,240.55,0.28,22.08
2021-08-18 10:58:00,5.7,239.67,0.34,22.08
2021-08-18 11:02:00,5.61,241.04,0.34,22.6
2021-08-18 11:04:00,5.699999999999999,239.95,0.36,22.6
2021-08-18 11:06:00,5.49,240.24,0.38,22.61
2021-08-18 11:12:00,5.8,240.8,0.3,22.63
2021-08-18 11:14:00,5.790000000000001,240.31,0.33,22.65
2021-08-18 11:18:00,5.77,241.42,0.33,22.67
2021-08-18 11:20:00,5.58,242.56,0.29,22.69
2021-08-18 11:22:00,5.73,239.79,0.29,22.7
2021-08-18 11:24:00,5.54,242.21,0.23,22.66
2021-08-18 11:26:00,5.5,243.42,0.34,22.67
2021-08-18 11:30:00,5.46,244.15,0.3,22.73
2021-08-18 11:32:00,5.5600000000000005,242.97,0.33,22.35
2021-08-18 11:38:00,5.6,243.62,0.35,22.72
2021-08-18 11:40:00,5.720000000000001,243.99,0.27,22.7
2021-08-18 11:42:00,5.47,244.47,0.3,22.7
2021-08-18 11:44:00,5.47,243.8,0.29,22.7
2021-08-18 11:46:00,5.7700000000000005,243.59,0.34,22.71
2021-08-18 11:48:00,5.629999999999999,244.02,0.3,22.72
2021-08-18 11:50:00,5.46,244.4,0.24,22.35
2021-08-18 11:52:00,5.49,242.68,0.28,22.35
2021-08-18 11:54:00,5.8,243.0,0.32,22.35
2021-08-18 11:56:00,5.28,243.52,0.36,22.35
2021-08-18 12:00:00,5.49,243.27,0.3,22.74
2021-08-18 12:02:00,5.48,243.37,0.33,22.73
2021-08-18 12:04:00,5.41,243.32,0.29,22.72
2021-08-18 12:06:00,5.62,245.31,0.31,22.71
2021-08-18 12:08:00,5.49,244.0,0.35,22.7
2021-08-18 12:10:00,5.83,244.11,0.3,22.7
2021-08-18 12:12:00,5.880000000000001,245.44,0.34,22.71
2021-08-18 12:16:00,5.390000000000001,241.88,0.32,22.72
2021-08-18 12:18:00,5.609999999999999,242.01,0.36,22.72
2021-08-18 12:20:00,5.54,242.01,0.31,22.73
2021-08-18 12:22:00,5.290000000000001,242.25,0.27,22.75
2021-08-18 12:24:00,5.41,241.32,0.27,22.74
2021-08-18 12:26:00,5.58,243.79,0.31,22.74
2021-08-18 12:28:00,5.38,242.45,0.33,22.73
2021-08-18 12:30:00,5.699999999999999,241.66,0.24,22.77
2021-08-18 12:32:00,5.5,242.52,0.29,22.73
2021-08-18 12:34:00,5.61,242.66,0.34,22.73
2021-08-18 12:36:00,5.58,241.62,0.32,22.73
2021-08-18 12:38:00,5.779999999999999,241.68,0.38,22.73
2021-08-18 12:40:00,5.64,242.27,0.26,22.73
2021-08-18 12:44:00,5.609999999999999,242.03,0.31,22.73
2021-08-18 12:46:00,5.73,242.47,0.32,22.73
2021-08-18 12:48:00,5.57,240.51,0.29,22.73
2021-08-18 12:50:00,5.86,240.43,0.28,22.73
2021-08-18 12:52:00,5.62,240.77,0.27,22.73
2021-08-18 12:54:00,5.739999999999999,243.33,0.31,22.73
2021-08-18 12:58:00,5.73,241.16,0.36,22.76
2021-08-18 13:00:00,5.33,243.51,0.29,22.76
2021-08-18 13:02:00,5.42,242.18,0.33,22.76
2021-08-18 13:04:00,5.720000000000001,243.49,0.33,22.76
2021-08-18 13:06:00,5.45,241.97,0.31,22.76
2021-08-18 13:08:00,5.609999999999999,243.04,0.3,22.76
2021-08-18 13:10:00,5.69,242.36,0.36,22.76
2021-08-18 13:12:00,5.550000000000001,244.8,0.29,22.76
2021-08-18 13:14:00,5.93,243.2,0.35,22.76
2021-08-18 13:16:00,5.57,242.63,0.29,22.76
2021-08-18 13:18:00,5.550000000000001,244.28,0.31,22.76
2021-08-18 13:20:00,5.85,244.15,0.36,22.76
2021-08-18 13:22:00,5.51,243.44,0.33,22.76
2021-08-18 13:24:00,5.38,242.02,0.31,22.76
2021-08-18 13:26:00,5.6,243.41,0.32,22.76
2021-08-18 13:28:00,4.82,243.15,0.02,22.76
2021-08-18 13:30:00,4.83,242.94,-0.0,23.69
2021-08-18 13:32:00,5.82,244.63,0.32,23.13
2021-08-18 13:34:00,5.67,243.57,0.31,23.16
2021-08-18 13:36:00,5.69,242.5,0.31,23.18
2021-08-18 13:38:00,5.529999999999999,243.24,0.27,23.22
2021-08-18 13:40:00,5.71,242.71,0.33,23.22
2021-08-18 13:42:00,5.76,242.44,0.29,23.23
2021-08-18 13:44:00,5.8,242.5,0.32,23.28
2021-08-18 13:46:00,5.86,242.87,0.3,23.3
2021-08-18 13:48:00,5.5600000000000005,241.25,0.33,23.3
2021-08-18 13:50:00,5.3100000000000005,240.39,0.31,23.32
2021-08-18 13:52:00,5.42,242.9,0.29,22.77
2021-08-18 13:54:00,5.5,241.33,0.35,22.77
2021-08-18 13:56:00,5.47,241.62,0.33,22.77
2021-08-18 13:58:00,5.59,241.44,0.27,22.77
2021-08-18 14:00:00,5.550000000000001,241.57,0.29,22.77
2021-08-18 14:02:00,5.71,241.19,0.35,22.77
2021-08-18 14:04:00,5.8100000000000005,241.68,0.36,22.77
2021-08-18 14:06:00,5.43,241.15,0.34,22.77
2021-08-18 14:08:00,5.73,241.48,0.28,22.77
2021-08-18 14:10:00,5.64,241.93,0.32,22.77
2021-08-18 14:12:00,5.4,240.95,0.25,22.77
2021-08-18 14:14:00,5.54,241.74,0.3,22.77
2021-08-18 14:18:00,5.57,241.08,0.3,22.77
2021-08-18 14:20:00,5.57,241.77,0.31,22.77
2021-08-18 14:22:00,5.839999999999999,242.68,0.34,22.77
2021-08-18 14:24:00,5.5,242.9,0.28,22.77
2021-08-18 14:26:00,5.83,241.78,0.34,22.77
2021-08-18 14:28:00,5.65,241.79,0.34,22.77
2021-08-18 14:34:00,5.8,241.66,0.38,23.95
2021-08-18 14:38:00,5.72,241.64,0.34,23.7
2021-08-18 14:42:00,5.55,241.18,0.24,23.73
2021-08-18 14:44:00,5.35,242.38,0.29,23.75
2021-08-18 14:46:00,5.75,242.28,0.34,23.75
2021-08-18 14:50:00,5.62,241.02,0.31,23.76
2021-08-18 14:52:00,5.81,242.03,0.36,23.76
2021-08-18 14:54:00,5.52,237.72,0.36,23.76
2021-08-18 14:56:00,5.37,242.57,0.28,23.77
2021-08-18 14:58:00,5.71,241.7,0.26,23.78
2021-08-18 15:00:00,6.03,243.12,0.37,23.79
2021-08-18 15:02:00,5.42,241.57,0.31,23.8
2021-08-18 15:04:00,5.569999999999999,242.31,0.27,23.8
2021-08-18 15:06:00,5.710000000000001,242.91,0.32,23.8
2021-08-18 15:08:00,5.58,243.12,0.31,23.81
2021-08-18 15:10:00,5.68,242.68,0.34,23.82
2021-08-18 15:12:00,5.53,243.11,0.23,23.83
2021-08-18 15:14:00,5.45,242.74,0.33,23.85
2021-08-18 15:16:00,5.65,243.49,0.27,23.88
2021-08-18 15:18:00,5.55,243.55,0.33,23.88
2021-08-18 15:20:00,5.590000000000001,241.93,0.31,23.89
2021-08-18 15:22:00,5.72,242.15,0.37,23.9
2021-08-18 15:24:00,5.829999999999999,243.37,0.34,23.9
2021-08-18 15:26:00,5.51,242.19,0.32,23.9
2021-08-18 15:28:00,5.619999999999999,243.28,0.27,23.91
2021-08-18 15:32:00,5.64,242.76,0.33,23.94
2021-08-18 15:36:00,4.85,242.44,0.07,23.95
2021-08-18 15:38:00,4.890000000000001,242.87,0.08,23.96
2021-08-18 15:40:00,5.57,241.3,0.31,23.97
2021-08-18 15:42:00,5.89,243.12,0.38,23.97
2021-08-18 15:44:00,5.539999999999999,241.37,0.3,23.97
2021-08-18 15:46:00,5.569999999999999,242.03,0.29,23.97
2021-08-18 15:48:00,5.73,242.52,0.29,23.98
2021-08-18 15:50:00,5.390000000000001,242.97,0.24,23.97
2021-08-18 15:52:00,5.550000000000001,241.82,0.31,23.99
2021-08-18 15:54:00,5.449999999999999,243.27,0.25,23.99
2021-08-18 15:56:00,5.510000000000001,241.66,0.31,23.99
2021-08-18 15:58:00,5.46,242.8,0.31,23.99
2021-08-18 16:00:00,5.76,240.9,0.34,23.98
2021-08-18 16:02:00,5.44,242.77,0.34,23.99
2021-08-18 16:04:00,5.73,242.21,0.31,24.0
2021-08-18 16:06:00,5.77,242.2,0.34,24.02
2021-08-18 16:08:00,5.52,240.94,0.34,24.02
2021-08-18 16:10:00,5.7,241.46,0.32,24.04
2021-08-18 16:12:00,5.65,241.28,0.28,24.04
2021-08-18 16:14:00,5.83,243.34,0.39,24.04
2021-08-18 16:18:00,5.44,243.8,0.29,24.04
2021-08-18 16:20:00,5.69,243.12,0.31,24.04
2021-08-18 16:22:00,5.84,240.71,0.39,24.04
2021-08-18 16:24:00,5.51,242.63,0.33,24.05
2021-08-18 16:26:00,5.550000000000001,241.53,0.35,24.05
2021-08-18 16:28:00,4.9,241.7,0.09,24.06
2021-08-18 16:32:00,5.73,241.21,0.33,23.94
2021-08-18 16:34:00,5.73,243.29,0.28,23.94
2021-08-18 16:36:00,5.54,240.57,0.36,23.94
2021-08-18 16:38:00,5.57,241.58,0.31,23.94
2021-08-18 16:40:00,5.58,242.29,0.26,23.94
2021-08-18 16:42:00,5.449999999999999,240.48,0.34,23.94
2021-08-18 16:46:00,5.66,240.99,0.31,23.94
2021-08-18 16:48:00,5.75,240.59,0.36,23.94
2021-08-18 16:52:00,5.73,240.93,0.3,24.1
2021-08-18 16:54:00,5.88,241.89,0.33,24.1
2021-08-18 16:58:00,5.69,241.97,0.33,24.12
2021-08-18 17:00:00,5.91,243.69,0.3,24.14
2021-08-18 17:02:00,5.68,242.32,0.39,24.12
2021-08-18 17:04:00,5.66,243.94,0.3,24.12
2021-08-18 17:06:00,5.63,241.22,0.34,24.12
2021-08-18 17:08:00,5.83,242.97,0.31,24.1
2021-08-18 17:10:00,5.57,242.27,0.36,24.09
2021-08-18 17:12:00,5.609999999999999,242.42,0.38,24.09
2021-08-18 17:14:00,5.710000000000001,242.74,0.36,24.1
2021-08-18 17:16:00,5.49,243.7,0.3,24.1
2021-08-18 17:20:00,5.64,242.34,0.3,24.11
2021-08-18 17:22:00,5.79,243.13,0.34,24.11
2021-08-18 17:24:00,4.8100000000000005,242.14,0.14,24.13
2021-08-18 17:26:00,5.7,242.82,0.31,24.14
2021-08-18 17:28:00,5.88,241.97,0.34,24.14
2021-08-18 17:30:00,5.6,243.83,0.3,24.19
2021-08-18 17:32:00,5.640000000000001,242.29,0.26,24.13
2021-08-18 17:34:00,5.59,244.13,0.28,24.14
2021-08-18 17:36:00,5.66,242.85,0.26,24.13
2021-08-18 17:38:00,5.74,242.47,0.35,24.14
2021-08-18 17:40:00,5.55,242.24,0.29,24.14
2021-08-18 17:42:00,5.48,242.17,0.34,24.14
2021-08-18 17:44:00,5.72,243.75,0.35,24.14
2021-08-18 17:46:00,5.57,242.86,0.3,24.09
2021-08-18 17:48:00,5.83,243.54,0.35,24.09
2021-08-18 17:50:00,4.68,243.67,0.1,24.09
2021-08-18 17:52:00,5.68,242.5,0.34,24.08
2021-08-18 17:54:00,5.77,242.62,0.31,24.08
2021-08-18 17:56:00,5.61,242.73,0.28,24.08
2021-08-18 17:58:00,5.709999999999999,242.45,0.31,24.08
2021-08-18 18:00:00,5.79,243.67,0.34,24.08
2021-08-18 18:02:00,5.51,242.75,0.39,24.08
2021-08-18 18:04:00,5.64,243.53,0.37,24.08
2021-08-18 18:06:00,5.69,241.0,0.32,24.08
2021-08-18 18:08:00,4.85,243.82,0.08,24.08
2021-08-18 18:10:00,5.07,242.89,0.09,24.08
2021-08-18 18:12:00,5.630000000000001,243.01,0.3,24.08
2021-08-18 18:14:00,5.62,243.64,0.26,24.08
2021-08-18 18:16:00,4.91,244.54,0.06,24.08
2021-08-18 18:18:00,5.580000000000001,244.77,0.35,24.08
2021-08-18 18:20:00,5.4,243.27,0.29,24.08
2021-08-18 18:22:00,5.66,245.06,0.27,24.08
2021-08-18 18:24:00,5.61,242.97,0.31,24.08
2021-08-18 18:26:00,5.68,243.52,0.36,24.08
2021-08-18 18:28:00,5.57,244.05,0.26,24.08
2021-08-18 18:32:00,5.56,242.76,0.37,24.23
2021-08-18 18:36:00,5.590000000000001,243.99,0.27,24.19
2021-08-18 18:38:00,5.58,242.33,0.31,24.19
2021-08-18 18:40:00,5.61,243.24,0.29,24.2
2021-08-18 18:42:00,5.800000000000001,242.84,0.32,24.21
2021-08-18 18:44:00,5.63,243.26,0.33,24.21
2021-08-18 18:46:00,5.77,243.84,0.36,24.19
2021-08-18 18:48:00,6.01,243.85,0.37,24.19
2021-08-18 18:50:00,5.42,244.9,0.3,24.19
2021-08-18 18:52:00,5.709999999999999,244.87,0.3,24.19
2021-08-18 18:54:00,5.91,244.98,0.35,24.21
2021-08-18 18:56:00,5.609999999999999,243.68,0.38,24.21
2021-08-18 18:58:00,5.5200000000000005,242.59,0.31,24.22
2021-08-18 19:02:00,5.59,244.45,0.28,24.22
2021-08-18 19:04:00,5.74,245.16,0.35,24.23
2021-08-18 19:06:00,5.78,244.6,0.31,24.23
2021-08-18 19:08:00,5.51,244.33,0.36,24.25
2021-08-18 19:10:00,5.61,242.91,0.34,24.26
2021-08-18 19:12:00,5.48,242.51,0.28,24.24
2021-08-18 19:14:00,5.620000000000001,243.28,0.31,24.23
2021-08-18 19:16:00,5.46,244.27,0.35,24.19
2021-08-18 19:18:00,5.71,244.24,0.34,24.17
2021-08-18 19:20:00,5.619999999999999,244.21,0.25,24.14
2021-08-18 19:22:00,5.5,243.47,0.34,24.12
2021-08-18 19:24:00,5.01,243.94,0.1,24.11
2021-08-18 19:26:00,5.65,245.06,0.32,24.11
2021-08-18 19:28:00,5.65,244.2,0.29,24.11
2021-08-18 19:32:00,5.58,244.11,0.29,24.13
2021-08-18 19:34:00,5.47,245.01,0.34,24.14
2021-08-18 19:36:00,5.720000000000001,244.38,0.34,24.17
2021-08-18 19:38:00,5.71,244.43,0.37,24.18
2021-08-18 19:40:00,5.41,244.75,0.28,24.17
2021-08-18 19:42:00,5.629999999999999,244.1,0.3,24.18
2021-08-18 19:44:00,5.73,244.02,0.28,24.18
2021-08-18 19:46:00,5.609999999999999,244.35,0.33,24.18
2021-08-18 19:48:00,5.700000000000001,244.23,0.34,24.19
2021-08-18 19:50:00,5.67,246.11,0.26,24.18
2021-08-18 19:52:00,5.93,246.69,0.28,24.19
2021-08-18 19:54:00,5.69,245.21,0.29,24.21
2021-08-18 19:56:00,5.63,244.06,0.28,24.21
2021-08-18 19:58:00,6.0200000000000005,244.29,0.35,24.22
2021-08-18 20:02:00,5.6000000000000005,243.06,0.34,24.24
2021-08-18 20:04:00,5.84,243.22,0.36,24.25
2021-08-18 20:06:00,5.7700000000000005,242.22,0.3,24.22
2021-08-18 20:08:00,5.44,243.38,0.34,24.21
2021-08-18 20:10:00,76.35000000000001,242.39,0.77,24.2
2021-08-18 20:12:00,5.63,244.63,0.31,24.21
2021-08-18 20:14:00,5.39,241.9,0.35,24.22
2021-08-18 20:16:00,5.780000000000001,244.51,0.36,24.23
2021-08-18 20:18:00,5.69,244.13,0.31,24.24
2021-08-18 20:20:00,5.4,244.01,0.26,24.25
2021-08-18 20:22:00,5.710000000000001,243.09,0.36,24.26
2021-08-18 20:24:00,5.85,245.35,0.33,24.26
2021-08-18 20:26:00,5.630000000000001,244.14,0.34,24.27
2021-08-18 20:28:00,5.78,244.45,0.39,24.28
2021-08-18 20:30:00,5.67,244.51,0.34,24.13
2021-08-19 06:30:00,5.65,241.15,0.32,24.82
2021-08-19 06:32:00,5.74,240.48,0.37,24.13
2021-08-19 06:34:00,5.1,241.31,0.09,24.13
2021-08-19 06:36:00,4.7,242.47,-0.04,24.13
2021-08-19 06:38:00,5.79,241.97,0.36,24.13
2021-08-19 06:42:00,4.76,241.5,0.01,24.13
2021-08-19 06:44:00,5.050000000000001,241.89,0.05,24.13
2021-08-19 06:48:00,5.72,242.4,0.29,24.13
2021-08-19 06:52:00,5.08,241.7,0.1,24.13
2021-08-19 06:54:00,4.890000000000001,242.35,0.11,24.13
2021-08-19 06:56:00,5.56,242.3,0.28,24.13
2021-08-19 07:00:00,5.67,240.39,0.33,24.13
2021-08-19 07:02:00,5.67,241.39,0.3,24.13
2021-08-19 07:04:00,5.720000000000001,243.27,0.28,24.13
2021-08-19 07:06:00,5.79,240.9,0.35,24.13
2021-08-19 07:08:00,5.83,241.17,0.29,24.13
2021-08-19 07:10:00,5.699999999999999,239.05,0.37,24.13
2021-08-19 07:12:00,5.81,240.53,0.27,24.13
2021-08-19 07:14:00,5.44,239.66,0.29,24.13
2021-08-19 07:16:00,5.78,240.11,0.26,24.13
2021-08-19 07:20:00,5.8100000000000005,241.85,0.3,24.84
2021-08-19 07:22:00,5.45,243.18,0.32,24.84
2021-08-19 07:24:00,4.88,241.52,0.09,24.84
2021-08-19 07:26:00,5.46,242.94,0.29,24.84
2021-08-19 07:28:00,5.49,240.93,0.36,24.83
2021-08-19 07:30:00,5.67,240.56,0.35,24.7
2021-08-19 07:32:00,5.74,241.34,0.29,24.8
2021-08-19 07:34:00,5.53,240.52,0.29,24.79
2021-08-19 07:36:00,5.46,241.69,0.3,24.8
2021-08-19 07:38:00,5.78,241.37,0.33,24.8
2021-08-19 07:40:00,5.71,241.29,0.25,24.81
2021-08-19 07:52:00,5.7,243.42,0.26,24.83
2021-08-19 07:54:00,4.71,242.54,0.12,24.83
2021-08-19 07:56:00,5.609999999999999,242.28,0.27,24.79
2021-08-19 07:58:00,5.7700000000000005,243.87,0.3,24.8
2021-08-19 08:00:00,5.65,242.75,0.33,24.83
2021-08-19 08:02:00,5.74,239.12,0.31,24.83
2021-08-19 08:06:00,5.75,239.53,0.33,24.86
2021-08-19 08:08:00,5.66,238.83,0.33,24.88
2021-08-19 08:10:00,5.9,240.25,0.33,24.91
2021-08-19 08:12:00,5.64,240.57,0.33,24.92
2021-08-19 08:14:00,5.819999999999999,240.84,0.3,24.93
2021-08-19 08:16:00,5.83,237.66,0.29,24.91
2021-08-19 08:18:00,5.95,241.65,0.34,24.88
2021-08-19 08:20:00,5.550000000000001,240.96,0.35,24.86
2021-08-19 08:22:00,5.800000000000001,242.12,0.29,24.82
2021-08-19 08:24:00,5.61,241.22,0.29,24.77
2021-08-19 08:26:00,5.32,240.91,0.33,24.76
2021-08-19 08:28:00,5.93,241.04,0.23,24.74
2021-08-19 08:32:00,5.67,243.5,0.31,24.83
2021-08-19 08:36:00,5.43,240.95,0.24,24.7
2021-08-19 08:38:00,5.6000000000000005,242.05,0.28,24.7
2021-08-19 08:40:00,5.6,242.57,0.3,24.71
2021-08-19 08:42:00,5.55,243.83,0.34,24.72
2021-08-19 08:44:00,5.57,244.08,0.29,24.73
2021-08-19 08:46:00,5.84,241.03,0.33,24.74
2021-08-19 08:48:00,5.539999999999999,241.37,0.33,24.78
2021-08-19 08:50:00,5.720000000000001,242.85,0.32,24.78
2021-08-19 08:52:00,5.909999999999999,243.04,0.36,24.8
2021-08-19 08:54:00,5.38,241.87,0.27,24.78
2021-08-19 08:56:00,5.89,241.18,0.31,24.78
2021-08-19 08:58:00,5.62,240.95,0.35,24.77
2021-08-19 09:00:00,5.529999999999999,240.49,0.31,24.8
2021-08-19 09:02:00,5.65,238.47,0.25,24.81
2021-08-19 09:06:00,5.68,240.7,0.3,24.81
2021-08-19 09:08:00,5.83,241.62,0.28,24.8
2021-08-19 09:10:00,5.739999999999999,240.22,0.29,24.77
2021-08-19 09:12:00,5.859999999999999,242.12,0.36,24.76
2021-08-19 09:14:00,5.75,242.42,0.33,24.74
2021-08-19 09:16:00,5.06,241.3,0.13,24.74
2021-08-19 09:18:00,5.319999999999999,241.48,0.28,24.76
2021-08-19 09:20:00,5.65,240.79,0.36,24.73
2021-08-19 09:22:00,5.76,239.67,0.32,24.73
2021-08-19 09:28:00,5.65,241.83,0.3,24.77
2021-08-19 09:30:00,5.63,240.95,0.27,24.81
2021-08-19 09:32:00,5.630000000000001,244.35,0.27,24.81
2021-08-19 09:34:00,5.87,244.16,0.37,24.81
2021-08-19 09:36:00,5.52,243.06,0.31,24.8
2021-08-19 09:38:00,5.31,241.49,0.31,24.81
2021-08-19 09:40:00,5.59,241.69,0.31,24.82
2021-08-19 09:48:00,5.76,239.84,0.28,24.84
2021-08-19 09:50:00,5.64,240.64,0.37,24.84
2021-08-19 09:52:00,5.56,238.29,0.29,24.84
2021-08-19 09:56:00,5.65,238.56,0.31,24.83
2021-08-19 09:58:00,5.71,238.89,0.28,24.81
2021-08-19 10:06:00,5.529999999999999,239.98,0.26,24.81
2021-08-19 10:08:00,5.77,240.05,0.33,24.81
2021-08-19 10:10:00,5.87,239.87,0.29,24.81
2021-08-19 10:12:00,5.59,239.05,0.37,24.81
2021-08-19 10:14:00,5.59,240.19,0.36,24.82
2021-08-19 10:20:00,5.76,239.84,0.35,24.84
2021-08-19 10:22:00,5.69,236.62,0.34,24.85
2021-08-19 10:26:00,5.779999999999999,238.32,0.29,24.84
2021-08-19 10:28:00,5.69,239.18,0.34,24.84
2021-08-19 10:30:00,5.699999999999999,240.14,0.32,24.71
2021-08-19 10:32:00,5.73,240.56,0.35,24.81
2021-08-19 10:34:00,5.56,241.83,0.28,24.81
2021-08-19 10:36:00,5.48,241.68,0.27,24.81
2021-08-19 10:38:00,5.49,241.48,0.24,24.81
2021-08-19 10:46:00,5.59,241.81,0.39,24.84
2021-08-19 10:50:00,5.58,239.28,0.29,24.85
2021-08-19 10:52:00,5.03,240.34,0.01,24.82
2021-08-19 10:54:00,5.85,239.95,0.31,24.82
2021-08-19 10:56:00,5.72,240.77,0.3,24.82
2021-08-19 10:58:00,5.73,241.54,0.34,24.8
2021-08-19 11:00:00,5.69,239.64,0.32,24.8
2021-08-19 11:04:00,5.75,240.2,0.34,24.81
2021-08-19 11:06:00,5.68,238.54,0.3,24.82
2021-08-19 11:10:00,5.430000000000001,239.02,0.29,24.84
2021-08-19 11:14:00,5.680000000000001,240.14,0.36,24.86
2021-08-19 11:16:00,5.640000000000001,240.53,0.38,24.84
2021-08-19 11:18:00,5.75,241.17,0.31,24.82
2021-08-19 11:20:00,5.51,243.37,0.33,24.77
2021-08-19 11:22:00,5.76,241.07,0.26,24.72
2021-08-19 11:24:00,5.780000000000001,237.74,0.31,24.71
2021-08-19 11:26:00,5.62,241.47,0.36,24.72
2021-08-19 11:30:00,5.82,241.99,0.34,24.67
2021-08-19 11:32:00,5.550000000000001,241.07,0.24,24.76
2021-08-19 11:34:00,5.5,241.14,0.32,24.78
2021-08-19 11:36:00,5.72,242.35,0.29,24.8
2021-08-19 11:38:00,5.71,242.73,0.36,24.81
2021-08-19 11:40:00,5.63,241.16,0.31,24.82
2021-08-19 11:42:00,5.93,241.97,0.37,24.83
2021-08-19 11:44:00,5.45,241.65,0.32,24.83
2021-08-19 11:46:00,5.71,241.76,0.29,24.82
2021-08-19 11:48:00,5.63,241.96,0.33,24.8
2021-08-19 11:50:00,5.74,243.23,0.36,24.76
2021-08-19 11:52:00,5.69,241.45,0.24,24.72
2021-08-19 11:58:00,5.49,244.14,0.27,24.71
2021-08-19 12:00:00,5.670000000000001,243.52,0.33,24.7
2021-08-19 12:02:00,5.83,244.12,0.3,24.85
2021-08-19 12:06:00,5.890000000000001,242.61,0.35,24.72
2021-08-19 12:08:00,5.79,245.03,0.32,24.73
2021-08-19 12:10:00,5.79,244.33,0.33,24.76
2021-08-19 12:12:00,5.91,243.35,0.36,24.78
2021-08-19 12:14:00,5.58,242.04,0.27,24.78
2021-08-19 12:18:00,5.9,242.36,0.32,24.77
2021-08-19 12:20:00,5.8,242.22,0.26,24.76
2021-08-19 12:22:00,5.470000000000001,243.87,0.28,24.76
2021-08-19 12:24:00,5.569999999999999,242.13,0.28,24.77
2021-08-19 12:26:00,5.82,241.81,0.35,24.78
2021-08-19 12:28:00,5.619999999999999,240.57,0.32,24.78
2021-08-19 12:32:00,5.76,240.49,0.26,24.61
2021-08-19 12:36:00,5.73,243.44,0.3,24.65
2021-08-19 12:38:00,5.65,242.29,0.34,24.64
2021-08-19 12:40:00,5.49,240.93,0.3,24.62
2021-08-19 12:42:00,5.74,239.6,0.31,24.62
2021-08-19 12:44:00,5.32,241.52,0.3,24.62
2021-08-19 12:46:00,5.42,238.78,0.32,24.64
2021-08-19 12:48:00,5.53,239.8,0.39,24.67
2021-08-19 12:50:00,5.84,239.61,0.34,24.68
2021-08-19 12:52:00,4.71,240.3,0.01,24.68
2021-08-19 12:54:00,4.779999999999999,239.81,0.12,24.67
2021-08-19 12:56:00,5.590000000000001,240.25,0.34,24.67
2021-08-19 12:58:00,5.470000000000001,239.62,0.35,24.67
2021-08-19 13:00:00,5.82,240.4,0.34,24.67
2021-08-19 13:02:00,5.550000000000001,240.15,0.35,24.67
2021-08-19 13:04:00,5.33,238.71,0.29,24.69
2021-08-19 13:06:00,5.8100000000000005,240.11,0.33,24.69
2021-08-19 13:08:00,5.6,240.68,0.32,24.69
2021-08-19 13:10:00,5.66,239.96,0.31,24.67
2021-08-19 13:12:00,5.58,242.24,0.32,24.65
2021-08-19 13:14:00,5.74,241.58,0.26,24.63
2021-08-19 13:16:00,5.760000000000001,238.99,0.29,24.61
2021-08-19 13:18:00,5.48,242.44,0.34,24.62
2021-08-19 13:20:00,5.69,239.62,0.33,24.61
2021-08-19 13:22:00,5.57,239.19,0.29,24.62
2021-08-19 13:24:00,5.63,239.99,0.35,24.59
2021-08-19 13:26:00,5.93,238.13,0.29,24.63
2021-08-19 13:28:00,5.62,239.26,0.32,24.64
2021-08-19 13:30:00,5.89,240.58,0.32,24.65
2021-08-19 13:32:00,5.79,239.59,0.36,24.66
2021-08-19 13:34:00,5.75,239.52,0.31,24.64
2021-08-19 13:36:00,5.8100000000000005,242.2,0.3,24.63
2021-08-19 13:38:00,5.739999999999999,242.82,0.29,24.62
2021-08-19 13:40:00,5.53,243.28,0.29,24.59
2021-08-19 13:42:00,5.5600000000000005,240.85,0.33,24.58
2021-08-19 13:44:00,5.550000000000001,241.74,0.27,24.61
2021-08-19 13:46:00,5.69,241.79,0.34,24.62
2021-08-19 13:48:00,5.62,242.74,0.33,24.62
2021-08-19 13:50:00,5.75,240.96,0.35,24.62
2021-08-19 13:54:00,5.74,239.91,0.32,24.58
2021-08-19 13:56:00,5.720000000000001,240.9,0.28,24.57
2021-08-19 13:58:00,5.69,240.57,0.3,24.56
2021-08-19 14:00:00,5.52,240.99,0.36,24.57
2021-08-19 14:02:00,5.72,242.32,0.31,24.56
2021-08-19 14:04:00,5.58,240.48,0.29,24.57
2021-08-19 14:06:00,5.84,241.45,0.32,24.57
2021-08-19 14:08:00,5.88,241.05,0.29,24.59
2021-08-19 14:10:00,5.789999999999999,242.88,0.32,24.61
2021-08-19 14:12:00,5.67,242.83,0.35,24.62
2021-08-19 14:18:00,6.01,242.55,0.32,24.61
2021-08-19 14:20:00,5.779999999999999,240.94,0.31,24.61
2021-08-19 14:22:00,5.699999999999999,242.94,0.31,24.59
2021-08-19 14:24:00,5.39,241.22,0.28,24.61
2021-08-19 14:26:00,5.74,242.71,0.31,24.61
2021-08-19 14:28:00,5.55,241.75,0.3,24.62
2021-08-19 14:30:00,5.66,241.28,0.27,24.55
2021-08-19 14:32:00,5.63,242.44,0.26,24.65
2021-08-19 14:34:00,5.81,243.13,0.27,24.65
2021-08-19 14:36:00,5.68,241.62,0.36,24.65
2021-08-19 14:38:00,5.78,242.61,0.37,24.65
2021-08-19 14:40:00,5.74,241.36,0.25,24.65
2021-08-19 14:42:00,5.5,242.24,0.33,24.65
2021-08-19 14:46:00,5.390000000000001,243.7,0.34,24.65
2021-08-19 14:48:00,5.55,243.88,0.29,24.65
2021-08-19 14:50:00,5.69,242.17,0.35,24.65
2021-08-19 14:52:00,4.68,243.18,0.07,24.65
2021-08-19 14:54:00,5.03,243.14,0.08,24.65
2021-08-19 14:56:00,5.62,244.18,0.26,24.65
2021-08-19 14:58:00,5.57,244.58,0.29,24.65
2021-08-19 15:00:00,5.9,243.53,0.27,24.65
2021-08-19 15:02:00,5.63,242.74,0.36,24.65
2021-08-19 15:04:00,5.76,242.98,0.36,24.65
2021-08-19 15:06:00,5.59,241.31,0.27,24.66
2021-08-19 15:08:00,5.56,241.56,0.34,24.66
2021-08-19 15:10:00,5.74,243.33,0.27,24.66
2021-08-19 15:12:00,5.57,244.66,0.34,24.66
2021-08-19 15:14:00,5.65,242.14,0.34,24.66
2021-08-19 15:16:00,5.48,240.51,0.33,24.66
2021-08-19 15:18:00,5.5600000000000005,240.41,0.3,24.66
2021-08-19 15:22:00,5.69,240.63,0.31,24.66
2021-08-19 15:24:00,5.57,240.02,0.37,24.66
2021-08-19 15:28:00,5.29,239.15,0.26,24.65
2021-08-19 15:30:00,4.62,240.47,0.08,24.51
2021-08-19 15:34:00,5.46,239.48,0.3,24.56
2021-08-19 15:36:00,5.93,241.96,0.34,24.56
2021-08-19 15:40:00,5.64,243.04,0.3,24.54
2021-08-19 15:42:00,5.9,243.52,0.31,24.54
2021-08-19 15:44:00,5.51,240.69,0.33,24.53
2021-08-19 15:46:00,5.88,241.33,0.32,24.55
2021-08-19 15:48:00,5.77,241.65,0.37,24.56
2021-08-19 15:50:00,5.62,240.37,0.33,24.56
2021-08-19 15:52:00,5.93,242.44,0.35,24.56
2021-08-19 15:54:00,5.8100000000000005,240.05,0.34,24.53
2021-08-19 15:56:00,5.69,241.26,0.32,24.51
2021-08-19 15:58:00,5.77,239.78,0.29,24.5
2021-08-19 16:00:00,5.68,241.33,0.26,24.51
2021-08-19 16:02:00,5.8,241.33,0.31,24.62
2021-08-19 16:04:00,5.6,239.77,0.26,24.62
2021-08-19 16:06:00,5.76,239.84,0.3,24.62
2021-08-19 16:08:00,5.7,240.08,0.34,24.62
2021-08-19 16:10:00,5.69,239.13,0.26,24.62
2021-08-19 16:12:00,5.7700000000000005,240.83,0.36,24.62
2021-08-19 16:14:00,5.86,239.52,0.31,24.62
2021-08-19 16:16:00,5.91,238.93,0.32,24.62
2021-08-19 16:18:00,5.66,240.35,0.33,24.62
2021-08-19 16:20:00,5.85,240.21,0.34,24.62
2021-08-19 16:22:00,5.44,238.94,0.32,24.62
2021-08-19 16:24:00,5.74,240.52,0.32,24.62
2021-08-19 16:26:00,5.88,241.6,0.29,24.62
2021-08-19 16:32:00,5.65,243.59,0.31,24.53
2021-08-19 16:38:00,5.92,241.89,0.36,24.47
2021-08-19 16:40:00,5.65,242.98,0.32,24.48
2021-08-19 16:42:00,5.59,243.22,0.32,24.47
2021-08-19 16:44:00,5.7,243.05,0.26,24.46
2021-08-19 16:46:00,4.89,242.02,0.06,24.48
2021-08-19 16:48:00,4.93,243.2,0.12,24.47
2021-08-19 16:50:00,5.7,240.74,0.26,24.47
2021-08-19 16:52:00,5.64,243.41,0.3,24.49
2021-08-19 16:54:00,5.7700000000000005,242.77,0.3,24.51
2021-08-19 16:56:00,5.540000000000001,244.66,0.27,24.53
2021-08-19 16:58:00,5.7,244.7,0.33,24.53
2021-08-19 17:00:00,5.94,244.34,0.32,24.51
2021-08-19 17:02:00,5.72,244.27,0.31,24.51
2021-08-19 17:04:00,5.840000000000001,244.43,0.33,24.49
2021-08-19 17:06:00,5.58,243.98,0.37,24.51
2021-08-19 17:08:00,5.7,243.78,0.32,24.53
2021-08-19 17:12:00,5.71,241.57,0.34,24.54
2021-08-19 17:14:00,5.1,241.82,0.06,24.54
2021-08-19 17:16:00,4.92,241.32,0.09,24.5
2021-08-19 17:18:00,5.97,241.79,0.33,24.47
2021-08-19 17:20:00,4.8,243.26,0.11,24.47
2021-08-19 17:22:00,5.0,242.6,0.11,24.47
2021-08-19 17:24:00,5.73,242.76,0.28,24.48
2021-08-19 17:26:00,5.7,242.91,0.34,24.48
2021-08-19 17:28:00,5.69,242.88,0.32,24.47
2021-08-19 17:30:00,5.8500000000000005,243.86,0.33,24.51
2021-08-19 17:32:00,5.73,243.29,0.31,24.51
2021-08-19 17:34:00,5.5600000000000005,243.03,0.29,24.52
2021-08-19 17:36:00,5.73,242.81,0.29,24.52
2021-08-19 17:38:00,5.779999999999999,243.83,0.34,24.49
2021-08-19 17:40:00,5.62,244.11,0.3,24.49
2021-08-19 17:42:00,5.609999999999999,244.84,0.26,24.5
2021-08-19 17:44:00,5.68,244.03,0.26,24.5
2021-08-19 17:46:00,5.84,245.03,0.34,24.52
2021-08-19 17:48:00,5.86,243.47,0.35,24.54
2021-08-19 17:50:00,5.43,244.57,0.31,24.54
2021-08-19 17:52:00,5.529999999999999,245.3,0.35,24.54
2021-08-19 17:54:00,5.73,245.68,0.36,24.51
2021-08-19 17:56:00,5.63,245.67,0.25,24.53
2021-08-19 17:58:00,5.59,243.05,0.31,24.53
2021-08-19 18:02:00,5.7,241.51,0.32,24.53
2021-08-19 18:04:00,5.61,241.2,0.31,24.53
2021-08-19 18:06:00,6.04,239.33,0.34,24.53
2021-08-19 18:08:00,5.54,242.19,0.26,24.53
2021-08-19 18:10:00,75.03999999999999,238.94,0.77,24.53
2021-08-19 18:12:00,5.94,243.29,0.28,24.53
2021-08-19 18:14:00,5.86,242.59,0.33,24.53
2021-08-19 18:16:00,5.819999999999999,242.35,0.29,24.53
2021-08-19 18:18:00,5.6,241.54,0.34,24.53
2021-08-19 18:20:00,5.72,243.89,0.3,24.53
2021-08-19 18:22:00,5.87,242.75,0.3,24.53
2021-08-19 18:24:00,5.71,243.9,0.31,24.53
2021-08-19 18:26:00,5.69,243.05,0.32,24.53
2021-08-19 18:28:00,5.67,244.46,0.27,24.53
2021-08-19 18:30:00,5.62,244.16,0.33,24.51
2021-08-19 18:32:00,6.04,245.23,0.37,24.5
2021-08-19 18:34:00,5.67,244.35,0.3,24.5
2021-08-19 18:36:00,5.529999999999999,244.79,0.28,24.5
2021-08-19 18:38:00,5.52,245.69,0.3,24.5
2021-08-19 18:40:00,5.82,246.24,0.3,24.5
2021-08-19 18:42:00,6.029999999999999,246.53,0.33,24.5
2021-08-19 18:44:00,5.74,244.54,0.33,24.5
2021-08-19 18:46:00,5.92,244.46,0.28,24.51
2021-08-19 18:48:00,5.9,243.99,0.34,24.51
2021-08-19 18:52:00,5.800000000000001,243.36,0.23,24.51
2021-08-19 18:54:00,5.74,243.29,0.31,24.51
2021-08-19 18:56:00,5.79,243.91,0.31,24.51
2021-08-19 18:58:00,5.640000000000001,243.74,0.28,24.51
2021-08-19 19:00:00,5.05,244.91,0.02,24.51
2021-08-19 19:02:00,5.65,245.87,0.31,24.51
2021-08-19 19:04:00,5.779999999999999,244.86,0.36,24.51
2021-08-19 19:06:00,5.89,242.54,0.36,24.51
2021-08-19 19:08:00,5.720000000000001,243.49,0.35,24.51
2021-08-19 19:10:00,5.77,243.17,0.29,24.51
2021-08-19 19:12:00,5.609999999999999,240.3,0.34,24.51
2021-08-19 19:14:00,5.78,240.88,0.33,24.51
2021-08-19 19:16:00,5.83,242.12,0.32,24.51
2021-08-19 19:18:00,5.73,241.01,0.33,24.51
2021-08-19 19:20:00,5.630000000000001,242.21,0.26,24.52
2021-08-19 19:26:00,5.640000000000001,243.42,0.34,24.5
2021-08-19 19:28:00,5.73,243.48,0.34,24.5
2021-08-19 19:30:00,5.52,243.15,0.31,24.51
2021-08-19 19:32:00,5.73,241.95,0.28,24.51
2021-08-19 19:34:00,5.539999999999999,242.73,0.27,24.52
2021-08-19 19:40:00,5.8,243.5,0.31,24.51
2021-08-19 19:42:00,5.65,242.4,0.27,24.5
2021-08-19 19:44:00,5.71,242.74,0.3,24.5
2021-08-19 19:46:00,5.63,243.46,0.25,24.49
2021-08-19 19:50:00,4.8100000000000005,242.96,0.07,24.51
2021-08-19 19:52:00,5.869999999999999,243.11,0.36,24.52
2021-08-19 19:54:00,5.659999999999999,243.48,0.33,24.51
2021-08-19 19:56:00,5.77,244.06,0.33,24.49
2021-08-19 20:00:00,5.59,242.7,0.38,24.47
2021-08-19 20:04:00,5.72,243.67,0.32,24.47
2021-08-19 20:06:00,5.57,241.54,0.27,24.47
2021-08-19 20:08:00,5.760000000000001,242.4,0.31,24.46
2021-08-19 20:10:00,5.48,243.21,0.37,24.46
2021-08-19 20:14:00,5.7,244.15,0.31,24.46
2021-08-19 20:16:00,5.74,243.47,0.27,24.47
2021-08-19 20:18:00,5.81,242.88,0.31,24.49
2021-08-19 20:20:00,4.88,243.09,0.02,24.51
2021-08-19 20:22:00,5.050000000000001,243.16,0.01,24.52
2021-08-19 20:24:00,5.47,243.89,0.34,24.51
2021-08-19 20:26:00,5.91,243.03,0.35,24.52
2021-08-19 20:28:00,5.48,242.77,0.32,24.51
2021-08-19 20:32:00,5.65,243.27,0.28,24.48
2021-08-19 20:36:00,5.64,244.8,0.35,24.46
2021-08-19 20:40:00,5.59,245.31,0.3,24.43
2021-08-19 20:48:00,5.61,244.36,0.31,24.44
2021-08-19 20:50:00,5.8100000000000005,244.63,0.29,24.43
2021-08-19 20:52:00,5.58,244.14,0.39,24.43
2021-08-19 20:54:00,5.779999999999999,243.15,0.33,24.44
2021-08-19 20:56:00,5.55,244.78,0.31,24.43
2021-08-19 20:58:00,5.65,243.3,0.34,24.44
2021-08-19 21:00:00,5.859999999999999,244.01,0.35,24.47
2021-08-19 21:02:00,5.42,243.96,0.31,24.49
2021-08-19 21:04:00,5.550000000000001,244.68,0.33,24.49
2021-08-19 21:06:00,5.710000000000001,243.28,0.32,24.49
2021-08-19 21:08:00,5.62,242.83,0.28,24.48
2021-08-19 21:10:00,4.930000000000001,244.03,0.04,24.47
2021-08-19 21:12:00,5.930000000000001,244.11,0.33,24.47
2021-08-19 21:14:00,5.72,244.27,0.37,24.49
2021-08-19 21:16:00,5.7,244.62,0.36,24.5
2021-08-19 21:18:00,5.57,243.71,0.35,24.51
2021-08-19 21:20:00,5.7,243.75,0.28,24.51
2021-08-19 21:24:00,5.44,242.9,0.34,24.47
2021-08-19 21:26:00,5.77,242.04,0.34,24.47
2021-08-19 21:28:00,5.58,244.5,0.31,24.46
2021-08-19 21:30:00,5.65,243.48,0.29,24.53
2021-08-19 21:32:00,5.83,243.81,0.3,24.51
2021-08-19 21:34:00,5.800000000000001,244.58,0.35,24.53
2021-08-19 21:36:00,5.98,245.86,0.37,24.54
2021-08-19 21:38:00,5.64,244.56,0.31,24.52
2021-08-19 21:40:00,5.56,244.51,0.33,24.51
2021-08-19 21:42:00,5.56,243.15,0.28,24.5
2021-08-19 21:44:00,5.37,243.37,0.28,24.51
2021-08-19 21:46:00,5.68,244.9,0.35,24.51
2021-08-19 21:48:00,5.55,243.94,0.31,24.52
2021-08-19 21:50:00,5.88,244.76,0.28,24.52
2021-08-19 21:52:00,5.89,244.67,0.31,24.52
2021-08-19 21:54:00,5.5,245.89,0.31,24.49
2021-08-19 22:02:00,5.75,245.51,0.29,24.48
2021-08-19 22:06:00,5.66,246.19,0.27,24.47
2021-08-19 22:08:00,5.68,243.04,0.26,24.46
2021-08-19 22:10:00,5.72,243.95,0.32,24.47
2021-08-19 22:12:00,5.97,242.55,0.33,24.48
2021-08-19 22:14:00,5.74,243.1,0.3,24.48
2021-08-19 22:16:00,5.73,242.93,0.34,24.49
2021-08-19 22:18:00,5.77,243.67,0.28,24.51
2021-08-19 22:20:00,5.82,243.75,0.33,24.53
2021-08-19 22:22:00,5.859999999999999,242.02,0.37,24.53
2021-08-19 22:24:00,5.76,243.67,0.3,24.51
2021-08-19 22:26:00,5.73,242.57,0.28,24.51
2021-08-19 22:28:00,5.75,242.22,0.35,24.51
2021-08-19 22:32:00,5.8,243.58,0.35,24.49
2021-08-19 22:36:00,5.34,243.83,0.3,24.52
2021-08-19 22:38:00,5.73,243.81,0.25,24.51
2021-08-19 22:40:00,5.72,241.74,0.35,24.47
2021-08-19 22:42:00,5.59,242.76,0.35,24.46
2021-08-19 22:44:00,5.68,243.96,0.31,24.44
2021-08-19 22:46:00,4.67,242.54,0.02,24.46
2021-08-19 22:48:00,4.949999999999999,243.31,0.01,24.44
2021-08-19 22:50:00,5.789999999999999,242.81,0.38,24.46
2021-08-19 22:52:00,41.43,239.55,0.52,24.49
2021-08-19 22:54:00,4.83,243.35,0.04,24.5
2021-08-19 22:56:00,5.69,242.22,0.25,24.51
2021-08-19 22:58:00,5.72,242.32,0.34,24.47
2021-08-19 23:00:00,5.819999999999999,242.91,0.31,24.47
2021-08-19 23:02:00,5.74,242.61,0.31,24.46
2021-08-19 23:04:00,5.52,244.47,0.31,24.43
2021-08-19 23:06:00,5.75,242.62,0.32,24.44
2021-08-19 23:08:00,5.75,241.85,0.32,24.47
2021-08-19 23:10:00,5.8,241.83,0.33,24.49
2021-08-19 23:12:00,5.85,244.11,0.34,24.49
2021-08-19 23:14:00,5.58,243.96,0.39,24.47
2021-08-19 23:16:00,5.65,242.33,0.3,24.47
2021-08-19 23:18:00,5.59,242.99,0.37,24.42
2021-08-19 23:22:00,5.859999999999999,243.65,0.3,24.43
2021-08-19 23:24:00,5.65,243.77,0.28,24.42
2021-08-19 23:26:00,5.95,242.87,0.32,24.42
2021-08-19 23:28:00,5.76,241.86,0.29,24.44
2021-08-19 23:30:00,5.69,242.28,0.34,24.51
2021-08-19 23:32:00,5.79,242.02,0.35,24.47
2021-08-19 23:34:00,5.51,242.86,0.3,24.49
2021-08-19 23:36:00,6.21,242.54,0.29,24.5
2021-08-19 23:38:00,6.050000000000001,244.1,0.3,24.5
2021-08-19 23:46:00,6.04,242.8,0.26,24.49
2021-08-19 23:48:00,5.86,240.15,0.28,24.47
2021-08-19 23:50:00,5.89,241.86,0.28,24.49
2021-08-19 23:52:00,5.7,242.56,0.33,24.5
2021-08-19 23:54:00,5.69,241.48,0.28,24.51
2021-08-19 23:56:00,5.94,243.88,0.32,24.51
2021-08-20 00:00:00,5.6,241.53,0.31,24.5
2021-08-20 00:02:00,5.74,242.56,0.29,24.48
2021-08-20 00:04:00,5.69,242.99,0.3,24.47
2021-08-20 00:06:00,5.91,242.17,0.32,24.46
2021-08-20 00:08:00,5.6,242.17,0.34,24.46
2021-08-20 00:10:00,5.58,240.47,0.36,24.47
2021-08-20 00:12:00,5.8100000000000005,240.41,0.27,24.46
2021-08-20 00:14:00,4.84,242.26,0.06,24.46
2021-08-20 00:18:00,5.82,245.34,0.3,24.46
2021-08-20 00:20:00,5.54,245.0,0.27,24.47
2021-08-20 00:22:00,5.73,245.5,0.32,24.49
2021-08-20 00:24:00,5.79,244.8,0.34,24.51
2021-08-20 00:26:00,5.779999999999999,242.78,0.36,24.51
2021-08-20 00:28:00,5.75,243.51,0.31,24.51
2021-08-20 00:32:00,5.54,243.31,0.36,24.54
2021-08-20 00:34:00,5.49,243.4,0.28,24.52
2021-08-20 00:40:00,5.76,242.89,0.29,24.47
2021-08-20 00:42:00,5.58,244.25,0.28,24.46
2021-08-20 00:44:00,5.619999999999999,242.16,0.31,24.43
2021-08-20 00:46:00,5.76,242.13,0.25,24.43
2021-08-20 00:48:00,5.78,241.52,0.36,24.44
2021-08-20 00:50:00,5.61,241.37,0.28,24.44
2021-08-20 00:52:00,5.69,240.87,0.26,24.46
2021-08-20 00:54:00,5.69,241.66,0.35,24.47
2021-08-20 00:56:00,5.56,243.06,0.25,24.48
2021-08-20 00:58:00,5.74,242.52,0.37,24.5
2021-08-20 01:00:00,5.5200000000000005,242.8,0.31,24.52
2021-08-20 01:04:00,5.36,243.31,0.29,24.52
2021-08-20 01:10:00,5.709999999999999,240.28,0.36,24.53
2021-08-20 01:12:00,5.78,244.14,0.28,24.49
2021-08-20 01:14:00,5.74,243.95,0.26,24.5
2021-08-20 01:16:00,5.67,243.69,0.34,24.51
2021-08-20 01:18:00,5.609999999999999,244.81,0.25,24.52
2021-08-20 01:20:00,5.83,243.95,0.26,24.52
2021-08-20 01:24:00,5.59,243.26,0.32,24.51
2021-08-20 01:26:00,5.569999999999999,245.62,0.34,24.47
2021-08-20 01:28:00,5.69,244.44,0.4,24.46
2021-08-20 01:30:00,4.8,245.91,0.04,24.46
2021-08-20 01:32:00,5.5600000000000005,242.94,0.35,24.47
2021-08-20 01:34:00,5.720000000000001,244.69,0.29,24.48
2021-08-20 01:36:00,5.61,246.81,0.3,24.5
2021-08-20 01:38:00,5.51,244.44,0.34,24.52
2021-08-20 01:40:00,5.78,243.41,0.34,24.53
2021-08-20 01:42:00,5.69,242.68,0.29,24.54
2021-08-20 01:44:00,5.869999999999999,244.68,0.34,24.53
2021-08-20 01:46:00,5.63,243.86,0.32,24.51
2021-08-20 01:48:00,5.79,243.22,0.34,24.53
2021-08-20 01:54:00,75.22,240.98,0.77,24.56
2021-08-20 01:58:00,5.699999999999999,243.15,0.29,24.55
2021-08-20 02:00:00,5.709999999999999,243.74,0.36,24.55
2021-08-20 02:02:00,5.77,244.31,0.33,24.52
2021-08-20 02:06:00,5.53,244.33,0.35,24.52
2021-08-20 02:10:00,5.73,246.22,0.31,24.51
2021-08-20 02:12:00,5.48,244.03,0.36,24.51
2021-08-20 02:14:00,5.85,244.07,0.33,24.5
2021-08-20 02:16:00,5.970000000000001,245.06,0.33,24.49
2021-08-20 02:18:00,5.59,246.14,0.27,24.5
2021-08-20 02:20:00,5.79,243.89,0.35,24.51
2021-08-20 02:22:00,5.78,245.13,0.31,24.52
2021-08-20 02:24:00,5.63,245.51,0.31,24.53
2021-08-20 02:26:00,5.61,245.62,0.34,24.55
2021-08-20 02:28:00,5.6,245.18,0.26,24.57
2021-08-20 02:32:00,5.6,248.23,0.33,24.57
2021-08-20 02:36:00,5.79,243.53,0.36,24.46
2021-08-20 02:38:00,5.74,246.11,0.28,24.46
2021-08-20 02:40:00,5.75,245.52,0.27,24.46
2021-08-20 02:42:00,5.83,246.72,0.35,24.46
2021-08-20 02:44:00,5.56,245.78,0.33,24.46
2021-08-20 02:46:00,5.74,245.67,0.28,24.46
2021-08-20 02:48:00,5.59,244.8,0.33,24.46
2021-08-20 02:50:00,5.74,245.48,0.29,24.46
2021-08-20 02:52:00,5.8,242.9,0.28,24.46
2021-08-20 02:54:00,5.67,244.1,0.29,24.46
2021-08-20 02:56:00,4.96,244.19,0.12,24.46
2021-08-20 02:58:00,5.7,243.22,0.37,24.46
2021-08-20 03:00:00,5.73,244.13,0.27,24.46
2021-08-20 03:02:00,5.42,243.18,0.3,24.46
2021-08-20 03:04:00,5.64,243.76,0.35,24.46
2021-08-20 03:06:00,5.609999999999999,242.98,0.31,24.46
2021-08-20 03:08:00,5.619999999999999,242.16,0.34,24.46
2021-08-20 03:10:00,5.61,244.48,0.29,24.46
2021-08-20 03:12:00,5.699999999999999,244.17,0.29,24.46
2021-08-20 03:14:00,5.61,244.11,0.34,24.47
2021-08-20 03:16:00,5.890000000000001,243.68,0.32,24.47
2021-08-20 03:18:00,5.74,243.24,0.34,24.47
2021-08-20 03:20:00,5.630000000000001,244.79,0.24,24.47
2021-08-20 03:22:00,5.72,242.6,0.3,24.47
2021-08-20 03:26:00,5.6,243.07,0.31,24.46
2021-08-20 03:28:00,5.6000000000000005,242.66,0.34,24.46
2021-08-20 03:30:00,5.74,245.01,0.33,24.65
2021-08-20 03:32:00,5.720000000000001,244.66,0.36,24.54
2021-08-20 03:34:00,5.42,242.56,0.33,24.56
2021-08-20 03:36:00,5.76,243.35,0.33,24.56
2021-08-20 03:38:00,5.43,242.66,0.3,24.61
2021-08-20 03:40:00,5.710000000000001,241.63,0.33,24.63
2021-08-20 03:42:00,5.02,242.07,0.08,24.65
2021-08-20 03:44:00,4.72,240.73,0.01,24.57
2021-08-20 03:46:00,5.8,239.52,0.32,24.57
2021-08-20 03:48:00,5.62,240.84,0.31,24.57
2021-08-20 03:50:00,5.67,239.73,0.29,24.57
2021-08-20 03:54:00,5.69,238.89,0.34,24.57
2021-08-20 03:56:00,5.74,241.26,0.3,24.57
2021-08-20 03:58:00,5.5600000000000005,240.67,0.33,24.57
2021-08-20 04:00:00,5.76,241.21,0.32,24.57
2021-08-20 04:04:00,5.77,238.26,0.35,24.57
2021-08-20 04:06:00,5.69,238.56,0.24,24.57
2021-08-20 04:08:00,5.89,241.46,0.33,24.57
2021-08-20 04:10:00,5.68,241.33,0.35,24.57
2021-08-20 04:12:00,5.760000000000001,239.75,0.34,24.57
2021-08-20 04:14:00,5.61,240.28,0.29,24.57
2021-08-20 04:16:00,5.720000000000001,238.56,0.34,24.57
2021-08-20 04:18:00,5.880000000000001,239.17,0.25,24.57
2021-08-20 04:20:00,5.77,241.46,0.33,24.57
2021-08-20 04:22:00,5.65,239.69,0.3,24.56
2021-08-20 04:24:00,5.66,238.39,0.32,24.53
2021-08-20 04:26:00,5.78,237.6,0.33,24.51
2021-08-20 04:28:00,5.790000000000001,237.44,0.31,24.51
2021-08-20 04:30:00,5.55,238.7,0.32,24.67
2021-08-20 04:32:00,5.57,240.18,0.34,24.54
2021-08-20 04:34:00,5.779999999999999,239.06,0.32,24.56
2021-08-20 04:36:00,5.75,239.37,0.33,24.56
2021-08-20 04:38:00,4.91,238.28,0.16,24.61
2021-08-20 04:40:00,4.74,239.51,0.07,24.63
2021-08-20 04:44:00,5.72,239.09,0.28,24.65
2021-08-20 04:46:00,5.51,240.75,0.35,24.67
2021-08-20 04:50:00,5.7,240.53,0.33,24.67
2021-08-20 04:52:00,5.82,240.15,0.28,24.66
2021-08-20 05:00:00,5.3,246.76,0.0,24.63
2021-08-20 05:04:00,5.14,244.56,0.08,24.58
2021-08-20 05:08:00,14.88,237.8,0.05,24.58
2021-08-20 05:10:00,10.09,237.96,0.05,24.58
2021-08-20 05:12:00,6.869999999999999,238.73,0.25,24.58
2021-08-20 05:14:00,6.08,241.05,0.24,24.59
2021-08-20 05:18:00,5.85,236.75,0.34,24.61
2021-08-20 05:20:00,5.61,237.43,0.37,24.63
2021-08-20 05:22:00,5.68,241.9,0.38,24.64
2021-08-20 05:24:00,5.54,239.7,0.28,24.65
2021-08-20 05:26:00,5.66,240.9,0.36,24.67
2021-08-20 05:30:00,5.5600000000000005,241.76,0.35,24.74
2021-08-20 05:32:00,5.590000000000001,239.46,0.32,24.54
2021-08-20 05:34:00,5.45,239.96,0.33,24.56
2021-08-20 05:36:00,5.65,238.36,0.32,24.56
2021-08-20 05:38:00,5.5,239.54,0.29,24.61
2021-08-20 05:40:00,5.59,238.84,0.25,24.63
2021-08-20 05:42:00,5.9,237.18,0.32,24.65
2021-08-20 05:44:00,5.57,237.09,0.33,24.65
2021-08-20 05:46:00,5.76,236.95,0.37,24.67
2021-08-20 05:48:00,5.74,235.61,0.3,24.67
2021-08-20 05:50:00,5.779999999999999,237.03,0.3,24.67
2021-08-20 05:52:00,5.6,240.33,0.33,24.67
2021-08-20 05:54:00,5.71,240.81,0.26,24.67
2021-08-20 06:00:00,5.77,240.33,0.36,24.67
2021-08-20 06:02:00,5.42,240.95,0.28,24.67
2021-08-20 06:04:00,5.66,241.35,0.3,24.67
2021-08-20 06:06:00,5.74,241.78,0.28,24.67
2021-08-20 06:08:00,5.640000000000001,239.84,0.35,24.67
2021-08-20 06:10:00,5.71,239.86,0.34,24.67
2021-08-20 06:12:00,5.5600000000000005,240.64,0.27,24.67
2021-08-20 06:14:00,5.640000000000001,236.53,0.37,24.67
2021-08-20 06:16:00,5.8,240.72,0.39,24.67
2021-08-20 06:18:00,5.74,238.5,0.29,24.67
2021-08-20 06:20:00,5.53,237.95,0.35,24.67
2021-08-20 06:22:00,5.62,238.2,0.32,24.66
2021-08-20 06:24:00,5.64,239.01,0.33,24.66
2021-08-20 06:26:00,5.49,238.43,0.34,24.66
2021-08-20 06:28:00,5.79,240.21,0.34,24.66
2021-08-20 06:32:00,4.83,240.21,0.07,25.06
2021-08-20 06:36:00,5.8,242.1,0.32,24.74
2021-08-20 06:38:00,5.880000000000001,239.55,0.36,24.74
2021-08-20 06:40:00,5.63,239.04,0.35,24.74
2021-08-20 06:42:00,5.9,239.75,0.35,24.74
2021-08-20 06:44:00,5.550000000000001,241.4,0.37,24.74
2021-08-20 06:46:00,5.5,240.76,0.32,24.74
2021-08-20 06:48:00,5.51,240.55,0.25,24.74
2021-08-20 06:50:00,5.470000000000001,238.59,0.32,24.74
2021-08-20 06:52:00,5.66,242.04,0.34,24.77
2021-08-20 06:54:00,5.460000000000001,240.32,0.28,24.77
2021-08-20 06:56:00,5.68,240.99,0.3,24.77
2021-08-20 07:00:00,5.630000000000001,239.66,0.28,24.77
2021-08-20 07:02:00,4.91,241.11,0.11,24.79
2021-08-20 07:04:00,5.1,240.8,0.13,24.79
2021-08-20 07:06:00,5.63,241.36,0.32,24.79
2021-08-20 07:08:00,5.75,239.78,0.32,24.81
2021-08-20 07:10:00,5.69,240.23,0.3,24.84
2021-08-20 07:12:00,5.699999999999999,238.72,0.32,24.84
2021-08-20 07:16:00,5.75,240.53,0.36,24.81
2021-08-20 07:18:00,5.66,240.06,0.33,24.84
2021-08-20 07:20:00,5.49,239.55,0.27,24.84
2021-08-20 07:22:00,5.640000000000001,240.31,0.31,24.85
2021-08-20 07:24:00,5.800000000000001,243.87,0.3,24.85
2021-08-20 07:26:00,4.92,244.41,0.03,24.85
2021-08-20 07:28:00,5.699999999999999,243.24,0.34,24.85
2021-08-20 07:30:00,5.96,241.94,0.35,25.36
2021-08-20 07:32:00,41.13,242.8,0.94,25.37
2021-08-20 07:34:00,5.6,240.86,0.26,25.37
2021-08-20 07:36:00,5.859999999999999,243.7,0.33,25.38
2021-08-20 07:38:00,5.48,243.07,0.28,25.06
2021-08-20 07:46:00,5.63,242.03,0.31,25.4
2021-08-20 07:48:00,5.69,242.58,0.33,25.06
2021-08-20 07:50:00,5.5,241.73,0.24,25.06
2021-08-20 07:52:00,5.68,242.7,0.27,25.06
2021-08-20 07:54:00,6.07,241.92,0.34,25.06
2021-08-20 07:56:00,5.630000000000001,242.44,0.26,25.06
2021-08-20 07:58:00,5.79,244.71,0.29,25.06
2021-08-20 08:02:00,5.879999999999999,243.25,0.34,25.06
2021-08-20 08:04:00,5.84,241.79,0.32,25.06
2021-08-20 08:06:00,5.37,243.21,0.29,25.06
2021-08-20 08:10:00,5.74,243.63,0.33,25.06
2021-08-20 08:12:00,5.59,241.8,0.34,25.06
2021-08-20 08:14:00,5.640000000000001,243.31,0.26,25.06
2021-08-20 08:16:00,5.640000000000001,241.49,0.29,25.06
2021-08-20 08:18:00,5.8,241.3,0.32,25.06
2021-08-20 08:22:00,5.65,240.59,0.26,25.06
2021-08-20 08:24:00,5.51,241.87,0.36,25.06
2021-08-20 08:26:00,5.789999999999999,242.22,0.34,25.06
2021-08-20 08:28:00,5.640000000000001,241.39,0.35,25.06
2021-08-20 08:30:00,5.9,240.33,0.27,25.66
2021-08-20 08:32:00,5.76,241.96,0.28,25.36
2021-08-20 08:34:00,5.84,241.95,0.33,25.36
2021-08-20 08:36:00,5.76,240.52,0.35,25.36
2021-08-20 08:38:00,5.5600000000000005,240.88,0.32,25.36
2021-08-20 08:40:00,4.64,241.64,0.05,25.36
2021-08-20 08:42:00,5.86,243.45,0.35,25.36
2021-08-20 08:44:00,5.85,241.31,0.37,25.36
2021-08-20 08:46:00,5.51,241.21,0.28,25.36
2021-08-20 08:50:00,5.57,241.17,0.32,25.36
2021-08-20 08:52:00,5.5600000000000005,242.15,0.27,25.36
2021-08-20 08:54:00,5.02,243.36,0.11,25.36
2021-08-20 08:56:00,4.82,240.82,0.12,25.36
2021-08-20 08:58:00,5.82,243.44,0.28,25.37
2021-08-20 09:00:00,5.760000000000001,242.25,0.27,25.37
2021-08-20 09:02:00,5.710000000000001,241.84,0.26,25.37
2021-08-20 09:04:00,5.630000000000001,239.72,0.26,25.37
2021-08-20 09:06:00,5.59,237.82,0.32,25.37
2021-08-20 09:08:00,5.75,237.1,0.26,25.37
2021-08-20 09:12:00,5.82,238.63,0.31,25.36
2021-08-20 09:14:00,5.69,236.55,0.32,25.36
2021-08-20 09:16:00,75.34,238.83,0.77,25.36
2021-08-20 09:18:00,4.87,242.35,0.1,25.36
2021-08-20 09:20:00,5.8,242.46,0.36,25.36
2021-08-20 09:26:00,5.68,241.9,0.35,25.88
2021-08-20 09:28:00,5.65,242.97,0.38,25.88
2021-08-20 09:32:00,5.87,241.8,0.35,25.96
2021-08-20 09:34:00,5.710000000000001,242.1,0.36,25.66
2021-08-20 09:36:00,5.58,241.47,0.34,25.66
2021-08-20 09:38:00,5.67,239.86,0.34,25.66
2021-08-20 09:44:00,5.65,238.58,0.36,25.89
2021-08-20 09:46:00,5.779999999999999,238.39,0.33,25.9
2021-08-20 09:48:00,5.92,239.13,0.34,25.9
2021-08-20 09:50:00,5.37,240.17,0.28,25.9
2021-08-20 09:52:00,5.57,237.98,0.32,25.66
2021-08-20 09:54:00,5.73,239.76,0.29,25.66
2021-08-20 09:56:00,5.5200000000000005,239.61,0.37,25.67
2021-08-20 09:58:00,5.66,237.63,0.33,25.67
2021-08-20 10:00:00,5.84,240.35,0.3,25.67
2021-08-20 10:02:00,5.53,238.48,0.35,25.67
2021-08-20 10:04:00,5.6,237.14,0.32,25.67
2021-08-20 10:06:00,5.84,238.8,0.31,25.67
2021-08-20 10:08:00,5.58,240.03,0.29,25.67
2021-08-20 10:10:00,5.91,238.21,0.31,25.67
2021-08-20 10:14:00,5.640000000000001,238.71,0.28,25.67
2021-08-20 10:16:00,5.63,240.12,0.3,25.67
2021-08-20 10:18:00,5.57,239.89,0.33,25.67
2021-08-20 10:20:00,5.840000000000001,241.78,0.28,25.67
2021-08-20 10:22:00,5.58,239.5,0.3,25.67
2021-08-20 10:26:00,5.79,240.47,0.32,25.66
2021-08-20 10:28:00,5.75,239.6,0.32,25.66
2021-08-20 10:32:00,5.57,242.97,0.29,25.95
2021-08-20 10:36:00,5.89,241.34,0.34,25.98
2021-08-20 10:38:00,4.760000000000001,241.46,0.14,25.88
2021-08-20 10:42:00,5.8100000000000005,240.19,0.35,25.95
2021-08-20 10:44:00,5.66,237.78,0.27,25.96
2021-08-20 10:48:00,5.57,238.81,0.31,25.95
2021-08-20 10:52:00,5.390000000000001,238.98,0.27,25.95
2021-08-20 10:56:00,5.63,239.8,0.27,25.94
2021-08-20 10:58:00,5.83,239.15,0.3,25.95
2021-08-20 11:02:00,5.69,238.29,0.28,25.94
2021-08-20 11:04:00,5.790000000000001,238.9,0.3,25.94
2021-08-20 11:06:00,5.659999999999999,241.28,0.35,25.94
2021-08-20 11:08:00,5.66,239.95,0.29,25.92
2021-08-20 11:10:00,5.52,239.73,0.37,25.92
2021-08-20 11:12:00,5.73,239.86,0.27,25.94
2021-08-20 11:14:00,5.81,240.66,0.3,25.95
2021-08-20 11:20:00,5.44,239.48,0.27,25.95
2021-08-20 11:22:00,5.66,238.93,0.29,25.95
2021-08-20 11:24:00,5.74,239.24,0.31,25.95
2021-08-20 11:26:00,5.699999999999999,239.98,0.33,25.95
2021-08-20 11:30:00,5.56,240.53,0.27,25.95
2021-08-20 11:36:00,5.760000000000001,242.05,0.3,25.94
2021-08-20 11:38:00,5.8500000000000005,242.34,0.31,25.92
2021-08-20 11:40:00,5.79,241.33,0.34,25.92
2021-08-20 11:42:00,5.57,241.51,0.35,25.94
2021-08-20 11:46:00,5.7,242.51,0.31,25.94
2021-08-20 11:48:00,5.869999999999999,242.62,0.28,25.94
2021-08-20 11:50:00,5.72,242.79,0.29,25.94
2021-08-20 11:52:00,5.44,243.99,0.3,25.94
2021-08-20 11:54:00,5.640000000000001,241.91,0.29,25.94
2021-08-20 11:58:00,5.68,241.84,0.35,25.94
2021-08-20 12:00:00,5.92,241.6,0.33,25.95
2021-08-20 12:02:00,5.58,242.15,0.27,25.96
2021-08-20 12:04:00,5.779999999999999,243.65,0.34,25.95
2021-08-20 12:06:00,5.73,240.66,0.28,25.95
2021-08-20 12:08:00,5.659999999999999,242.71,0.32,25.94
2021-08-20 12:10:00,5.85,240.35,0.33,25.94
2021-08-20 12:12:00,5.63,240.31,0.25,25.94
2021-08-20 12:14:00,4.92,241.73,0.07,25.92
2021-08-20 12:16:00,5.75,244.11,0.24,25.94
2021-08-20 12:18:00,5.47,243.16,0.29,25.94
2021-08-20 12:20:00,5.83,243.04,0.29,25.95
2021-08-20 12:22:00,5.7,241.4,0.35,25.95
2021-08-20 12:24:00,5.75,242.66,0.33,25.95
2021-08-20 12:26:00,5.800000000000001,243.7,0.33,25.95
2021-08-20 12:28:00,5.62,242.56,0.31,25.95
2021-08-20 12:30:00,5.61,245.36,0.28,26.0
2021-08-20 12:32:00,5.65,245.31,0.31,25.95
2021-08-20 12:34:00,5.53,241.87,0.25,25.95
2021-08-20 12:36:00,5.67,242.5,0.27,25.95
2021-08-20 12:38:00,5.65,241.74,0.35,25.95
2021-08-20 12:40:00,5.69,241.78,0.35,25.95
2021-08-20 12:42:00,5.0600000000000005,240.82,0.05,25.95
2021-08-20 12:44:00,4.63,240.5,0.06,25.95
2021-08-20 12:46:00,5.41,242.77,0.28,25.95
2021-08-20 12:48:00,5.76,241.22,0.36,25.95
2021-08-20 12:52:00,5.69,242.75,0.3,25.95
2021-08-20 12:54:00,5.970000000000001,240.25,0.25,25.95
2021-08-20 12:56:00,5.529999999999999,240.62,0.28,25.95
2021-08-20 12:58:00,5.7,241.38,0.32,25.95
2021-08-20 13:00:00,5.89,241.4,0.34,25.95
2021-08-20 13:02:00,5.67,238.86,0.3,25.95
2021-08-20 13:04:00,5.680000000000001,239.4,0.3,25.95
2021-08-20 13:06:00,5.8,240.5,0.33,25.95
2021-08-20 13:08:00,5.55,240.64,0.32,25.95
2021-08-20 13:10:00,5.65,239.52,0.31,25.95
2021-08-20 13:12:00,5.609999999999999,241.34,0.28,25.95
2021-08-20 13:14:00,5.529999999999999,240.8,0.24,25.95
2021-08-20 13:16:00,5.51,240.99,0.31,25.95
2021-08-20 13:18:00,5.67,239.24,0.33,25.95
2021-08-20 13:20:00,5.66,239.13,0.29,25.95
2021-08-20 13:22:00,5.61,241.84,0.3,25.95
2021-08-20 13:24:00,5.74,244.72,0.28,25.95
2021-08-20 13:26:00,5.55,243.08,0.3,25.95
2021-08-20 13:28:00,5.78,243.35,0.32,25.95
2021-08-20 13:30:00,5.79,242.73,0.29,25.96
2021-08-20 13:32:00,5.67,243.16,0.27,25.99
2021-08-20 13:34:00,5.51,243.7,0.3,25.99
2021-08-20 13:36:00,5.59,244.31,0.33,26.0
2021-08-20 13:38:00,5.53,242.37,0.37,26.0
2021-08-20 13:40:00,5.57,242.48,0.28,26.0
2021-08-20 13:44:00,5.62,242.54,0.35,25.99
2021-08-20 13:46:00,5.8,242.53,0.28,25.99
2021-08-20 13:48:00,5.8,242.75,0.28,25.98
2021-08-20 13:50:00,5.59,243.05,0.38,25.99
2021-08-20 13:52:00,5.800000000000001,243.74,0.28,25.98
2021-08-20 13:54:00,5.63,244.27,0.3,25.98
2021-08-20 13:56:00,5.76,242.03,0.33,25.99
2021-08-20 13:58:00,5.63,243.04,0.33,25.99
2021-08-20 14:00:00,5.75,244.05,0.33,25.99
2021-08-20 14:02:00,5.58,242.68,0.27,26.0
2021-08-20 14:06:00,5.65,243.7,0.32,25.95
2021-08-20 14:08:00,5.71,241.07,0.37,25.95
2021-08-20 14:10:00,5.58,241.87,0.27,25.95
2021-08-20 14:12:00,5.85,242.2,0.23,25.95
2021-08-20 14:14:00,4.91,241.61,0.1,25.95
2021-08-20 14:16:00,4.87,239.57,0.05,25.95
2021-08-20 14:18:00,5.68,241.69,0.29,25.95
2021-08-20 14:20:00,5.73,241.32,0.35,25.95
2021-08-20 14:22:00,5.66,241.29,0.34,25.95
2021-08-20 14:24:00,5.73,240.31,0.27,25.95
2021-08-20 14:26:00,5.49,240.77,0.24,25.95
2021-08-20 14:28:00,5.57,239.49,0.33,25.95
2021-08-20 14:32:00,5.779999999999999,241.01,0.29,25.96
2021-08-20 14:36:00,5.74,241.84,0.3,25.97
2021-08-20 14:38:00,5.87,240.35,0.25,25.96
2021-08-20 14:40:00,5.52,242.34,0.26,25.96
2021-08-20 14:42:00,5.76,240.78,0.34,25.96
2021-08-20 14:44:00,5.73,240.55,0.37,25.96
2021-08-20 14:46:00,5.6,240.19,0.36,25.96
2021-08-20 14:48:00,5.66,240.88,0.33,25.99
2021-08-20 14:50:00,5.779999999999999,240.58,0.31,25.99
2021-08-20 14:52:00,5.6,241.81,0.27,25.99
2021-08-20 14:54:00,5.52,241.07,0.27,25.99
2021-08-20 14:56:00,5.01,241.86,-0.01,25.99
2021-08-20 14:58:00,5.76,240.72,0.35,25.99
2021-08-20 15:00:00,5.92,240.41,0.34,25.99
2021-08-20 15:02:00,5.83,240.65,0.31,25.99
2021-08-20 15:04:00,5.43,240.39,0.28,25.99
2021-08-20 15:06:00,5.680000000000001,241.04,0.26,25.99
2021-08-20 15:08:00,5.63,240.74,0.26,25.99
2021-08-20 15:10:00,5.7,241.18,0.35,25.99
2021-08-20 15:12:00,5.71,242.8,0.36,25.99
2021-08-20 15:14:00,5.9,241.38,0.35,25.99
2021-08-20 15:16:00,5.700000000000001,241.54,0.36,25.99
2021-08-20 15:18:00,5.790000000000001,240.22,0.32,25.99
2021-08-20 15:20:00,5.8,239.78,0.36,25.99
2021-08-20 15:22:00,5.74,240.7,0.35,25.99
2021-08-20 15:24:00,5.949999999999999,239.93,0.35,25.99
2021-08-20 15:26:00,5.68,240.33,0.29,25.99
2021-08-20 15:28:00,5.709999999999999,244.26,0.32,25.99
2021-08-20 15:30:00,5.75,244.7,0.27,25.97
2021-08-20 15:32:00,5.73,243.62,0.26,25.97
2021-08-20 15:34:00,5.61,243.39,0.31,25.97
2021-08-20 15:36:00,5.0,244.72,0.02,25.97
2021-08-20 15:38:00,4.84,244.58,0.04,25.98
2021-08-20 15:40:00,5.64,242.74,0.29,25.97
2021-08-20 15:42:00,5.73,242.82,0.31,25.98
2021-08-20 15:44:00,5.540000000000001,241.69,0.3,25.97
2021-08-20 15:46:00,5.38,243.4,0.25,25.97
2021-08-20 15:48:00,5.88,243.28,0.29,25.96
2021-08-20 15:50:00,5.48,244.39,0.33,25.96
2021-08-20 15:52:00,5.79,243.43,0.32,25.96
2021-08-20 15:54:00,5.43,243.49,0.3,25.96
2021-08-20 15:56:00,4.89,242.95,0.04,25.96
2021-08-20 16:00:00,5.4,244.72,0.3,25.96
2021-08-20 16:02:00,5.78,242.33,0.33,25.96
2021-08-20 16:04:00,5.69,243.15,0.31,25.96
2021-08-20 16:06:00,5.53,242.05,0.34,25.96
2021-08-20 16:08:00,5.67,243.49,0.36,25.96
2021-08-20 16:10:00,5.68,242.97,0.28,25.96
2021-08-20 16:12:00,5.62,242.76,0.38,25.96
2021-08-20 16:14:00,5.44,242.19,0.29,25.96
2021-08-20 16:16:00,5.03,243.62,0.09,25.96
2021-08-20 16:18:00,4.86,244.08,0.08,25.96
2021-08-20 16:20:00,5.59,242.86,0.33,25.96
2021-08-20 16:22:00,5.720000000000001,243.45,0.3,25.96
2021-08-20 16:24:00,5.510000000000001,242.77,0.29,25.96
2021-08-20 16:26:00,5.840000000000001,244.19,0.31,25.96
2021-08-20 16:28:00,5.66,242.67,0.35,25.96
2021-08-20 16:32:00,5.590000000000001,244.94,0.33,25.97
2021-08-20 16:36:00,5.85,244.77,0.31,25.97
2021-08-20 16:38:00,5.69,241.24,0.28,25.97
2021-08-20 16:40:00,5.71,240.63,0.31,25.97
2021-08-20 16:42:00,5.720000000000001,240.88,0.28,25.97
2021-08-20 16:44:00,5.93,242.53,0.32,25.97
2021-08-20 16:46:00,5.51,240.67,0.25,25.97
2021-08-20 16:48:00,5.81,242.4,0.29,25.97
2021-08-20 16:50:00,40.2,239.02,0.55,25.97
2021-08-20 16:54:00,5.69,240.86,0.35,25.98
2021-08-20 16:56:00,5.609999999999999,240.47,0.34,25.98
2021-08-20 16:58:00,5.73,241.48,0.3,25.98
2021-08-20 17:00:00,5.59,242.12,0.35,25.98
2021-08-20 17:02:00,5.8100000000000005,240.0,0.35,25.98
2021-08-20 17:04:00,5.73,240.8,0.26,25.99
2021-08-20 17:06:00,5.55,241.29,0.3,25.99
2021-08-20 17:08:00,5.53,243.06,0.29,25.98
2021-08-20 17:10:00,5.83,241.31,0.35,25.97
2021-08-20 17:12:00,5.609999999999999,241.19,0.35,25.97
2021-08-20 17:14:00,5.55,240.59,0.35,25.97
2021-08-20 17:16:00,5.73,242.02,0.33,25.97
2021-08-20 17:18:00,5.53,242.59,0.34,25.97
2021-08-20 17:20:00,5.53,241.55,0.3,25.97
2021-08-20 17:22:00,5.709999999999999,242.66,0.35,25.97
2021-08-20 17:24:00,5.53,244.07,0.3,25.97
2021-08-20 17:26:00,5.640000000000001,243.55,0.28,25.97
2021-08-20 17:28:00,5.57,243.85,0.3,25.97
2021-08-20 17:30:00,5.77,243.65,0.31,25.99
2021-08-20 17:32:00,5.67,243.85,0.36,25.99
2021-08-20 17:34:00,5.85,244.33,0.32,25.97
2021-08-20 17:36:00,5.8500000000000005,244.05,0.28,25.97
2021-08-20 17:38:00,5.58,241.68,0.28,25.97
2021-08-20 17:40:00,5.819999999999999,241.48,0.3,25.97
2021-08-20 17:42:00,5.8500000000000005,241.88,0.34,25.97
2021-08-20 17:44:00,4.94,242.35,0.01,25.97
2021-08-20 17:48:00,5.6000000000000005,240.36,0.37,25.97
2021-08-20 17:50:00,4.81,240.05,0.02,25.97
2021-08-20 17:52:00,4.84,240.55,0.09,25.97
2021-08-20 17:54:00,5.48,240.24,0.28,25.97
2021-08-20 17:56:00,5.709999999999999,241.16,0.34,25.97
2021-08-20 17:58:00,5.53,242.15,0.36,25.97
2021-08-20 18:00:00,5.630000000000001,241.58,0.37,25.97
2021-08-20 18:02:00,5.8100000000000005,242.24,0.28,25.97
2021-08-20 18:04:00,5.66,243.46,0.35,25.97
2021-08-20 18:06:00,5.76,243.15,0.36,25.97
2021-08-20 18:08:00,5.76,241.84,0.29,25.97
2021-08-20 18:10:00,4.67,242.72,0.14,25.97
2021-08-20 18:12:00,4.67,243.02,0.02,25.97
2021-08-20 18:14:00,5.74,244.1,0.36,25.97
2021-08-20 18:18:00,5.59,244.05,0.34,26.0
2021-08-20 18:20:00,5.9,243.08,0.37,26.01
2021-08-20 18:22:00,5.609999999999999,242.65,0.31,26.0
2021-08-20 18:24:00,5.59,243.96,0.34,25.97
2021-08-20 18:26:00,5.65,243.77,0.3,25.97
2021-08-20 18:30:00,5.540000000000001,242.89,0.3,26.0
2021-08-20 18:32:00,5.5600000000000005,243.77,0.31,25.99
2021-08-20 18:34:00,5.65,243.37,0.34,25.99
2021-08-20 18:36:00,5.66,244.64,0.35,25.99
2021-08-20 18:38:00,5.48,246.1,0.32,25.99
2021-08-20 18:40:00,5.79,242.03,0.33,25.99
2021-08-20 18:42:00,5.529999999999999,242.94,0.26,25.99
2021-08-20 18:44:00,75.74,238.91,0.77,25.99
2021-08-20 18:46:00,5.74,241.7,0.27,25.99
2021-08-20 18:48:00,5.75,243.65,0.39,25.99
2021-08-20 18:50:00,5.75,241.24,0.31,25.99
2021-08-20 18:52:00,5.719999999999999,240.86,0.36,25.99
2021-08-20 18:54:00,5.73,240.52,0.28,25.99
2021-08-20 18:56:00,5.96,242.48,0.36,25.99
2021-08-20 18:58:00,5.87,240.67,0.25,25.99
2021-08-20 19:00:00,5.48,241.32,0.26,25.99
2021-08-20 19:02:00,5.7,241.57,0.27,25.99
2021-08-20 19:04:00,5.62,243.42,0.33,25.99
2021-08-20 19:06:00,5.819999999999999,242.57,0.34,25.99
2021-08-20 19:08:00,5.7,243.18,0.32,25.99
2021-08-20 19:10:00,5.49,241.35,0.33,25.99
2021-08-20 19:12:00,5.590000000000001,242.84,0.3,25.99
2021-08-20 19:14:00,5.64,243.66,0.25,25.99
2021-08-20 19:18:00,5.79,243.2,0.31,25.99
2021-08-20 19:20:00,5.7700000000000005,239.23,0.29,25.99
2021-08-20 19:22:00,5.71,238.95,0.3,25.99
2021-08-20 19:24:00,5.55,240.22,0.3,25.99
2021-08-20 19:26:00,5.03,242.5,0.04,25.99
2021-08-20 19:28:00,5.82,243.69,0.36,25.99
2021-08-20 19:30:00,5.800000000000001,241.04,0.33,26.01
2021-08-20 19:32:00,5.720000000000001,240.87,0.35,26.01
2021-08-20 19:34:00,5.609999999999999,241.58,0.3,26.01
2021-08-20 19:36:00,5.78,240.76,0.28,26.0
2021-08-20 19:38:00,5.64,241.07,0.25,26.01
2021-08-20 19:40:00,5.5600000000000005,243.68,0.3,26.0
2021-08-20 19:42:00,5.629999999999999,243.44,0.34,26.01
2021-08-20 19:44:00,5.6,244.21,0.32,26.01
2021-08-20 19:46:00,5.65,241.77,0.34,26.01
2021-08-20 19:48:00,5.9,242.12,0.36,26.01
2021-08-20 19:50:00,5.81,241.48,0.34,26.01
2021-08-20 19:52:00,5.79,243.1,0.35,26.01
2021-08-20 19:54:00,5.890000000000001,244.18,0.27,26.01
2021-08-20 19:56:00,5.69,244.42,0.27,26.01
2021-08-20 19:58:00,5.65,242.91,0.32,26.01
2021-08-20 20:00:00,5.7,243.11,0.26,26.01
2021-08-20 20:02:00,5.699999999999999,244.49,0.31,26.0
2021-08-20 20:04:00,5.93,244.36,0.36,26.0
2021-08-20 20:06:00,5.659999999999999,244.18,0.26,26.0
2021-08-20 20:10:00,5.72,242.53,0.27,26.0
2021-08-20 20:12:00,6.03,243.65,0.35,26.0
2021-08-20 20:14:00,5.69,244.14,0.28,26.0
2021-08-20 20:16:00,5.73,242.14,0.35,26.0
2021-08-20 20:18:00,5.74,242.55,0.35,26.0
2021-08-20 20:20:00,5.63,242.51,0.29,26.0
2021-08-20 20:22:00,5.630000000000001,242.33,0.26,26.0
2021-08-20 20:24:00,5.44,242.79,0.35,26.0
2021-08-20 20:26:00,5.55,241.73,0.28,26.0
2021-08-20 20:28:00,5.890000000000001,240.97,0.33,26.0
2021-08-20 20:32:00,5.7700000000000005,242.95,0.28,26.03
2021-08-20 20:36:00,5.49,244.23,0.3,26.02
2021-08-20 20:38:00,5.78,241.84,0.34,26.02
2021-08-20 20:40:00,5.550000000000001,243.19,0.31,26.02
2021-08-20 20:42:00,5.64,244.64,0.36,26.02
2021-08-20 20:44:00,5.8,243.74,0.29,26.02
2021-08-20 20:46:00,5.89,245.13,0.27,26.02
2021-08-20 20:48:00,5.65,244.62,0.28,26.02
2021-08-20 20:50:00,5.699999999999999,245.32,0.38,26.01
2021-08-20 20:52:00,5.82,244.11,0.26,26.02
2021-08-20 20:54:00,5.66,244.09,0.32,26.03
2021-08-20 20:56:00,5.61,243.75,0.29,26.03
2021-08-20 20:58:00,5.42,244.12,0.34,26.01
2021-08-20 21:00:00,5.580000000000001,244.07,0.35,26.01
2021-08-20 21:02:00,5.699999999999999,243.68,0.29,26.01
2021-08-20 21:04:00,5.640000000000001,244.4,0.3,26.01
2021-08-20 21:06:00,4.8,243.31,0.11,26.01
2021-08-20 21:08:00,4.93,243.68,0.03,26.01
2021-08-20 21:10:00,5.72,243.87,0.36,26.01
2021-08-20 21:12:00,5.44,243.54,0.34,26.01
2021-08-20 21:14:00,5.8100000000000005,243.74,0.3,26.01
2021-08-20 21:16:00,5.74,243.68,0.33,26.01
2021-08-20 21:18:00,5.48,243.69,0.3,26.01
2021-08-20 21:20:00,5.45,243.93,0.31,26.01
2021-08-20 21:24:00,5.72,242.87,0.36,26.01
2021-08-20 21:26:00,5.779999999999999,242.5,0.33,26.01
2021-08-20 21:28:00,5.94,242.71,0.35,26.01
2021-08-20 21:30:00,5.59,243.09,0.32,26.04
2021-08-20 21:32:00,5.72,242.59,0.35,26.04
2021-08-20 21:34:00,5.55,243.89,0.29,26.04
2021-08-20 21:36:00,5.67,242.39,0.39,26.04
2021-08-20 21:38:00,5.73,244.15,0.32,26.05
2021-08-20 21:40:00,5.66,243.83,0.28,26.05
2021-08-20 21:42:00,5.629999999999999,242.33,0.36,26.06
2021-08-20 21:44:00,5.88,242.34,0.32,26.05
2021-08-20 21:46:00,5.08,242.89,0.1,26.05
2021-08-20 21:48:00,5.58,242.67,0.27,26.03
2021-08-20 21:52:00,5.79,242.23,0.27,26.05
2021-08-20 21:54:00,5.65,244.28,0.3,26.03
2021-08-20 21:56:00,5.8100000000000005,243.12,0.32,26.05
2021-08-20 21:58:00,5.98,243.32,0.33,26.05
2021-08-20 22:00:00,5.8100000000000005,242.78,0.28,26.03
2021-08-20 22:02:00,5.61,242.95,0.33,26.03
2021-08-20 22:04:00,5.74,242.14,0.29,26.02
2021-08-20 22:06:00,5.01,243.97,0.09,26.03
2021-08-20 22:08:00,5.94,242.39,0.33,26.03
2021-08-20 22:14:00,5.75,242.64,0.31,26.06
2021-08-20 22:18:00,5.7700000000000005,243.46,0.3,26.06
2021-08-20 22:20:00,5.88,243.56,0.32,26.07
2021-08-20 22:22:00,5.82,243.27,0.34,26.06
2021-08-20 22:24:00,5.73,243.55,0.32,26.06
2021-08-20 22:26:00,5.47,243.8,0.31,26.06
2021-08-20 22:28:00,5.79,243.93,0.31,26.07
2021-08-20 22:30:00,5.7,245.09,0.36,26.1
2021-08-20 22:32:00,5.58,243.04,0.32,26.06
2021-08-20 22:34:00,5.62,244.63,0.34,26.06
2021-08-20 22:36:00,5.53,244.45,0.31,26.06
2021-08-20 22:38:00,5.62,243.51,0.31,26.04
2021-08-20 22:40:00,5.8,243.06,0.37,26.04
2021-08-20 22:44:00,5.69,242.89,0.36,26.04
2021-08-20 22:46:00,5.63,244.33,0.27,26.04
2021-08-20 22:48:00,5.99,242.73,0.29,26.04
2021-08-20 22:50:00,5.58,242.43,0.32,26.04
2021-08-20 22:52:00,5.69,242.51,0.33,26.04
2021-08-20 22:54:00,5.819999999999999,244.4,0.28,26.04
2021-08-20 22:56:00,5.87,242.52,0.35,26.04
2021-08-20 22:58:00,5.74,243.1,0.35,26.04
2021-08-20 23:00:00,5.68,243.63,0.33,26.04
2021-08-20 23:02:00,5.699999999999999,242.53,0.34,26.04
2021-08-20 23:04:00,5.76,243.67,0.25,26.04
2021-08-20 23:06:00,5.86,242.85,0.34,26.04
2021-08-20 23:08:00,5.73,243.62,0.31,26.04
2021-08-20 23:12:00,5.549999999999999,243.7,0.27,26.04
2021-08-20 23:14:00,5.69,243.5,0.27,26.04
2021-08-20 23:16:00,5.699999999999999,243.02,0.27,26.04
2021-08-20 23:18:00,5.52,243.97,0.33,26.04
2021-08-20 23:20:00,4.96,241.72,0.11,26.04
2021-08-20 23:22:00,5.82,244.49,0.35,26.04
2021-08-20 23:24:00,5.790000000000001,243.81,0.37,26.04
2021-08-20 23:26:00,5.609999999999999,244.84,0.27,26.04
2021-08-20 23:28:00,5.62,242.89,0.31,26.04
2021-08-20 23:30:00,5.49,243.3,0.3,26.1
2021-08-20 23:32:00,5.56,242.47,0.3,26.1
2021-08-20 23:34:00,4.93,243.35,0.07,26.1
2021-08-20 23:36:00,5.64,243.34,0.38,26.1
2021-08-20 23:38:00,5.720000000000001,243.64,0.35,26.1
2021-08-20 23:44:00,5.720000000000001,242.11,0.36,26.1
2021-08-20 23:46:00,5.85,240.47,0.31,26.1
2021-08-20 23:48:00,5.48,243.13,0.24,26.1
2021-08-20 23:50:00,5.99,241.94,0.32,26.1
2021-08-20 23:52:00,5.57,242.82,0.32,26.1
2021-08-20 23:54:00,5.78,241.88,0.29,26.1
2021-08-20 23:56:00,5.77,242.64,0.35,26.1
2021-08-20 23:58:00,5.63,241.9,0.26,26.1
2021-08-21 00:00:00,5.58,240.63,0.32,26.1
2021-08-21 00:02:00,5.65,242.21,0.32,26.09
2021-08-21 00:04:00,5.71,240.23,0.36,26.1
2021-08-21 00:06:00,5.6,241.12,0.3,26.1
2021-08-21 00:08:00,5.79,241.04,0.36,26.1
2021-08-21 00:10:00,5.69,240.85,0.35,26.09
2021-08-21 00:12:00,5.69,242.32,0.32,26.09
2021-08-21 00:14:00,5.61,240.77,0.3,26.06
2021-08-21 00:16:00,5.5,241.72,0.31,26.06
2021-08-21 00:18:00,5.56,242.07,0.27,26.06
2021-08-21 00:20:00,5.8100000000000005,240.99,0.35,26.06
2021-08-21 00:22:00,5.78,242.79,0.34,26.06
2021-08-21 00:24:00,5.67,241.92,0.32,26.06
2021-08-21 00:26:00,5.76,241.65,0.35,26.06
2021-08-21 00:28:00,5.840000000000001,242.74,0.29,26.06
2021-08-21 00:32:00,4.91,241.66,0.07,26.13
2021-08-21 00:36:00,5.67,242.13,0.3,26.1
2021-08-21 00:38:00,5.43,243.28,0.29,26.1
2021-08-21 00:40:00,5.6,241.57,0.34,26.1
2021-08-21 00:42:00,5.7700000000000005,241.48,0.36,26.1
2021-08-21 00:44:00,5.47,241.72,0.37,26.1
2021-08-21 00:46:00,5.71,241.61,0.35,26.1
2021-08-21 00:48:00,5.76,242.77,0.3,26.1
2021-08-21 00:50:00,5.54,243.04,0.29,26.1
2021-08-21 00:52:00,5.79,242.85,0.36,26.1
2021-08-21 00:54:00,5.63,241.97,0.3,26.1
2021-08-21 00:56:00,5.54,240.92,0.34,26.1
2021-08-21 00:58:00,5.859999999999999,245.1,0.3,26.1
2021-08-21 01:00:00,5.85,245.04,0.34,26.1
2021-08-21 01:02:00,5.67,244.65,0.36,26.1
2021-08-21 01:04:00,5.8,244.22,0.29,26.1
2021-08-21 01:06:00,5.6,244.5,0.35,26.1
2021-08-21 01:08:00,5.65,242.92,0.35,26.1
2021-08-21 01:10:00,5.71,243.27,0.29,26.1
2021-08-21 01:12:00,5.63,243.26,0.33,26.1
2021-08-21 01:14:00,5.619999999999999,242.26,0.31,26.1
2021-08-21 01:16:00,5.69,244.09,0.26,26.1
2021-08-21 01:18:00,5.68,243.34,0.35,26.1
2021-08-21 01:20:00,5.71,243.57,0.36,26.1
2021-08-21 01:22:00,5.76,243.0,0.28,26.1
2021-08-21 01:24:00,5.81,242.53,0.33,26.1
2021-08-21 01:26:00,5.76,243.28,0.27,26.1
2021-08-21 01:28:00,5.65,245.08,0.27,26.1
2021-08-21 01:30:00,5.48,244.02,0.29,26.13
2021-08-21 01:32:00,5.790000000000001,244.35,0.32,26.13
2021-08-21 01:38:00,5.49,242.76,0.31,26.13
2021-08-21 01:40:00,5.46,243.55,0.27,26.13
2021-08-21 01:42:00,5.72,240.97,0.28,26.13
2021-08-21 01:44:00,5.609999999999999,240.93,0.34,26.14
2021-08-21 01:46:00,5.84,240.08,0.31,26.14
2021-08-21 01:48:00,5.780000000000001,242.92,0.25,26.14
2021-08-21 01:50:00,4.92,240.12,0.1,26.14
2021-08-21 01:52:00,5.89,243.77,0.35,26.14
2021-08-21 01:54:00,5.93,243.07,0.33,26.15
2021-08-21 01:56:00,5.59,243.36,0.33,26.11
2021-08-21 01:58:00,5.87,242.67,0.36,26.11
2021-08-21 02:00:00,5.680000000000001,244.19,0.32,26.1
2021-08-21 02:02:00,5.44,244.24,0.25,26.1
2021-08-21 02:04:00,5.51,243.99,0.34,26.1
2021-08-21 02:06:00,5.699999999999999,243.97,0.36,26.1
2021-08-21 02:08:00,5.72,243.5,0.33,26.1
2021-08-21 02:10:00,5.5600000000000005,243.27,0.28,26.1
2021-08-21 02:12:00,5.53,243.11,0.25,26.1
2021-08-21 02:14:00,5.71,243.08,0.38,26.1
2021-08-21 02:16:00,5.86,243.63,0.37,26.1
2021-08-21 02:18:00,5.77,244.86,0.32,26.1
2021-08-21 02:20:00,5.62,244.37,0.37,26.1
2021-08-21 02:22:00,5.0,245.54,0.13,26.1
2021-08-21 02:24:00,4.73,244.44,0.05,26.1
2021-08-21 02:26:00,5.49,244.95,0.33,26.1
2021-08-21 02:28:00,5.86,244.13,0.35,26.1
2021-08-21 02:30:00,5.640000000000001,244.45,0.34,26.21
2021-08-21 02:32:00,5.66,244.32,0.39,26.19
2021-08-21 02:34:00,5.83,245.09,0.34,26.2
2021-08-21 02:36:00,5.670000000000001,243.41,0.35,26.12
2021-08-21 02:38:00,5.66,243.09,0.27,26.13
2021-08-21 02:40:00,5.83,242.88,0.35,26.13
2021-08-21 02:42:00,5.56,242.59,0.35,26.13
2021-08-21 02:44:00,5.76,242.98,0.28,26.13
2021-08-21 02:48:00,5.57,243.49,0.31,26.13
2021-08-21 02:50:00,5.49,243.06,0.28,26.13
2021-08-21 02:52:00,5.86,244.63,0.37,26.13
2021-08-21 02:54:00,6.0,244.38,0.32,26.13
2021-08-21 02:56:00,5.59,241.74,0.26,26.13
2021-08-21 02:58:00,5.62,242.52,0.3,26.13
2021-08-21 03:00:00,5.82,241.21,0.29,26.13
2021-08-21 03:02:00,5.52,240.63,0.28,26.13
2021-08-21 03:04:00,5.6,240.47,0.28,26.13
2021-08-21 03:06:00,5.58,240.4,0.31,26.13
2021-08-21 03:08:00,5.34,243.72,0.37,26.13
2021-08-21 03:10:00,5.75,243.69,0.31,26.13
2021-08-21 03:12:00,5.74,243.69,0.31,26.13
2021-08-21 03:14:00,5.68,241.94,0.27,26.13
2021-08-21 03:16:00,5.58,242.32,0.3,26.13
2021-08-21 03:18:00,5.77,242.31,0.3,26.13
2021-08-21 03:20:00,5.66,243.14,0.27,26.13
2021-08-21 03:22:00,5.75,241.04,0.39,26.13
2021-08-21 03:24:00,5.72,242.85,0.38,26.13
2021-08-21 03:26:00,5.74,241.28,0.32,26.13
2021-08-21 03:28:00,5.75,242.56,0.27,26.13
2021-08-21 03:34:00,5.91,240.41,0.36,26.21
2021-08-21 03:38:00,5.71,242.5,0.33,26.22
2021-08-21 03:40:00,5.59,240.07,0.28,26.21
2021-08-21 03:42:00,5.74,240.23,0.28,26.21
2021-08-21 03:46:00,5.65,239.3,0.35,26.21
2021-08-21 03:48:00,5.67,245.49,0.36,26.21
2021-08-21 03:50:00,5.82,243.7,0.26,26.21
2021-08-21 03:52:00,5.59,244.46,0.35,26.21
2021-08-21 03:54:00,5.78,242.74,0.28,26.21
2021-08-21 03:56:00,4.88,244.62,0.09,26.21
2021-08-21 03:58:00,5.7,244.33,0.29,26.21
2021-08-21 04:00:00,5.83,244.05,0.28,26.21
2021-08-21 04:02:00,5.65,243.06,0.3,26.21
2021-08-21 04:04:00,5.58,244.82,0.3,26.22
2021-08-21 04:06:00,5.819999999999999,243.29,0.29,26.24
2021-08-21 04:08:00,5.45,240.49,0.33,26.24
2021-08-21 04:12:00,5.760000000000001,238.71,0.34,26.24
2021-08-21 04:14:00,5.55,243.05,0.31,26.24
2021-08-21 04:16:00,4.91,242.48,0.09,26.22
2021-08-21 04:18:00,4.95,240.78,0.06,26.24
2021-08-21 04:20:00,5.59,241.73,0.28,26.25
2021-08-21 04:22:00,5.53,242.08,0.28,26.24
2021-08-21 04:24:00,4.779999999999999,241.36,0.0,26.25
2021-08-21 04:26:00,5.69,243.18,0.29,26.26
2021-08-21 04:28:00,5.67,243.06,0.31,26.26
2021-08-21 04:32:00,5.65,241.91,0.34,26.27
2021-08-21 04:36:00,5.7,244.54,0.28,26.21
2021-08-21 04:38:00,5.710000000000001,242.7,0.28,26.21
2021-08-21 04:40:00,5.74,242.41,0.32,26.21
2021-08-21 04:42:00,5.69,240.04,0.31,26.21
2021-08-21 04:46:00,5.58,239.57,0.31,26.29
2021-08-21 04:48:00,5.6,240.87,0.29,26.3
2021-08-21 04:50:00,5.65,239.45,0.3,26.3
2021-08-21 04:52:00,4.72,241.02,0.03,26.31
2021-08-21 04:54:00,4.97,241.1,0.03,26.3
2021-08-21 04:56:00,5.819999999999999,243.11,0.36,26.3
2021-08-21 04:58:00,5.640000000000001,241.68,0.37,26.3
2021-08-21 05:00:00,5.699999999999999,239.99,0.33,26.28
2021-08-21 05:02:00,5.78,239.55,0.35,26.21
2021-08-21 05:04:00,5.5600000000000005,240.38,0.32,26.21
2021-08-21 05:06:00,4.98,241.74,-0.03,26.21
2021-08-21 05:08:00,4.94,241.44,0.12,26.21
2021-08-21 05:10:00,5.61,242.52,0.28,26.21
2021-08-21 05:12:00,5.74,241.61,0.29,26.21
2021-08-21 05:14:00,5.79,241.7,0.28,26.21
2021-08-21 05:16:00,5.739999999999999,240.29,0.33,26.22
2021-08-21 05:18:00,5.76,240.68,0.34,26.22
2021-08-21 05:22:00,5.45,240.4,0.26,26.21
2021-08-21 05:24:00,5.71,240.05,0.36,26.21
2021-08-21 05:26:00,5.7,240.6,0.33,26.22
2021-08-21 05:28:00,5.48,242.43,0.34,26.22
2021-08-21 05:30:00,5.69,241.97,0.28,26.27
2021-08-21 05:32:00,5.75,241.12,0.29,26.26
2021-08-21 05:34:00,4.86,240.74,0.01,26.27
2021-08-21 05:36:00,4.85,240.93,0.07,26.27
2021-08-21 05:38:00,5.609999999999999,242.35,0.3,26.28
2021-08-21 05:40:00,5.58,240.81,0.3,26.28
2021-08-21 05:42:00,5.48,239.18,0.31,26.26
2021-08-21 05:44:00,5.78,239.8,0.28,26.27
2021-08-21 05:46:00,5.49,239.78,0.34,26.27
2021-08-21 05:48:00,5.550000000000001,239.9,0.3,26.27
2021-08-21 05:50:00,5.46,238.97,0.28,26.27
2021-08-21 05:52:00,5.71,237.88,0.31,26.27
2021-08-21 05:58:00,5.859999999999999,240.92,0.3,26.26
2021-08-21 06:00:00,5.52,241.75,0.29,26.26
2021-08-21 06:02:00,5.65,241.7,0.34,26.26
2021-08-21 06:04:00,5.699999999999999,240.04,0.29,26.27
2021-08-21 06:06:00,5.54,240.37,0.3,26.27
2021-08-21 06:08:00,5.7,238.59,0.29,26.27
2021-08-21 06:10:00,5.86,237.78,0.33,26.27
2021-08-21 06:12:00,5.69,238.13,0.31,26.27
2021-08-21 06:14:00,5.74,239.28,0.34,26.27
2021-08-21 06:18:00,5.51,238.73,0.31,26.26
2021-08-21 06:20:00,5.78,238.9,0.33,26.26
2021-08-21 06:22:00,5.76,238.38,0.24,26.27
2021-08-21 06:24:00,5.640000000000001,238.13,0.39,26.27
2021-08-21 06:26:00,5.64,238.15,0.35,26.27
2021-08-21 06:28:00,5.66,239.39,0.27,26.27
2021-08-21 06:30:00,5.74,237.21,0.36,26.35
2021-08-21 06:32:00,5.640000000000001,238.65,0.27,26.26
2021-08-21 06:34:00,5.739999999999999,239.62,0.32,26.26
2021-08-21 06:36:00,5.49,238.52,0.26,26.26
2021-08-21 06:38:00,5.62,237.85,0.34,26.26
2021-08-21 06:40:00,5.7700000000000005,239.7,0.35,26.26
2021-08-21 06:42:00,5.53,239.91,0.28,26.26
2021-08-21 06:44:00,5.629999999999999,239.03,0.36,26.26
2021-08-21 06:46:00,5.84,239.68,0.31,26.26
2021-08-21 06:50:00,5.7,239.83,0.27,26.27
2021-08-21 06:52:00,5.75,240.59,0.3,26.27
2021-08-21 06:54:00,4.86,241.1,0.1,26.28
2021-08-21 06:56:00,4.71,239.5,0.04,26.28
2021-08-21 06:58:00,6.01,241.08,0.37,26.3
2021-08-21 07:00:00,5.68,240.6,0.27,26.3
2021-08-21 07:02:00,5.66,240.85,0.29,26.3
2021-08-21 07:04:00,5.78,240.24,0.36,26.3
2021-08-21 07:06:00,5.69,240.31,0.29,26.3
2021-08-21 07:08:00,4.76,239.74,0.09,26.3
2021-08-21 07:10:00,5.0600000000000005,239.33,0.06,26.3
2021-08-21 07:12:00,5.82,239.7,0.27,26.3
2021-08-21 07:14:00,5.72,239.38,0.3,26.3
2021-08-21 07:16:00,5.76,238.97,0.3,26.3
2021-08-21 07:18:00,5.909999999999999,239.16,0.34,26.3
2021-08-21 07:20:00,5.47,239.6,0.31,26.3
2021-08-21 07:22:00,5.59,241.49,0.3,26.3
2021-08-21 07:24:00,4.959999999999999,241.2,0.07,26.3
2021-08-21 07:26:00,5.01,242.78,0.12,26.3
2021-08-21 07:28:00,5.670000000000001,243.1,0.31,26.3
2021-08-21 07:30:00,5.49,243.02,0.29,26.44
2021-08-21 07:32:00,5.5600000000000005,244.69,0.27,26.35
2021-08-21 07:34:00,5.5,246.07,0.28,26.35
2021-08-21 07:36:00,5.58,243.54,0.34,26.35
2021-08-21 07:38:00,5.58,243.47,0.33,26.35
2021-08-21 07:42:00,5.77,244.1,0.33,26.36
2021-08-21 07:44:00,5.72,244.5,0.34,26.36
2021-08-21 07:48:00,5.71,244.88,0.32,26.36
2021-08-21 07:50:00,5.699999999999999,242.71,0.31,26.37
2021-08-21 07:52:00,5.77,242.23,0.3,26.37
2021-08-21 07:54:00,5.609999999999999,241.04,0.28,26.37
2021-08-21 07:56:00,5.71,244.13,0.34,26.37
2021-08-21 07:58:00,5.67,244.11,0.3,26.37
2021-08-21 08:00:00,5.58,245.23,0.36,26.37
2021-08-21 08:02:00,5.859999999999999,244.17,0.29,26.37
2021-08-21 08:04:00,5.57,243.47,0.23,26.37
2021-08-21 08:06:00,5.5600000000000005,242.81,0.35,26.37
2021-08-21 08:08:00,5.620000000000001,243.04,0.33,26.37
2021-08-21 08:10:00,5.83,243.35,0.26,26.37
2021-08-21 08:12:00,5.68,243.08,0.3,26.37
2021-08-21 08:16:00,5.69,242.58,0.33,26.37
2021-08-21 08:18:00,5.819999999999999,241.99,0.39,26.37
2021-08-21 08:20:00,5.48,243.1,0.27,26.37
2021-08-21 08:22:00,5.58,243.65,0.31,26.37
2021-08-21 08:24:00,5.63,242.48,0.32,26.37
2021-08-21 08:26:00,74.29,241.16,0.77,26.37
2021-08-21 08:28:00,4.8100000000000005,242.79,0.05,26.37
2021-08-21 08:32:00,5.57,243.63,0.33,26.42
2021-08-21 08:36:00,5.49,242.82,0.26,26.44
2021-08-21 08:38:00,5.5,242.06,0.35,26.44
2021-08-21 08:40:00,5.42,241.07,0.34,26.44
2021-08-21 08:42:00,5.84,241.81,0.29,26.44
2021-08-21 08:44:00,5.61,241.05,0.37,26.44
2021-08-21 08:46:00,5.359999999999999,239.1,0.25,26.44
2021-08-21 08:48:00,5.67,241.43,0.3,26.44
2021-08-21 08:50:00,5.72,240.59,0.34,26.44
2021-08-21 08:52:00,5.890000000000001,240.87,0.34,26.44
2021-08-21 08:54:00,5.75,236.51,0.32,26.44
2021-08-21 08:56:00,5.51,242.1,0.33,26.44
2021-08-21 08:58:00,5.39,243.0,0.32,26.44
2021-08-21 09:00:00,5.670000000000001,242.01,0.27,26.44
2021-08-21 09:02:00,5.35,240.78,0.29,26.44
2021-08-21 09:04:00,5.78,241.97,0.32,26.44
2021-08-21 09:06:00,5.8,242.71,0.33,26.44
2021-08-21 09:08:00,5.55,242.02,0.29,26.44
2021-08-21 09:10:00,5.69,240.88,0.3,26.44
2021-08-21 09:12:00,5.870000000000001,243.13,0.3,26.44
2021-08-21 09:14:00,5.62,240.14,0.33,26.44
2021-08-21 09:16:00,5.05,242.88,0.09,26.44
2021-08-21 09:18:00,4.99,242.61,0.02,26.44
2021-08-21 09:20:00,5.620000000000001,243.06,0.29,26.44
2021-08-21 09:22:00,5.85,240.81,0.34,26.44
2021-08-21 09:24:00,5.95,241.82,0.37,26.44
2021-08-21 09:26:00,5.57,243.04,0.32,26.44
2021-08-21 09:28:00,5.81,243.32,0.34,26.44
2021-08-21 09:30:00,5.59,244.28,0.28,26.48
2021-08-21 09:32:00,5.54,243.79,0.29,26.49
2021-08-21 09:34:00,5.7,243.77,0.3,26.48
2021-08-21 09:36:00,5.6,244.07,0.32,26.48
2021-08-21 09:38:00,5.44,244.99,0.29,26.48
2021-08-21 09:40:00,5.790000000000001,244.36,0.26,26.42
2021-08-21 09:42:00,5.83,242.1,0.37,26.42
2021-08-21 09:44:00,5.64,243.45,0.29,26.42
2021-08-21 09:46:00,5.69,242.62,0.36,26.42
2021-08-21 09:48:00,5.56,241.57,0.28,26.42
2021-08-21 09:50:00,4.68,242.39,0.03,26.42
2021-08-21 09:52:00,4.9,241.24,-0.02,26.42
2021-08-21 09:58:00,5.42,240.12,0.27,26.54
2021-08-21 10:00:00,5.59,243.13,0.25,26.54
2021-08-21 10:02:00,5.79,242.37,0.36,26.55
2021-08-21 10:04:00,5.36,241.84,0.33,26.56
2021-08-21 10:06:00,5.59,241.38,0.29,26.56
2021-08-21 10:08:00,5.58,241.9,0.31,26.57
2021-08-21 10:10:00,5.59,240.39,0.26,26.57
2021-08-21 10:12:00,5.67,241.7,0.35,26.57
2021-08-21 10:14:00,5.720000000000001,240.59,0.26,26.57
2021-08-21 10:18:00,5.51,240.86,0.36,26.57
2021-08-21 10:20:00,5.82,239.77,0.27,26.42
2021-08-21 10:24:00,5.78,240.16,0.27,26.59
2021-08-21 10:26:00,5.88,240.29,0.31,26.59
2021-08-21 10:28:00,5.53,240.57,0.36,26.42
2021-08-21 10:32:00,5.69,243.14,0.32,26.62
2021-08-21 10:36:00,5.67,241.56,0.29,26.48
2021-08-21 10:38:00,5.79,240.76,0.32,26.48
2021-08-21 10:40:00,5.529999999999999,240.82,0.25,26.48
2021-08-21 10:42:00,5.6000000000000005,241.69,0.29,26.48
2021-08-21 10:44:00,5.78,241.29,0.31,26.48
2021-08-21 10:46:00,5.720000000000001,240.29,0.34,26.48
2021-08-21 10:48:00,5.489999999999999,241.59,0.21,26.49
2021-08-21 10:50:00,5.73,242.04,0.31,26.49
2021-08-21 10:52:00,5.54,241.42,0.28,26.49
2021-08-21 10:54:00,5.58,240.67,0.27,26.49
2021-08-21 10:56:00,5.93,240.49,0.3,26.49
2021-08-21 10:58:00,5.53,240.35,0.36,26.49
2021-08-21 11:00:00,5.65,241.21,0.36,26.49
2021-08-21 11:02:00,5.87,240.99,0.3,26.49
2021-08-21 11:04:00,5.59,242.05,0.34,26.49
2021-08-21 11:06:00,59.16,241.15,0.75,26.49
2021-08-21 11:08:00,5.87,243.22,0.23,26.49
2021-08-21 11:10:00,5.46,242.77,0.29,26.49
2021-08-21 11:12:00,5.67,242.63,0.36,26.49
2021-08-21 11:14:00,5.65,242.69,0.3,26.49
2021-08-21 11:18:00,5.67,241.93,0.29,26.48
2021-08-21 11:20:00,5.8500000000000005,242.12,0.28,26.48
2021-08-21 11:22:00,5.85,244.31,0.36,26.48
2021-08-21 11:24:00,5.64,243.43,0.34,26.48
2021-08-21 11:26:00,5.73,242.16,0.23,26.48
2021-08-21 11:28:00,5.44,241.56,0.3,26.48
2021-08-21 11:30:00,5.48,242.95,0.25,26.62
2021-08-21 11:32:00,5.5600000000000005,243.39,0.28,26.61
2021-08-21 11:34:00,5.859999999999999,243.55,0.27,26.61
2021-08-21 11:36:00,5.46,243.01,0.29,26.61
2021-08-21 11:38:00,5.8100000000000005,243.89,0.34,26.62
2021-08-21 11:40:00,5.65,244.74,0.23,26.62
2021-08-21 11:44:00,5.640000000000001,244.93,0.34,26.6
2021-08-21 11:46:00,5.739999999999999,245.08,0.31,26.6
2021-08-21 11:48:00,4.7,245.24,0.09,26.6
2021-08-21 11:52:00,5.69,246.45,0.35,26.59
2021-08-21 11:54:00,5.52,243.82,0.38,26.6
2021-08-21 11:56:00,5.54,244.78,0.29,26.6
2021-08-21 11:58:00,5.76,245.21,0.28,26.6
2021-08-21 12:00:00,5.51,243.3,0.28,26.6
2021-08-21 12:02:00,5.76,242.22,0.31,26.6
2021-08-21 12:04:00,5.85,243.61,0.34,26.6
2021-08-21 12:08:00,5.8,242.94,0.35,26.6
2021-08-21 12:10:00,5.55,242.01,0.34,26.6
2021-08-21 12:12:00,5.72,240.81,0.31,26.6
2021-08-21 12:14:00,5.630000000000001,242.02,0.32,26.6
2021-08-21 12:16:00,5.680000000000001,242.68,0.31,26.6
2021-08-21 12:18:00,5.69,242.42,0.33,26.6
2021-08-21 12:20:00,5.7,241.7,0.34,26.6
2021-08-21 12:24:00,5.32,248.05,0.02,26.59
2021-08-21 12:26:00,21.83,243.99,0.03,26.6
2021-08-21 12:30:00,4.93,248.48,0.05,26.76
2021-08-21 12:32:00,22.12,242.57,0.03,26.76
2021-08-21 12:34:00,15.25,240.68,0.1,26.77
2021-08-21 12:36:00,10.13,243.51,0.18,26.78
2021-08-21 12:38:00,6.88,243.43,0.31,26.77
2021-08-21 12:40:00,6.3100000000000005,243.93,0.32,26.77
2021-08-21 12:42:00,5.88,243.94,0.32,26.77
2021-08-21 12:44:00,5.609999999999999,242.9,0.29,26.77
2021-08-21 12:46:00,5.86,241.66,0.29,26.77
2021-08-21 12:48:00,5.8,243.03,0.34,26.76
2021-08-21 12:50:00,5.550000000000001,241.18,0.3,26.6
2021-08-21 12:52:00,5.84,241.38,0.32,26.61
2021-08-21 12:54:00,5.74,241.64,0.3,26.61
2021-08-21 12:56:00,5.710000000000001,241.24,0.34,26.61
2021-08-21 13:00:00,5.44,239.66,0.33,26.62
2021-08-21 13:02:00,5.7700000000000005,241.49,0.34,26.62
2021-08-21 13:04:00,5.62,240.94,0.29,26.62
2021-08-21 13:06:00,5.6000000000000005,242.94,0.3,26.62
2021-08-21 13:08:00,5.42,242.02,0.29,26.62
2021-08-21 13:10:00,5.529999999999999,240.88,0.33,26.62
2021-08-21 13:12:00,5.58,242.14,0.3,26.62
2021-08-21 13:14:00,5.66,241.33,0.37,26.62
2021-08-21 13:16:00,5.69,241.01,0.27,26.62
2021-08-21 13:18:00,5.77,241.1,0.31,26.62
2021-08-21 13:20:00,4.72,241.38,0.05,26.62
2021-08-21 13:22:00,4.8100000000000005,240.74,0.08,26.62
2021-08-21 13:24:00,5.74,240.81,0.29,26.62
2021-08-21 13:26:00,4.75,241.61,-0.01,26.62
2021-08-21 13:28:00,4.88,241.67,0.08,26.62
2021-08-21 13:30:00,5.88,242.05,0.3,26.73
2021-08-21 13:32:00,5.5600000000000005,240.64,0.32,26.74
2021-08-21 13:34:00,5.69,240.37,0.37,26.73
2021-08-21 13:36:00,5.79,240.99,0.32,26.72
2021-08-21 13:38:00,5.58,240.03,0.34,26.75
2021-08-21 13:40:00,5.58,239.74,0.29,26.75
2021-08-21 13:42:00,5.61,240.47,0.32,26.75
2021-08-21 13:44:00,5.44,240.68,0.37,26.75
2021-08-21 13:46:00,5.45,241.24,0.33,26.76
2021-08-21 13:48:00,5.52,240.83,0.31,26.76
2021-08-21 13:50:00,5.66,241.51,0.27,26.76
2021-08-21 13:52:00,5.57,239.31,0.35,26.76
2021-08-21 13:56:00,5.65,240.22,0.34,26.76
2021-08-21 13:58:00,5.819999999999999,240.52,0.37,26.76
2021-08-21 14:00:00,5.53,238.23,0.27,26.76
2021-08-21 14:02:00,5.51,238.57,0.34,26.76
2021-08-21 14:04:00,5.62,239.9,0.29,26.76
2021-08-21 14:06:00,5.78,239.51,0.29,26.76
2021-08-21 14:08:00,5.5,240.1,0.35,26.76
2021-08-21 14:10:00,5.65,241.75,0.26,26.76
2021-08-21 14:12:00,5.63,241.26,0.32,26.76
2021-08-21 14:14:00,5.59,239.54,0.33,26.76
2021-08-21 14:16:00,5.68,240.35,0.29,26.76
2021-08-21 14:18:00,5.62,240.53,0.37,26.76
2021-08-21 14:20:00,5.58,239.05,0.27,26.76
2021-08-21 14:22:00,5.67,241.05,0.27,26.76
2021-08-21 14:24:00,5.53,239.98,0.32,26.77
2021-08-21 14:26:00,5.44,241.48,0.34,26.77
2021-08-21 14:28:00,5.75,241.44,0.28,26.77
2021-08-21 14:30:00,5.76,241.53,0.36,26.73
2021-08-21 14:32:00,5.69,240.01,0.31,26.73
2021-08-21 14:34:00,5.35,241.49,0.28,26.73
2021-08-21 14:36:00,5.760000000000001,241.45,0.31,26.73
2021-08-21 14:38:00,4.73,241.51,0.04,26.73
2021-08-21 14:44:00,5.609999999999999,241.07,0.3,26.72
2021-08-21 14:46:00,4.97,242.06,0.08,26.72
2021-08-21 14:48:00,6.4,243.84,0.37,26.72
2021-08-21 14:50:00,5.66,243.48,0.29,26.72
2021-08-21 14:52:00,5.51,241.86,0.3,26.73
2021-08-21 14:54:00,5.630000000000001,242.66,0.36,26.73
2021-08-21 14:56:00,5.65,242.73,0.3,26.73
2021-08-21 14:58:00,5.51,242.37,0.33,26.72
2021-08-21 15:00:00,5.6,242.85,0.35,26.72
2021-08-21 15:02:00,5.62,244.92,0.3,26.72
2021-08-21 15:04:00,5.6,242.31,0.3,26.72
2021-08-21 15:06:00,5.53,242.58,0.35,26.72
2021-08-21 15:08:00,5.64,244.38,0.31,26.72
2021-08-21 15:10:00,5.74,241.89,0.23,26.72
2021-08-21 15:12:00,5.51,242.36,0.33,26.72
2021-08-21 15:14:00,5.529999999999999,241.1,0.24,26.72
2021-08-21 15:18:00,40.91,239.96,0.95,26.72
2021-08-21 15:20:00,5.51,240.48,0.3,26.71
2021-08-21 15:22:00,5.57,242.59,0.28,26.72
2021-08-21 15:24:00,5.65,240.72,0.36,26.72
2021-08-21 15:28:00,5.880000000000001,240.52,0.32,26.72
2021-08-21 15:30:00,5.38,241.25,0.33,26.71
2021-08-21 15:32:00,5.65,240.07,0.3,26.72
2021-08-21 15:34:00,5.79,241.37,0.29,26.71
2021-08-21 15:36:00,5.6000000000000005,241.36,0.33,26.71
2021-08-21 15:38:00,5.69,243.47,0.33,26.71
2021-08-21 15:40:00,5.82,238.33,0.37,26.71
2021-08-21 15:42:00,5.54,242.25,0.3,26.72
2021-08-21 15:44:00,5.880000000000001,241.25,0.32,26.72
2021-08-21 15:46:00,5.59,241.37,0.33,26.72
2021-08-21 15:48:00,5.69,242.6,0.25,26.72
2021-08-21 15:50:00,5.550000000000001,241.56,0.29,26.71
2021-08-21 15:52:00,5.640000000000001,240.59,0.37,26.73
2021-08-21 15:54:00,5.77,243.61,0.36,26.72
2021-08-21 15:56:00,4.78,242.79,0.12,26.73
2021-08-21 15:58:00,5.8,243.01,0.3,26.73
2021-08-21 16:02:00,5.96,241.97,0.35,26.73
2021-08-21 16:04:00,5.879999999999999,242.32,0.33,26.73
2021-08-21 16:06:00,5.56,241.17,0.27,26.73
2021-08-21 16:08:00,41.07,241.31,0.94,26.73
2021-08-21 16:10:00,5.54,243.05,0.29,26.73
2021-08-21 16:12:00,5.69,243.57,0.29,26.73
2021-08-21 16:14:00,5.94,244.27,0.33,26.73
2021-08-21 16:16:00,5.7,243.63,0.33,26.73
2021-08-21 16:18:00,5.74,244.83,0.35,26.73
2021-08-21 16:20:00,5.66,244.32,0.32,26.73
2021-08-21 16:22:00,5.6,243.17,0.34,26.73
2021-08-21 16:24:00,5.58,243.21,0.24,26.73
2021-08-21 16:26:00,5.82,243.94,0.35,26.73
2021-08-21 16:28:00,5.49,243.96,0.33,26.73
2021-08-21 16:32:00,6.119999999999999,240.7,0.36,26.7
2021-08-21 16:36:00,5.49,242.26,0.33,26.71
2021-08-21 16:38:00,5.68,240.24,0.33,26.72
2021-08-21 16:40:00,5.69,239.51,0.3,26.71
2021-08-21 16:42:00,5.609999999999999,240.04,0.37,26.71
2021-08-21 16:46:00,5.79,240.77,0.27,26.71
2021-08-21 16:48:00,5.69,239.6,0.32,26.71
2021-08-21 16:50:00,5.750000000000001,239.17,0.33,26.71
2021-08-21 16:52:00,5.69,240.39,0.24,26.71
2021-08-21 16:54:00,5.48,240.63,0.38,26.71
2021-08-21 16:56:00,5.7,241.48,0.35,26.71
2021-08-21 16:58:00,5.71,240.26,0.29,26.71
2021-08-21 17:00:00,5.36,238.86,0.29,26.71
2021-08-21 17:04:00,5.640000000000001,240.9,0.3,26.71
2021-08-21 17:06:00,5.65,239.42,0.37,26.71
2021-08-21 17:08:00,5.68,239.87,0.27,26.71
2021-08-21 17:10:00,5.83,239.53,0.3,26.71
2021-08-21 17:12:00,5.55,239.65,0.31,26.71
2021-08-21 17:14:00,5.58,241.4,0.27,26.7
2021-08-21 17:16:00,5.54,239.71,0.22,26.71
2021-08-21 17:18:00,5.59,239.77,0.28,26.7
2021-08-21 17:20:00,5.74,240.66,0.35,26.7
2021-08-21 17:22:00,5.69,241.46,0.37,26.7
2021-08-21 17:24:00,5.65,241.45,0.36,26.71
2021-08-21 17:26:00,5.45,241.88,0.27,26.71
2021-08-21 17:28:00,5.83,241.74,0.4,26.71
2021-08-21 17:30:00,5.38,241.37,0.28,26.7
2021-08-21 17:32:00,5.46,241.51,0.25,26.7
2021-08-21 17:34:00,5.629999999999999,243.38,0.3,26.7
2021-08-21 17:36:00,5.47,242.48,0.28,26.7
2021-08-21 17:42:00,5.49,244.02,0.25,26.7
2021-08-21 17:44:00,5.579999999999999,242.4,0.36,26.71
2021-08-21 17:46:00,5.65,241.62,0.28,26.71
2021-08-21 17:48:00,5.65,241.55,0.31,26.7
2021-08-21 17:50:00,5.699999999999999,242.97,0.37,26.7
2021-08-21 17:52:00,5.87,242.02,0.31,26.71
2021-08-21 17:54:00,5.7,242.49,0.29,26.71
2021-08-21 17:58:00,5.56,241.3,0.27,26.71
2021-08-21 18:00:00,5.66,242.05,0.36,26.71
2021-08-21 18:02:00,5.63,242.58,0.37,26.71
2021-08-21 18:04:00,5.77,241.54,0.33,26.71
2021-08-21 18:06:00,5.48,240.77,0.32,26.71
2021-08-21 18:08:00,4.72,242.84,0.07,26.71
2021-08-21 18:10:00,5.77,239.11,0.27,26.71
2021-08-21 18:12:00,5.46,243.69,0.32,26.71
2021-08-21 18:14:00,5.15,243.53,0.11,26.71
2021-08-21 18:16:00,4.56,243.44,0.07,26.71
2021-08-21 18:18:00,5.54,242.38,0.28,26.71
2021-08-21 18:20:00,5.67,241.5,0.34,26.71
2021-08-21 18:22:00,5.75,243.74,0.38,26.71
2021-08-21 18:24:00,5.65,242.81,0.36,26.71
2021-08-21 18:26:00,5.69,242.18,0.28,26.71
2021-08-21 18:28:00,5.88,241.99,0.36,26.71
2021-08-21 18:30:00,5.63,243.94,0.24,26.68
2021-08-21 18:32:00,5.859999999999999,243.87,0.32,26.7
2021-08-21 18:34:00,4.86,241.58,0.11,26.7
2021-08-21 18:36:00,4.63,243.23,0.09,26.7
2021-08-21 18:38:00,5.71,241.85,0.34,26.7
2021-08-21 18:40:00,5.800000000000001,243.2,0.32,26.7
2021-08-21 18:42:00,5.54,242.99,0.3,26.7
2021-08-21 18:44:00,5.56,241.36,0.31,26.7
2021-08-21 18:46:00,5.75,242.95,0.35,26.7
2021-08-21 18:48:00,5.58,243.27,0.3,26.7
2021-08-21 18:52:00,5.56,243.54,0.3,26.7
2021-08-21 18:54:00,5.53,241.82,0.33,26.7
2021-08-21 18:56:00,5.61,243.18,0.35,26.7
2021-08-21 18:58:00,5.7,241.77,0.33,26.7
2021-08-21 19:00:00,71.54,239.69,0.75,26.7
2021-08-21 19:02:00,5.7,241.04,0.37,26.7
2021-08-21 19:04:00,5.89,241.37,0.31,26.7
2021-08-21 19:06:00,5.59,242.3,0.31,26.7
2021-08-21 19:08:00,5.739999999999999,241.34,0.34,26.7
2021-08-21 19:10:00,5.630000000000001,242.44,0.32,26.7
2021-08-21 19:14:00,5.67,243.09,0.32,26.7
2021-08-21 19:16:00,5.59,242.93,0.33,26.7
2021-08-21 19:18:00,5.699999999999999,243.14,0.26,26.7
2021-08-21 19:20:00,5.53,243.34,0.34,26.7
2021-08-21 19:24:00,5.95,243.74,0.36,26.7
2021-08-21 19:26:00,5.6,243.42,0.27,26.7
2021-08-21 19:28:00,5.26,243.28,0.31,26.7
2021-08-21 19:30:00,5.72,241.99,0.24,26.66
2021-08-21 19:32:00,5.669999999999999,242.07,0.28,26.68
2021-08-21 19:34:00,4.720000000000001,242.86,0.1,26.68
2021-08-21 19:36:00,4.92,241.85,0.04,26.68
2021-08-21 19:38:00,5.8,242.67,0.32,26.69
2021-08-21 19:42:00,5.54,242.6,0.34,26.68
2021-08-21 19:44:00,5.73,241.41,0.34,26.68
2021-08-21 19:46:00,5.67,243.91,0.37,26.68
2021-08-21 19:48:00,5.57,243.43,0.33,26.68
2021-08-21 19:50:00,5.76,243.05,0.29,26.66
2021-08-21 19:52:00,5.83,241.25,0.34,26.69
2021-08-21 19:54:00,5.71,242.89,0.39,26.69
2021-08-21 19:56:00,5.72,244.02,0.3,26.69
2021-08-21 19:58:00,5.61,243.01,0.24,26.69
2021-08-21 20:02:00,5.65,244.17,0.32,26.69
2021-08-21 20:04:00,5.8,241.62,0.38,26.66
2021-08-21 20:06:00,5.58,242.45,0.29,26.69
2021-08-21 20:08:00,5.57,243.98,0.37,26.69
2021-08-21 20:10:00,5.33,242.44,0.33,26.69
2021-08-21 20:12:00,5.66,242.81,0.26,26.69
2021-08-21 20:14:00,5.629999999999999,243.35,0.28,26.69
2021-08-21 20:16:00,5.7,243.06,0.37,26.69
2021-08-21 20:18:00,5.61,244.64,0.27,26.69
2021-08-21 20:20:00,5.76,244.61,0.29,26.69
2021-08-21 20:22:00,5.46,243.79,0.32,26.69
2021-08-21 20:24:00,5.539999999999999,243.41,0.35,26.69
2021-08-21 20:26:00,5.44,243.12,0.3,26.69
2021-08-21 20:28:00,5.6000000000000005,245.9,0.35,26.69
2021-08-21 20:32:00,5.52,244.2,0.25,26.68
2021-08-21 20:36:00,4.65,244.97,0.1,26.66
2021-08-22 07:30:00,5.48,243.92,0.37,27.1
2021-08-22 07:32:00,5.72,245.68,0.33,26.66
2021-08-22 07:34:00,5.75,244.61,0.28,26.66
2021-08-22 07:36:00,5.34,243.53,0.34,26.66
2021-08-22 07:38:00,5.51,244.47,0.31,26.66
2021-08-22 07:40:00,5.5600000000000005,246.03,0.29,26.66
2021-08-22 07:42:00,5.6,244.82,0.38,26.66
2021-08-22 07:44:00,5.52,244.54,0.28,26.66
2021-08-22 07:46:00,5.659999999999999,244.76,0.33,26.68
2021-08-22 07:48:00,5.54,244.54,0.32,26.68
2021-08-22 07:50:00,77.92,241.88,0.76,26.68
2021-08-22 07:52:00,5.800000000000001,243.91,0.36,26.68
2021-08-22 07:54:00,5.699999999999999,244.74,0.32,26.68
2021-08-22 07:58:00,5.75,245.1,0.31,26.68
2021-08-22 08:00:00,5.859999999999999,245.82,0.33,26.68
2021-08-22 08:02:00,5.48,243.15,0.28,26.68
2021-08-22 08:04:00,5.73,244.48,0.3,26.68
2021-08-22 08:06:00,5.71,242.63,0.29,26.69
2021-08-22 08:08:00,5.61,244.02,0.26,26.69
2021-08-22 08:10:00,5.69,242.8,0.33,26.68
2021-08-22 08:12:00,5.84,243.16,0.33,26.68
2021-08-22 08:14:00,5.44,244.08,0.34,26.68
2021-08-22 08:16:00,5.51,243.11,0.36,26.68
2021-08-22 08:18:00,5.75,243.95,0.35,26.68
2021-08-22 08:20:00,5.54,243.42,0.31,26.68
2021-08-22 08:22:00,5.619999999999999,242.19,0.33,26.68
2021-08-22 08:26:00,5.29,242.87,0.26,26.68
2021-08-22 08:28:00,5.01,242.72,0.06,26.68
2021-08-22 08:30:00,5.550000000000001,243.76,0.31,27.2
2021-08-22 08:32:00,5.86,244.22,0.35,27.09
2021-08-22 08:34:00,5.779999999999999,244.66,0.33,27.09
2021-08-22 08:36:00,5.640000000000001,242.48,0.31,27.09
2021-08-22 08:38:00,5.76,242.86,0.37,27.09
2021-08-22 08:40:00,5.69,243.11,0.37,27.1
2021-08-22 08:42:00,5.5,244.4,0.33,27.1
2021-08-22 08:44:00,5.67,241.25,0.35,27.1
2021-08-22 08:48:00,5.51,242.96,0.3,27.1
2021-08-22 08:50:00,5.55,242.14,0.29,27.12
2021-08-22 08:52:00,5.8100000000000005,243.02,0.28,27.12
2021-08-22 08:54:00,5.55,242.29,0.31,27.12
2021-08-22 08:56:00,5.63,243.68,0.32,27.12
2021-08-22 08:58:00,5.87,242.56,0.32,27.12
2021-08-22 09:00:00,5.760000000000001,241.41,0.33,27.12
2021-08-22 09:02:00,5.8,243.32,0.28,27.12
2021-08-22 09:04:00,5.71,241.62,0.35,27.12
2021-08-22 09:06:00,5.46,241.03,0.28,27.12
2021-08-22 09:08:00,5.779999999999999,241.08,0.31,27.12
2021-08-22 09:10:00,5.84,242.58,0.35,27.12
2021-08-22 09:12:00,5.529999999999999,243.18,0.35,27.13
2021-08-22 09:14:00,5.710000000000001,244.8,0.33,27.14
2021-08-22 09:16:00,5.64,244.12,0.27,27.15
2021-08-22 09:18:00,5.619999999999999,243.42,0.33,27.15
2021-08-22 09:20:00,5.760000000000001,242.3,0.33,27.15
2021-08-22 09:22:00,5.73,243.98,0.26,27.15
2021-08-22 09:24:00,5.58,242.21,0.23,27.15
2021-08-22 09:28:00,5.6000000000000005,243.57,0.31,27.15
2021-08-22 09:30:00,5.78,242.48,0.35,27.23
2021-08-22 09:32:00,5.6,242.8,0.32,27.23
2021-08-22 09:34:00,5.47,243.71,0.29,27.23
2021-08-22 09:36:00,5.79,243.55,0.34,27.23
2021-08-22 09:38:00,5.45,244.45,0.25,27.23
2021-08-22 09:40:00,5.72,243.05,0.3,27.23
2021-08-22 09:42:00,5.68,243.98,0.35,27.24
2021-08-22 09:44:00,5.67,244.49,0.26,27.17
2021-08-22 09:46:00,5.84,242.44,0.33,27.17
2021-08-22 09:48:00,5.77,243.08,0.31,27.17
2021-08-22 09:50:00,5.75,243.28,0.27,27.17
2021-08-22 09:52:00,5.52,242.31,0.32,27.17
2021-08-22 09:54:00,5.68,242.85,0.29,27.17
2021-08-22 09:56:00,5.199999999999999,243.72,0.25,27.17
2021-08-22 09:58:00,5.779999999999999,244.07,0.28,27.18
2021-08-22 10:00:00,5.66,244.41,0.31,27.19
2021-08-22 10:02:00,5.67,245.57,0.31,27.19
2021-08-22 10:04:00,5.66,245.22,0.33,27.19
2021-08-22 10:06:00,5.59,244.33,0.3,27.19
2021-08-22 10:08:00,5.6,243.18,0.32,27.19
2021-08-22 10:10:00,5.37,243.75,0.35,27.19
2021-08-22 10:12:00,5.36,242.94,0.28,27.2
2021-08-22 10:14:00,5.73,240.67,0.25,27.2
2021-08-22 10:16:00,5.95,240.31,0.31,27.2
2021-08-22 10:18:00,5.72,241.3,0.35,27.2
2021-08-22 10:20:00,4.91,241.41,0.05,27.2
2021-08-22 10:24:00,5.470000000000001,241.9,0.28,27.2
2021-08-22 10:26:00,5.73,241.62,0.33,27.21
2021-08-22 10:28:00,5.94,242.53,0.37,27.21
2021-08-22 10:32:00,5.6,243.2,0.33,27.24
2021-08-22 10:36:00,5.74,243.54,0.37,27.23
2021-08-22 10:38:00,5.779999999999999,243.32,0.35,27.23
2021-08-22 10:42:00,5.17,248.28,0.02,27.23
2021-08-22 10:44:00,22.04,244.37,0.04,27.23
2021-08-22 10:46:00,15.38,243.63,0.13,27.23
2021-08-22 10:48:00,10.11,243.51,0.19,27.23
2021-08-22 10:50:00,6.9,244.93,0.22,27.23
2021-08-22 10:52:00,5.279999999999999,243.8,-0.01,27.23
2021-08-22 10:54:00,4.94,244.95,0.02,27.23
2021-08-22 10:56:00,5.920000000000001,243.61,0.34,27.23
2021-08-22 10:58:00,5.75,243.69,0.36,27.23
2021-08-22 11:00:00,5.119999999999999,250.26,0.01,27.23
2021-08-22 11:02:00,21.92,245.56,0.03,27.23
2021-08-22 11:04:00,15.36,243.61,0.15,27.24
2021-08-22 11:06:00,10.45,244.97,0.16,27.24
2021-08-22 11:08:00,7.08,244.24,0.2,27.25
2021-08-22 11:10:00,5.970000000000001,244.74,0.28,27.25
2021-08-22 11:12:00,5.779999999999999,244.78,0.29,27.25
2021-08-22 11:14:00,5.789999999999999,243.48,0.27,27.25
2021-08-22 11:16:00,4.79,243.57,0.1,27.25
2021-08-22 11:18:00,5.05,243.1,0.13,27.24
2021-08-22 11:20:00,5.82,242.45,0.34,27.24
2021-08-22 11:22:00,5.47,244.09,0.28,27.24
2021-08-22 11:24:00,5.58,243.28,0.34,27.24
2021-08-22 11:26:00,5.85,242.92,0.32,27.24
2021-08-22 11:28:00,5.72,242.27,0.37,27.24
2021-08-22 11:32:00,5.68,242.64,0.32,27.25
2021-08-22 11:34:00,5.74,242.71,0.26,27.24
2021-08-22 11:36:00,5.63,243.38,0.33,27.24
2021-08-22 11:38:00,5.42,243.28,0.29,27.24
2021-08-22 11:42:00,5.790000000000001,242.42,0.34,27.23
2021-08-22 11:44:00,5.61,241.97,0.38,27.27
2021-08-22 11:46:00,5.5200000000000005,242.4,0.29,27.27
2021-08-22 11:48:00,5.54,242.24,0.3,27.27
2021-08-22 11:50:00,5.54,242.43,0.29,27.27
2021-08-22 11:52:00,5.76,241.46,0.35,27.27
2021-08-22 11:54:00,5.81,241.8,0.29,27.27
2021-08-22 11:56:00,5.42,242.25,0.28,27.27
2021-08-22 12:00:00,5.71,241.31,0.3,27.27
2021-08-22 12:02:00,5.8,242.1,0.33,27.27
2021-08-22 12:04:00,5.66,241.37,0.39,27.27
2021-08-22 12:06:00,5.56,240.44,0.27,27.27
2021-08-22 12:08:00,5.739999999999999,240.68,0.35,27.24
2021-08-22 12:10:00,5.35,239.84,0.32,27.24
2021-08-22 12:12:00,5.42,238.92,0.31,27.24
2021-08-22 12:14:00,5.51,241.72,0.31,27.24
2021-08-22 12:16:00,4.8100000000000005,241.07,0.09,27.24
2021-08-22 12:18:00,5.57,241.37,0.29,27.25
2021-08-22 12:20:00,5.699999999999999,241.0,0.26,27.25
2021-08-22 12:22:00,5.58,241.69,0.32,27.24
2021-08-22 12:24:00,5.77,240.55,0.3,27.24
2021-08-22 12:26:00,5.640000000000001,240.78,0.29,27.24
2021-08-22 12:28:00,5.31,241.49,0.29,27.24
2021-08-22 12:32:00,5.73,242.09,0.26,27.09
2021-08-22 12:38:00,5.74,239.11,0.32,27.18
2021-08-22 12:40:00,5.609999999999999,239.53,0.23,27.18
2021-08-22 12:42:00,5.680000000000001,240.32,0.32,27.17
2021-08-22 12:44:00,5.640000000000001,240.29,0.35,27.17
2021-08-22 12:46:00,5.69,239.17,0.32,27.25
2021-08-22 12:48:00,5.52,240.96,0.33,27.25
2021-08-22 12:50:00,5.49,241.98,0.33,27.25
2021-08-22 12:52:00,5.539999999999999,240.84,0.31,27.25
2021-08-22 12:54:00,5.59,241.41,0.34,27.25
2021-08-22 12:56:00,5.6000000000000005,240.12,0.32,27.25
2021-08-22 12:58:00,5.8,241.13,0.31,27.25
2021-08-22 13:00:00,5.53,241.06,0.23,27.25
2021-08-22 13:02:00,5.529999999999999,241.91,0.32,27.25
2021-08-22 13:04:00,5.8,241.4,0.34,27.25
2021-08-22 13:06:00,4.79,241.79,0.02,27.25
2021-08-22 13:08:00,5.69,241.84,0.33,27.25
2021-08-22 13:10:00,5.63,241.67,0.33,27.25
2021-08-22 13:12:00,5.58,241.99,0.25,27.25
2021-08-22 13:14:00,5.699999999999999,241.58,0.34,27.25
2021-08-22 13:16:00,5.63,241.8,0.36,27.25
2021-08-22 13:18:00,5.66,240.7,0.3,27.25
2021-08-22 13:20:00,5.76,238.11,0.34,27.25
2021-08-22 13:22:00,5.62,239.7,0.28,27.25
2021-08-22 13:24:00,5.76,240.26,0.31,27.25
2021-08-22 13:26:00,5.609999999999999,239.84,0.29,27.25
2021-08-22 13:28:00,4.68,241.15,0.11,27.25
2021-08-22 13:30:00,5.58,239.54,0.28,27.09
2021-08-22 13:32:00,5.609999999999999,239.09,0.28,27.09
2021-08-22 13:34:00,5.73,238.88,0.27,27.09
2021-08-22 13:40:00,5.75,237.59,0.27,27.08
2021-08-22 13:42:00,5.46,238.12,0.32,27.08
2021-08-22 13:44:00,5.83,238.03,0.28,27.08
2021-08-22 13:46:00,5.59,237.64,0.29,27.07
2021-08-22 13:48:00,5.750000000000001,238.68,0.37,27.07
2021-08-22 13:50:00,5.54,237.24,0.28,27.07
2021-08-22 13:52:00,5.680000000000001,239.15,0.29,27.07
2021-08-22 13:54:00,5.4,235.95,0.25,27.07
2021-08-22 13:56:00,5.5200000000000005,236.45,0.31,27.2
2021-08-22 13:58:00,5.67,237.34,0.33,27.2
2021-08-22 14:00:00,5.8100000000000005,236.96,0.28,27.19
2021-08-22 14:04:00,5.81,237.98,0.32,27.2
2021-08-22 14:06:00,5.71,237.04,0.32,27.19
2021-08-22 14:08:00,5.78,237.36,0.4,27.19
2021-08-22 14:10:00,5.65,238.04,0.34,27.19
2021-08-22 14:12:00,5.82,237.58,0.3,27.19
2021-08-22 14:14:00,5.7,237.83,0.29,27.19
2021-08-22 14:16:00,5.66,238.32,0.38,27.19
2021-08-22 14:18:00,5.62,236.85,0.34,27.19
2021-08-22 14:20:00,5.779999999999999,237.44,0.36,27.19
2021-08-22 14:22:00,5.61,236.63,0.3,27.19
2021-08-22 14:24:00,5.53,237.25,0.29,27.19
2021-08-22 14:26:00,5.6,236.6,0.32,27.19
2021-08-22 14:28:00,5.52,238.52,0.26,27.19
2021-08-22 14:30:00,5.67,238.01,0.31,27.06
2021-08-22 14:32:00,5.36,236.55,0.33,27.06
2021-08-22 14:34:00,5.47,236.76,0.34,27.05
2021-08-22 14:36:00,5.65,237.34,0.32,27.05
2021-08-22 14:38:00,5.69,237.98,0.32,27.05
2021-08-22 14:40:00,5.470000000000001,237.92,0.3,27.08
2021-08-22 14:42:00,5.8500000000000005,238.79,0.29,27.08
2021-08-22 14:44:00,5.77,238.92,0.33,27.08
2021-08-22 14:46:00,5.640000000000001,237.18,0.31,27.08
2021-08-22 14:48:00,5.35,235.58,0.29,27.08
2021-08-22 14:52:00,5.6,237.34,0.37,27.08
2021-08-22 14:54:00,5.76,236.67,0.36,27.09
2021-08-22 14:56:00,5.95,236.47,0.34,27.08
2021-08-22 14:58:00,5.640000000000001,237.53,0.35,27.08
2021-08-22 15:00:00,5.79,237.28,0.32,27.08
2021-08-22 15:04:00,5.48,237.64,0.29,27.08
2021-08-22 15:06:00,5.8100000000000005,236.91,0.34,27.04
2021-08-22 15:08:00,5.64,237.37,0.3,27.03
2021-08-22 15:10:00,5.64,237.28,0.33,27.02
2021-08-22 15:12:00,73.26,234.83,0.77,27.02
2021-08-22 15:14:00,5.720000000000001,237.48,0.36,27.08
2021-08-22 15:16:00,5.72,237.3,0.33,27.08
2021-08-22 15:18:00,5.67,237.93,0.28,27.09
2021-08-22 15:20:00,5.510000000000001,238.17,0.36,27.08
2021-08-22 15:22:00,5.55,238.48,0.29,27.08
2021-08-22 15:24:00,5.98,237.33,0.32,27.09
2021-08-22 15:26:00,5.66,236.74,0.36,27.09
2021-08-22 15:28:00,5.79,237.68,0.27,27.09
2021-08-22 15:30:00,5.640000000000001,237.23,0.34,27.03
2021-08-22 15:32:00,5.62,238.43,0.35,27.03
2021-08-22 15:34:00,5.69,238.76,0.34,27.03
2021-08-22 15:36:00,5.7700000000000005,237.94,0.29,27.05
2021-08-22 15:38:00,5.58,240.48,0.37,27.06
2021-08-22 15:40:00,5.49,237.37,0.26,27.06
2021-08-22 15:46:00,5.5600000000000005,238.79,0.34,27.02
2021-08-22 15:48:00,5.69,237.32,0.32,27.05
2021-08-22 15:50:00,5.5,238.29,0.29,27.05
2021-08-22 15:52:00,5.529999999999999,239.1,0.3,27.01
2021-08-22 15:54:00,5.57,239.23,0.3,27.05
2021-08-22 15:58:00,5.959999999999999,237.98,0.3,27.05
2021-08-22 16:00:00,5.52,236.65,0.35,27.05
2021-08-22 16:02:00,5.87,237.29,0.31,27.06
2021-08-22 16:04:00,5.930000000000001,236.79,0.28,27.06
2021-08-22 16:06:00,5.76,235.55,0.33,27.05
2021-08-22 16:10:00,5.05,235.66,-0.03,27.05
2021-08-22 16:12:00,5.0200000000000005,235.75,0.12,27.05
2021-08-22 16:14:00,5.46,232.46,0.31,27.05
2021-08-22 16:16:00,5.6,233.83,0.32,27.05
2021-08-22 16:18:00,5.87,236.5,0.35,27.06
2021-08-22 16:20:00,5.5,237.48,0.26,27.05
2021-08-22 16:22:00,5.57,237.22,0.31,27.06
2021-08-22 16:24:00,4.95,236.71,-0.03,27.06
2021-08-22 16:26:00,4.76,237.21,0.02,27.06
2021-08-22 16:28:00,5.51,239.64,0.31,27.06
2021-08-22 16:32:00,5.470000000000001,238.32,0.33,27.0
2021-08-22 16:36:00,5.640000000000001,238.11,0.29,27.03
2021-08-22 16:38:00,5.7,238.24,0.28,27.01
2021-08-22 16:40:00,5.85,238.19,0.31,27.03
2021-08-22 16:42:00,5.49,239.71,0.36,27.0
2021-08-22 16:44:00,5.6,238.25,0.3,27.03
2021-08-22 16:46:00,5.55,236.97,0.26,27.03
2021-08-22 16:48:00,5.57,237.29,0.35,27.03
2021-08-22 16:50:00,5.69,237.6,0.3,27.03
2021-08-22 16:52:00,4.77,239.11,0.07,27.03
2021-08-22 16:54:00,4.63,238.03,0.01,27.03
2021-08-22 16:56:00,5.79,236.1,0.32,27.03
2021-08-22 16:58:00,5.859999999999999,237.16,0.3,27.03
2021-08-22 17:00:00,5.72,236.88,0.31,27.03
2021-08-22 17:02:00,5.77,235.94,0.25,27.03
2021-08-22 17:04:00,5.4,236.13,0.26,27.03
2021-08-22 17:06:00,5.8,235.91,0.38,27.03
2021-08-22 17:08:00,5.880000000000001,235.67,0.3,27.03
2021-08-22 17:10:00,5.87,237.16,0.27,27.03
2021-08-22 17:12:00,5.81,235.8,0.32,27.03
2021-08-22 17:14:00,5.65,236.53,0.22,27.03
2021-08-22 17:16:00,5.79,237.85,0.36,27.03
2021-08-22 17:18:00,5.58,238.23,0.34,27.03
2021-08-22 17:20:00,5.92,237.77,0.38,27.03
2021-08-22 17:22:00,5.5600000000000005,238.22,0.27,27.03
2021-08-22 17:24:00,5.84,239.12,0.3,27.03
2021-08-22 17:26:00,5.69,238.9,0.26,27.03
2021-08-22 17:28:00,5.68,238.38,0.32,27.03
2021-08-22 17:30:00,5.59,239.96,0.29,27.01
2021-08-22 17:32:00,5.75,239.45,0.34,27.01
2021-08-22 17:34:00,5.57,240.99,0.3,27.01
2021-08-22 17:36:00,5.609999999999999,239.66,0.35,27.01
2021-08-22 17:38:00,5.8100000000000005,238.89,0.32,27.01
2021-08-22 17:40:00,5.640000000000001,241.4,0.35,27.01
2021-08-22 17:42:00,5.84,240.73,0.3,27.01
2021-08-22 17:44:00,5.48,241.48,0.3,27.01
2021-08-22 17:46:00,5.65,240.67,0.32,27.01
2021-08-22 17:48:00,5.73,241.7,0.26,27.01
2021-08-22 17:50:00,5.6,240.7,0.28,27.01
2021-08-22 17:52:00,5.83,239.05,0.35,27.01
2021-08-22 17:54:00,5.999999999999999,239.63,0.27,27.01
2021-08-22 17:56:00,5.46,240.39,0.3,27.01
2021-08-22 17:58:00,5.8,239.79,0.38,27.01
2021-08-22 18:00:00,5.77,239.38,0.24,27.0
2021-08-22 18:04:00,5.609999999999999,237.63,0.29,27.0
2021-08-22 18:06:00,5.67,239.47,0.34,27.01
2021-08-22 18:08:00,5.45,241.32,0.32,27.01
2021-08-22 18:10:00,5.57,240.06,0.3,27.01
2021-08-22 18:12:00,5.66,240.38,0.26,27.01
2021-08-22 18:14:00,5.630000000000001,238.26,0.38,27.01
2021-08-22 18:16:00,5.53,239.27,0.25,27.01
2021-08-22 18:18:00,5.739999999999999,238.33,0.32,27.01
2021-08-22 18:20:00,4.96,241.04,0.06,27.01
2021-08-22 18:22:00,4.74,240.87,0.13,27.01
2021-08-22 18:24:00,5.64,240.47,0.35,27.01
2021-08-22 18:26:00,5.76,240.58,0.38,27.01
2021-08-22 18:28:00,5.71,239.93,0.26,27.01
2021-08-22 18:32:00,5.79,241.27,0.36,27.0
2021-08-22 18:36:00,5.63,240.28,0.31,27.01
2021-08-22 18:38:00,5.710000000000001,240.11,0.29,27.01
2021-08-22 18:40:00,4.95,239.33,0.01,27.01
2021-08-22 18:42:00,4.640000000000001,240.1,0.14,27.01
2021-08-22 18:44:00,5.73,239.35,0.35,27.01
2021-08-22 18:46:00,5.550000000000001,239.95,0.31,27.01
2021-08-22 18:48:00,5.43,239.0,0.3,27.01
2021-08-22 18:50:00,5.86,239.69,0.3,27.01
2021-08-22 18:52:00,5.71,239.94,0.36,27.01
2021-08-22 18:54:00,4.96,241.09,0.04,27.01
2021-08-22 18:56:00,5.57,239.07,0.29,27.01
2021-08-22 18:58:00,5.66,239.94,0.33,27.01
2021-08-22 19:00:00,5.63,239.68,0.24,27.01
2021-08-22 19:02:00,5.49,239.71,0.33,27.01
2021-08-22 19:04:00,5.47,241.01,0.25,27.01
2021-08-22 19:06:00,4.83,241.12,0.1,27.01
2021-08-22 19:08:00,4.640000000000001,240.88,0.06,27.01
2021-08-22 19:10:00,5.61,241.49,0.29,27.01
2021-08-22 19:12:00,5.909999999999999,242.33,0.29,27.01
2021-08-22 19:14:00,5.59,242.28,0.33,27.01
2021-08-22 19:18:00,5.670000000000001,241.27,0.31,27.02
2021-08-22 19:20:00,5.55,241.31,0.35,27.01
2021-08-22 19:22:00,5.6,243.15,0.27,27.01
2021-08-22 19:24:00,5.549999999999999,242.35,0.31,27.01
2021-08-22 19:26:00,5.39,242.4,0.34,27.01
2021-08-22 19:30:00,5.49,241.6,0.33,27.0
2021-08-22 19:32:00,5.55,240.91,0.33,27.01
2021-08-22 19:34:00,5.9,241.22,0.39,27.01
2021-08-22 19:36:00,5.78,242.11,0.21,26.99
2021-08-22 19:38:00,5.5,241.53,0.32,27.0
2021-08-22 19:40:00,5.6000000000000005,241.83,0.3,27.0
2021-08-22 19:42:00,5.98,240.11,0.31,27.0
2021-08-22 19:44:00,5.510000000000001,242.15,0.3,27.0
2021-08-22 19:48:00,5.77,241.1,0.35,27.0
2021-08-22 19:50:00,5.739999999999999,241.38,0.35,27.0
2021-08-22 19:54:00,5.53,240.52,0.35,27.0
2021-08-22 19:56:00,5.69,241.05,0.29,27.0
2021-08-22 19:58:00,5.620000000000001,239.97,0.35,27.0
2021-08-22 20:00:00,5.6000000000000005,241.01,0.34,27.0
2021-08-22 20:02:00,5.8100000000000005,239.47,0.35,27.0
2021-08-22 20:04:00,5.54,239.69,0.34,27.0
2021-08-22 20:06:00,5.890000000000001,239.2,0.32,27.0
2021-08-22 20:08:00,5.630000000000001,240.21,0.32,27.0
2021-08-22 20:10:00,5.83,239.42,0.34,27.0
2021-08-22 20:12:00,5.61,241.84,0.34,27.0
2021-08-22 20:14:00,5.66,241.47,0.34,27.0
2021-08-22 20:16:00,5.960000000000001,240.14,0.33,27.0
2021-08-22 20:18:00,5.6,239.36,0.35,27.0
2021-08-22 20:20:00,5.81,239.1,0.28,27.0
2021-08-22 20:22:00,5.83,240.03,0.29,27.0
2021-08-22 20:26:00,5.67,239.88,0.37,27.0
2021-08-22 20:28:00,5.78,240.84,0.31,27.0
2021-08-22 20:30:00,5.870000000000001,240.92,0.32,27.02
2021-08-22 20:32:00,5.64,241.13,0.36,27.02
2021-08-22 20:34:00,5.550000000000001,240.88,0.28,27.02
2021-08-22 20:36:00,5.77,240.73,0.37,27.02
2021-08-22 20:38:00,5.53,240.91,0.3,27.02
2021-08-22 20:40:00,5.65,240.48,0.33,27.02
2021-08-22 20:42:00,5.789999999999999,240.48,0.3,27.01
2021-08-22 20:44:00,5.59,238.91,0.34,27.01
2021-08-22 20:46:00,5.44,240.11,0.32,27.01
2021-08-22 20:48:00,5.54,239.16,0.3,27.01
2021-08-22 20:50:00,5.66,240.9,0.37,27.01
2021-08-22 20:52:00,5.44,241.86,0.35,27.01
2021-08-22 20:54:00,5.59,243.54,0.34,27.01
2021-08-22 20:56:00,5.6,241.32,0.29,27.01
2021-08-22 20:58:00,5.63,241.87,0.33,27.01
2021-08-22 21:00:00,5.529999999999999,242.66,0.32,27.01
2021-08-22 21:02:00,5.859999999999999,243.14,0.37,27.01
2021-08-22 21:04:00,5.48,243.32,0.33,27.0
2021-08-22 21:06:00,5.680000000000001,242.73,0.28,27.0
2021-08-22 21:08:00,5.77,242.49,0.28,27.0
2021-08-22 21:10:00,5.609999999999999,243.03,0.28,27.0
2021-08-22 21:12:00,5.58,242.51,0.39,27.0
2021-08-22 21:14:00,5.49,241.74,0.29,27.0
2021-08-22 21:18:00,5.65,243.76,0.34,27.0
2021-08-22 21:20:00,5.680000000000001,242.67,0.33,27.0
2021-08-22 21:22:00,5.5600000000000005,241.56,0.28,27.0
2021-08-22 21:24:00,5.5600000000000005,241.96,0.29,27.0
2021-08-22 21:26:00,5.42,242.4,0.3,27.0
2021-08-22 21:28:00,5.569999999999999,243.48,0.32,27.0
2021-08-22 21:30:00,5.81,244.1,0.34,27.02
2021-08-22 21:32:00,5.619999999999999,243.18,0.31,27.02
2021-08-22 21:34:00,5.779999999999999,242.81,0.36,27.02
2021-08-22 21:36:00,5.55,244.51,0.29,27.02
2021-08-22 21:38:00,5.789999999999999,243.55,0.33,27.02
2021-08-22 21:40:00,75.83000000000001,240.83,0.77,27.02
2021-08-22 21:42:00,5.46,243.08,0.29,27.02
2021-08-22 21:44:00,5.78,243.22,0.32,27.02
2021-08-22 21:46:00,5.63,243.02,0.31,27.02
2021-08-22 21:48:00,5.54,243.54,0.28,27.02
2021-08-22 21:50:00,5.8100000000000005,243.47,0.35,27.02
2021-08-22 21:52:00,5.66,243.41,0.31,27.02
2021-08-22 21:54:00,5.48,243.98,0.33,27.02
2021-08-22 21:56:00,5.65,244.67,0.31,27.02
2021-08-22 21:58:00,5.76,242.39,0.33,27.02
2021-08-22 22:00:00,5.739999999999999,243.74,0.34,27.02
2021-08-22 22:02:00,5.46,244.98,0.29,27.02
2021-08-22 22:04:00,5.630000000000001,245.28,0.27,27.02
2021-08-22 22:06:00,5.37,243.81,0.31,27.02
2021-08-22 22:10:00,5.51,244.04,0.27,27.02
2021-08-22 22:12:00,5.76,244.64,0.3,27.02
2021-08-22 22:14:00,5.710000000000001,244.29,0.37,27.02
2021-08-22 22:16:00,5.640000000000001,241.68,0.27,27.02
2021-08-22 22:18:00,5.47,242.88,0.33,27.02
2021-08-22 22:20:00,5.51,242.54,0.36,27.02
2021-08-22 22:22:00,5.57,242.1,0.32,27.02
2021-08-22 22:24:00,5.840000000000001,243.22,0.35,27.02
2021-08-22 22:26:00,5.69,242.87,0.39,27.02
2021-08-22 22:28:00,5.46,243.07,0.3,27.02
2021-08-22 22:32:00,5.68,243.44,0.35,27.03
2021-08-22 22:36:00,5.789999999999999,244.78,0.29,27.02
2021-08-22 22:38:00,5.78,242.95,0.32,27.02
2021-08-22 22:40:00,5.880000000000001,243.29,0.31,27.01
2021-08-22 22:42:00,5.82,243.82,0.31,27.01
2021-08-22 22:44:00,5.88,243.56,0.26,27.01
2021-08-22 22:46:00,5.5600000000000005,242.94,0.28,27.01
2021-08-22 22:48:00,5.91,243.52,0.34,27.01
2021-08-22 22:50:00,6.1,243.19,0.3,27.02
2021-08-22 22:52:00,6.16,242.71,0.33,27.02
2021-08-22 22:54:00,6.34,244.65,0.29,27.02
2021-08-22 22:56:00,6.66,243.45,0.27,27.02
2021-08-22 22:58:00,6.49,243.63,0.28,27.01
2021-08-22 23:00:00,6.17,243.11,0.28,27.01
2021-08-22 23:02:00,6.1,242.71,0.28,27.01
2021-08-22 23:04:00,5.37,243.77,0.28,27.01
2021-08-22 23:06:00,5.720000000000001,242.73,0.28,27.01
2021-08-22 23:08:00,6.21,244.35,0.23,27.01
2021-08-22 23:10:00,6.24,243.32,0.28,27.01
2021-08-22 23:12:00,5.69,243.29,0.34,27.01
2021-08-22 23:14:00,5.870000000000001,242.92,0.28,27.02
2021-08-22 23:16:00,5.69,242.91,0.24,27.02
2021-08-22 23:18:00,5.74,244.94,0.32,27.02
2021-08-22 23:20:00,5.59,243.28,0.28,27.02
2021-08-22 23:22:00,5.84,243.13,0.25,27.02
2021-08-22 23:24:00,5.49,243.13,0.25,27.02
2021-08-22 23:26:00,5.75,242.18,0.31,27.02
2021-08-22 23:28:00,5.609999999999999,242.54,0.26,27.02
2021-08-22 23:30:00,5.710000000000001,242.07,0.28,26.99
2021-08-22 23:32:00,5.75,242.84,0.3,27.0
2021-08-22 23:34:00,5.91,243.04,0.35,27.0
2021-08-22 23:36:00,5.67,242.65,0.34,27.03
2021-08-22 23:42:00,5.48,241.8,0.29,27.01
2021-08-22 23:44:00,5.69,242.32,0.24,27.02
2021-08-22 23:46:00,5.84,242.88,0.25,27.02
2021-08-22 23:48:00,5.59,243.01,0.31,27.02
2021-08-22 23:50:00,5.45,242.53,0.31,27.03
2021-08-22 23:52:00,5.59,242.56,0.31,27.03
2021-08-22 23:54:00,5.44,241.65,0.31,27.02
2021-08-22 23:56:00,5.43,240.49,0.28,27.02
2021-08-22 23:58:00,5.7,242.35,0.3,27.02
2021-08-23 00:00:00,5.47,242.63,0.33,27.02
2021-08-23 00:04:00,5.54,240.38,0.25,27.02
2021-08-23 00:06:00,5.55,241.39,0.32,27.02
2021-08-23 00:08:00,5.53,242.02,0.32,27.02
2021-08-23 00:10:00,5.5600000000000005,240.2,0.31,27.02
2021-08-23 00:12:00,5.76,241.34,0.28,27.02
2021-08-23 00:14:00,5.529999999999999,241.62,0.26,27.02
2021-08-23 00:16:00,5.63,242.36,0.34,27.02
2021-08-23 00:18:00,5.87,241.64,0.34,27.02
2021-08-23 00:20:00,5.84,243.31,0.27,27.01
2021-08-23 00:22:00,5.71,243.29,0.31,27.01
2021-08-23 00:24:00,5.73,241.48,0.36,27.01
2021-08-23 00:26:00,5.529999999999999,241.7,0.28,27.01
2021-08-23 00:30:00,5.44,242.79,0.35,27.02
2021-08-23 00:32:00,5.5,241.53,0.3,26.99
2021-08-23 00:34:00,5.72,241.1,0.33,26.99
2021-08-23 00:36:00,5.720000000000001,241.81,0.38,26.99
2021-08-23 00:38:00,5.77,241.48,0.34,26.99
2021-08-23 00:40:00,5.79,239.88,0.37,26.99
2021-08-23 00:44:00,5.470000000000001,241.24,0.34,27.0
2021-08-23 00:46:00,5.57,242.1,0.25,27.0
2021-08-23 00:48:00,5.53,241.3,0.29,27.0
2021-08-23 00:50:00,5.43,239.81,0.34,27.0
2021-08-23 00:52:00,5.58,240.71,0.34,27.0
2021-08-23 00:54:00,5.8,240.03,0.33,27.0
2021-08-23 00:56:00,5.61,237.9,0.27,27.0
2021-08-23 01:00:00,5.5600000000000005,240.42,0.3,27.0
2021-08-23 01:02:00,5.82,239.78,0.36,27.0
2021-08-23 01:04:00,5.5,238.16,0.35,27.0
2021-08-23 01:06:00,5.61,239.77,0.35,27.0
2021-08-23 01:08:00,5.640000000000001,238.28,0.34,27.0
2021-08-23 01:10:00,5.69,238.15,0.35,27.01
2021-08-23 01:12:00,5.540000000000001,237.51,0.25,27.01
2021-08-23 01:14:00,5.67,238.15,0.36,27.01
2021-08-23 01:16:00,5.76,239.04,0.33,27.01
2021-08-23 01:18:00,5.79,239.07,0.28,27.01
2021-08-23 01:20:00,5.64,239.17,0.31,27.01
2021-08-23 01:22:00,5.51,238.56,0.37,27.01
2021-08-23 01:24:00,72.29,235.82,0.77,27.01
2021-08-23 01:26:00,5.69,238.69,0.29,27.01
2021-08-23 01:28:00,5.51,236.73,0.29,27.01
2021-08-23 01:32:00,5.82,236.83,0.31,27.06
2021-08-23 01:36:00,5.58,236.4,0.32,27.03
2021-08-23 01:38:00,5.81,235.73,0.33,27.02
2021-08-23 01:40:00,5.67,234.28,0.31,27.01
2021-08-23 01:42:00,5.58,234.65,0.35,27.01
2021-08-23 01:44:00,5.82,233.78,0.3,27.01
2021-08-23 01:46:00,5.79,235.13,0.35,27.01
2021-08-23 01:48:00,5.630000000000001,236.3,0.35,27.01
2021-08-23 01:50:00,5.74,234.51,0.36,27.01
2021-08-23 01:52:00,4.720000000000001,235.73,0.04,27.0
2021-08-23 01:54:00,5.390000000000001,236.74,0.31,27.0
2021-08-23 01:56:00,5.81,237.38,0.37,27.0
2021-08-23 01:58:00,5.71,236.2,0.3,27.0
2021-08-23 02:00:00,5.62,236.81,0.28,27.0
2021-08-23 02:02:00,5.7,238.39,0.28,27.0
2021-08-23 02:04:00,5.99,236.05,0.38,27.0
2021-08-23 02:06:00,5.63,238.14,0.35,27.0
2021-08-23 02:08:00,5.67,237.89,0.33,27.0
2021-08-23 02:10:00,5.640000000000001,237.14,0.33,27.0
2021-08-23 02:12:00,5.58,236.55,0.27,27.0
2021-08-23 02:14:00,5.73,235.85,0.3,27.0
2021-08-23 02:16:00,5.7,236.96,0.31,27.0
2021-08-23 02:18:00,5.73,236.9,0.36,27.0
2021-08-23 02:20:00,5.83,237.57,0.25,27.0
2021-08-23 02:22:00,5.68,235.81,0.33,27.0
2021-08-23 02:24:00,5.58,237.17,0.37,27.0
2021-08-23 02:26:00,5.629999999999999,236.64,0.28,27.0
2021-08-23 02:28:00,5.82,237.05,0.32,27.0
2021-08-23 02:32:00,5.56,236.76,0.28,27.15
2021-08-23 02:36:00,5.56,234.66,0.3,27.06
2021-08-23 02:38:00,4.94,233.87,0.06,27.06
2021-08-23 02:40:00,5.800000000000001,235.08,0.37,27.06
2021-08-23 02:42:00,5.65,234.72,0.27,27.07
2021-08-23 02:44:00,4.95,233.72,-0.01,27.06
2021-08-23 02:46:00,4.640000000000001,234.51,0.12,27.06
2021-08-23 02:48:00,5.73,234.52,0.3,27.06
2021-08-23 02:50:00,5.69,233.9,0.3,27.06
2021-08-23 02:52:00,5.68,238.4,0.36,27.07
2021-08-23 02:54:00,5.8,240.77,0.35,27.07
2021-08-23 02:56:00,5.59,239.74,0.31,27.07
2021-08-23 02:58:00,5.53,237.62,0.27,27.07
2021-08-23 03:00:00,5.76,239.93,0.35,27.08
2021-08-23 03:02:00,5.98,237.3,0.31,27.08
2021-08-23 03:04:00,5.470000000000001,236.34,0.32,27.08
2021-08-23 03:06:00,4.82,236.48,0.03,27.08
2021-08-23 03:08:00,5.67,236.54,0.3,27.09
2021-08-23 03:10:00,5.550000000000001,235.87,0.34,27.09
2021-08-23 03:12:00,5.879999999999999,234.74,0.27,27.09
2021-08-23 03:14:00,5.5200000000000005,235.87,0.35,27.1
2021-08-23 03:16:00,5.47,234.84,0.29,27.1
2021-08-23 03:18:00,5.71,235.89,0.35,27.03
2021-08-23 03:20:00,5.61,235.98,0.31,27.03
2021-08-23 03:22:00,5.69,235.43,0.32,27.03
2021-08-23 03:24:00,5.86,235.21,0.34,27.03
2021-08-23 03:26:00,5.93,234.93,0.32,27.03
2021-08-23 03:28:00,5.63,234.85,0.31,27.03
2021-08-23 03:30:00,5.58,235.28,0.36,27.15
2021-08-23 03:36:00,5.720000000000001,232.39,0.38,27.16
2021-08-23 03:38:00,5.89,235.77,0.35,27.17
2021-08-23 03:40:00,5.93,235.49,0.31,27.2
2021-08-23 03:42:00,5.52,236.12,0.3,27.2
2021-08-23 03:44:00,5.77,238.08,0.32,27.2
2021-08-23 03:46:00,5.74,235.4,0.36,27.2
2021-08-23 03:50:00,5.79,235.45,0.36,27.21
2021-08-23 03:52:00,5.819999999999999,234.78,0.34,27.21
2021-08-23 03:54:00,5.59,233.14,0.32,27.22
2021-08-23 03:56:00,5.83,231.63,0.3,27.23
2021-08-23 03:58:00,5.880000000000001,232.6,0.34,27.24
2021-08-23 04:00:00,5.550000000000001,232.95,0.27,27.25
2021-08-23 04:02:00,5.76,231.86,0.34,27.27
2021-08-23 04:04:00,5.66,230.59,0.33,27.28
2021-08-23 04:06:00,5.789999999999999,231.87,0.39,27.29
2021-08-23 04:08:00,5.720000000000001,228.69,0.26,27.29
2021-08-23 04:10:00,5.859999999999999,229.04,0.31,27.29
2021-08-23 04:12:00,5.5600000000000005,228.76,0.35,27.29
2021-08-23 04:14:00,5.69,229.73,0.31,27.3
2021-08-23 04:16:00,5.630000000000001,229.14,0.27,27.3
2021-08-23 04:20:00,5.66,227.0,0.25,27.31
2021-08-23 04:22:00,5.7700000000000005,226.43,0.32,27.32
2021-08-23 04:24:00,5.73,226.88,0.31,27.32
2021-08-23 04:26:00,5.93,228.11,0.33,27.32
2021-08-23 04:28:00,5.73,228.73,0.38,27.05
2021-08-23 04:30:00,5.7,226.62,0.32,27.34
2021-08-23 04:32:00,5.79,227.02,0.36,27.14
2021-08-23 04:34:00,5.8,227.61,0.31,27.15
2021-08-23 04:40:00,5.74,228.59,0.3,27.14
2021-08-23 04:42:00,5.48,231.08,0.31,27.15
2021-08-23 04:44:00,5.77,231.12,0.28,27.15
2021-08-23 04:46:00,5.79,231.07,0.29,27.15
2021-08-23 04:48:00,5.59,230.18,0.33,27.15
2021-08-23 04:50:00,5.56,231.65,0.28,27.15
2021-08-23 04:52:00,5.609999999999999,229.92,0.42,27.15
2021-08-23 04:54:00,5.529999999999999,229.09,0.36,27.15
2021-08-23 04:56:00,5.7700000000000005,228.68,0.31,27.16
2021-08-23 04:58:00,5.48,231.82,0.31,27.16
2021-08-23 05:00:00,5.6,229.98,0.35,27.16
2021-08-23 05:02:00,4.94,230.85,0.04,27.16
2021-08-23 05:04:00,4.87,232.04,0.06,27.17
2021-08-23 05:06:00,5.75,231.27,0.33,27.17
2021-08-23 05:08:00,5.84,230.54,0.29,27.17
2021-08-23 05:10:00,5.6000000000000005,228.54,0.22,27.17
2021-08-23 05:12:00,5.82,229.11,0.28,27.17
2021-08-23 05:14:00,5.82,229.96,0.33,27.2
2021-08-23 05:16:00,5.65,230.36,0.31,27.2
2021-08-23 05:18:00,5.449999999999999,230.85,0.28,27.2
2021-08-23 05:20:00,5.76,231.13,0.29,27.2
2021-08-23 05:22:00,5.449999999999999,228.01,0.29,27.2
2021-08-23 05:24:00,5.6,229.19,0.3,27.2
2021-08-23 05:26:00,5.66,228.04,0.25,27.2
2021-08-23 05:28:00,5.470000000000001,230.91,0.27,27.2
2021-08-23 05:30:00,5.49,229.68,0.29,27.23
2021-08-23 05:34:00,5.65,230.07,0.26,27.34
2021-08-23 05:36:00,5.63,229.19,0.32,27.34
2021-08-23 05:42:00,5.58,227.85,0.39,27.34
2021-08-23 05:44:00,5.57,227.23,0.29,27.34
2021-08-23 05:46:00,4.65,228.68,0.12,27.33
2021-08-23 05:48:00,5.82,229.52,0.28,27.34
2021-08-23 05:50:00,5.91,230.82,0.31,27.35
2021-08-23 05:52:00,5.709999999999999,229.19,0.35,27.35
2021-08-23 05:54:00,5.739999999999999,229.94,0.29,27.36
2021-08-23 05:56:00,5.88,226.52,0.34,27.36
2021-08-23 05:58:00,5.9,229.65,0.28,27.36
2021-08-23 06:00:00,5.65,227.58,0.38,27.37
2021-08-23 06:02:00,4.92,231.08,0.07,27.38
2021-08-23 06:04:00,5.65,229.32,0.36,27.38
2021-08-23 06:06:00,5.58,229.38,0.31,27.39
2021-08-23 06:08:00,5.720000000000001,229.42,0.26,27.4
2021-08-23 06:10:00,5.6000000000000005,228.65,0.32,27.4
2021-08-23 06:12:00,5.8100000000000005,224.62,0.42,27.39
2021-08-23 06:14:00,5.77,228.31,0.26,27.37
2021-08-23 06:16:00,5.6,227.38,0.27,27.36
2021-08-23 06:18:00,5.029999999999999,226.91,0.04,27.35
2021-08-23 06:20:00,5.609999999999999,224.72,0.29,27.34
2021-08-23 06:22:00,5.54,226.36,0.3,27.32
2021-08-23 06:24:00,5.869999999999999,226.73,0.39,27.32
2021-08-23 06:26:00,5.73,227.13,0.31,27.3
2021-08-23 06:28:00,5.86,224.18,0.31,27.29
2021-08-23 06:32:00,5.94,225.53,0.32,27.21
2021-08-23 06:36:00,5.73,227.68,0.3,27.22
2021-08-23 06:38:00,5.74,225.96,0.35,27.21
2021-08-23 06:40:00,4.82,225.66,0.08,27.22
2021-08-23 06:42:00,5.57,226.86,0.32,27.21
2021-08-23 06:44:00,5.74,225.66,0.31,27.33
2021-08-23 06:46:00,5.43,223.43,0.28,27.34
2021-08-23 06:48:00,5.81,226.17,0.3,27.35
2021-08-23 06:50:00,5.54,225.74,0.32,27.35
2021-08-23 06:52:00,5.46,225.61,0.29,27.36
2021-08-23 06:54:00,5.86,227.91,0.32,27.36
2021-08-23 06:56:00,5.52,225.85,0.27,27.36
2021-08-23 06:58:00,5.78,226.48,0.32,27.37
2021-08-23 07:00:00,4.970000000000001,229.61,-0.01,27.38
2021-08-23 07:02:00,5.57,229.3,0.38,27.38
2021-08-23 07:04:00,5.800000000000001,228.8,0.33,27.39
2021-08-23 07:06:00,5.73,229.1,0.27,27.4
2021-08-23 07:08:00,5.48,229.72,0.3,27.4
2021-08-23 07:10:00,5.35,228.91,0.32,27.4
2021-08-23 07:12:00,5.81,229.01,0.26,27.39
2021-08-23 07:14:00,5.720000000000001,227.05,0.37,27.37
2021-08-23 07:16:00,5.72,229.99,0.25,27.37
2021-08-23 07:18:00,5.81,229.95,0.31,27.37
2021-08-23 07:20:00,5.47,228.88,0.22,27.36
2021-08-23 07:22:00,5.720000000000001,233.17,0.3,27.36
2021-08-23 07:24:00,5.540000000000001,231.48,0.33,27.36
2021-08-23 07:26:00,5.57,232.1,0.36,27.36
2021-08-23 07:28:00,5.74,231.06,0.3,27.36
2021-08-23 07:30:00,5.74,234.92,0.28,27.27
2021-08-23 07:32:00,5.51,235.74,0.34,27.19
2021-08-23 07:38:00,5.53,235.24,0.26,27.21
2021-08-23 07:40:00,5.6,235.01,0.27,27.22
2021-08-23 07:42:00,5.8,236.59,0.32,27.22
2021-08-23 07:44:00,5.7,234.67,0.37,27.25
2021-08-23 07:46:00,5.76,234.53,0.32,27.27
2021-08-23 07:48:00,5.69,236.63,0.35,27.27
2021-08-23 07:50:00,5.53,237.04,0.28,27.27
2021-08-23 07:52:00,5.75,237.24,0.35,27.27
2021-08-23 07:58:00,5.24,248.65,0.05,27.25
2021-08-23 08:00:00,22.1,245.69,0.05,27.25
2021-08-23 08:02:00,80.87,240.2,0.73,27.27
2021-08-23 08:04:00,10.7,242.31,0.2,27.27
2021-08-23 08:08:00,5.109999999999999,246.94,-0.01,27.25
2021-08-23 08:10:00,22.11,243.11,0.02,27.25
2021-08-23 08:12:00,15.26,241.47,0.13,27.25
2021-08-23 08:14:00,10.19,241.45,0.22,27.25
2021-08-23 08:16:00,7.130000000000001,240.14,0.28,27.25
2021-08-23 08:18:00,6.199999999999999,241.06,0.31,27.25
2021-08-23 08:22:00,5.15,241.49,-0.0,27.25
2021-08-23 08:24:00,6.140000000000001,241.02,0.33,27.25
2021-08-23 08:26:00,5.529999999999999,240.43,0.34,27.25
2021-08-23 08:28:00,5.8100000000000005,239.9,0.32,27.23
2021-08-23 08:32:00,5.91,241.11,0.36,27.58
2021-08-23 08:34:00,5.58,241.94,0.37,27.25
2021-08-23 08:38:00,5.7,242.17,0.29,27.27
2021-08-23 08:40:00,5.6,240.83,0.33,27.27
2021-08-23 08:42:00,5.75,239.66,0.33,27.27
2021-08-23 08:44:00,5.58,239.62,0.29,27.27
2021-08-23 08:46:00,5.42,240.47,0.29,27.29
2021-08-23 08:48:00,5.52,237.72,0.31,27.29
2021-08-23 08:50:00,5.71,238.76,0.36,27.29
2021-08-23 08:52:00,5.66,235.96,0.35,27.29
2021-08-23 08:54:00,5.9,236.31,0.33,27.29
2021-08-23 08:56:00,5.81,237.68,0.3,27.3
2021-08-23 08:58:00,5.5,235.57,0.31,27.3
2021-08-23 09:00:00,5.58,234.69,0.33,27.3
2021-08-23 09:02:00,5.78,234.61,0.33,27.3
2021-08-23 09:04:00,5.859999999999999,235.92,0.28,27.3
2021-08-23 09:06:00,4.88,235.09,0.01,27.3
2021-08-23 09:08:00,4.63,235.27,0.07,27.3
2021-08-23 09:10:00,5.96,236.88,0.35,27.29
2021-08-23 09:12:00,5.51,236.27,0.3,27.29
2021-08-23 09:14:00,5.69,232.27,0.29,27.35
2021-08-23 09:16:00,5.74,236.01,0.32,27.35
2021-08-23 09:18:00,5.550000000000001,234.99,0.28,27.42
2021-08-23 09:24:00,5.81,234.18,0.3,27.35
2021-08-23 09:26:00,5.83,232.87,0.29,27.42
2021-08-23 09:28:00,5.69,234.42,0.32,27.49
2021-08-23 09:30:00,5.69,234.41,0.31,27.68
2021-08-23 09:32:00,5.7700000000000005,235.16,0.32,27.58
2021-08-23 09:34:00,5.760000000000001,234.23,0.31,27.58
2021-08-23 09:36:00,5.7,233.66,0.3,27.58
2021-08-23 09:38:00,5.87,232.38,0.34,27.58
2021-08-23 09:40:00,5.73,233.86,0.32,27.58
2021-08-23 09:42:00,5.4,232.52,0.37,27.58
2021-08-23 09:44:00,5.62,233.49,0.32,27.58
2021-08-23 09:46:00,5.720000000000001,231.7,0.26,27.58
2021-08-23 09:48:00,5.71,231.91,0.24,27.58
2021-08-23 09:50:00,5.56,230.86,0.24,27.58
2021-08-23 09:52:00,5.35,232.41,0.31,27.58
2021-08-23 09:54:00,5.609999999999999,232.84,0.32,27.58
2021-08-23 10:02:00,5.71,229.71,0.33,27.58
2021-08-23 10:04:00,5.84,231.68,0.31,27.58
2021-08-23 10:06:00,5.62,231.25,0.3,27.58
2021-08-23 10:08:00,5.76,231.91,0.3,27.58
2021-08-23 10:10:00,5.87,233.31,0.3,27.59
2021-08-23 10:12:00,5.78,233.34,0.27,27.59
2021-08-23 10:16:00,5.73,233.22,0.32,27.59
2021-08-23 10:18:00,5.62,232.64,0.29,27.59
2021-08-23 10:20:00,5.58,231.73,0.28,27.59
2021-08-23 10:22:00,5.720000000000001,233.06,0.26,27.59
2021-08-23 10:24:00,5.45,233.22,0.24,27.59
2021-08-23 10:26:00,5.54,233.65,0.3,27.59
2021-08-23 10:28:00,5.65,233.08,0.35,27.59
2021-08-23 10:32:00,5.6000000000000005,233.51,0.28,27.68
2021-08-23 10:34:00,5.950000000000001,235.36,0.31,27.68
2021-08-23 10:36:00,5.670000000000001,235.46,0.35,27.68
2021-08-23 10:38:00,5.800000000000001,234.91,0.32,27.68
2021-08-23 10:40:00,4.86,233.68,0.02,27.7
2021-08-23 10:42:00,4.78,234.04,0.1,27.69
2021-08-23 10:44:00,5.68,235.34,0.31,27.69
2021-08-23 10:46:00,5.5,236.21,0.26,27.68
2021-08-23 10:48:00,5.47,235.52,0.26,27.68
2021-08-23 10:50:00,5.95,236.94,0.32,27.66
2021-08-23 10:52:00,5.61,236.8,0.3,27.66
2021-08-23 10:54:00,5.77,235.84,0.35,27.66
2021-08-23 10:56:00,5.74,236.32,0.24,27.65
2021-08-23 10:58:00,5.67,237.44,0.37,27.65
2021-08-23 11:00:00,5.91,236.58,0.28,27.65
2021-08-23 11:02:00,5.62,237.8,0.28,27.64
2021-08-23 11:04:00,5.59,235.01,0.32,27.64
2021-08-23 11:06:00,5.7,237.76,0.28,27.64
2021-08-23 11:08:00,5.69,237.52,0.33,27.63
2021-08-23 11:10:00,5.38,236.93,0.34,27.62
2021-08-23 11:12:00,5.5,236.98,0.39,27.58
2021-08-23 11:14:00,5.49,237.17,0.36,27.58
2021-08-23 11:16:00,5.569999999999999,237.91,0.27,27.58
2021-08-23 11:18:00,5.610000000000001,235.65,0.31,27.58
2021-08-23 11:20:00,5.86,236.22,0.36,27.59
2021-08-23 11:22:00,5.66,236.78,0.27,27.59
2021-08-23 11:24:00,5.66,236.14,0.27,27.59
2021-08-23 11:26:00,5.53,236.73,0.28,27.6
2021-08-23 11:28:00,5.38,235.14,0.26,27.6
2021-08-23 11:30:00,5.739999999999999,237.46,0.33,27.57
2021-08-23 11:32:00,5.640000000000001,238.67,0.34,27.68
2021-08-23 11:34:00,5.64,238.47,0.28,27.68
2021-08-23 11:36:00,5.83,237.94,0.34,27.68
2021-08-23 11:38:00,5.760000000000001,238.08,0.32,27.7
2021-08-23 11:40:00,5.790000000000001,238.27,0.31,27.69
2021-08-23 11:42:00,5.52,238.68,0.32,27.69
2021-08-23 11:52:00,15.48,241.86,0.13,27.68
2021-08-23 11:54:00,10.32,241.8,0.19,27.66
2021-08-23 11:56:00,7.029999999999999,241.96,0.23,27.66
2021-08-23 11:58:00,6.15,243.87,0.33,27.66
2021-08-23 12:00:00,5.82,242.94,0.27,27.66
2021-08-23 12:02:00,5.800000000000001,242.07,0.25,27.66
2021-08-23 12:04:00,5.62,242.77,0.31,27.66
2021-08-23 12:06:00,5.719999999999999,242.31,0.32,27.66
2021-08-23 12:08:00,5.44,243.32,0.34,27.66
2021-08-23 12:10:00,5.69,242.49,0.32,27.66
2021-08-23 12:14:00,5.569999999999999,242.66,0.25,27.66
2021-08-23 12:16:00,5.789999999999999,243.5,0.27,27.66
2021-08-23 12:18:00,5.71,243.76,0.29,27.66
2021-08-23 12:20:00,5.65,243.71,0.34,27.66
2021-08-23 12:22:00,5.69,243.77,0.32,27.66
2021-08-23 12:24:00,5.670000000000001,242.36,0.27,27.66
2021-08-23 12:26:00,5.629999999999999,241.78,0.29,27.66
2021-08-23 12:28:00,5.65,242.29,0.28,27.66
2021-08-23 12:32:00,6.0200000000000005,245.15,0.39,27.6
2021-08-23 12:36:00,5.72,242.97,0.34,27.58
2021-08-23 12:38:00,5.48,243.83,0.29,27.58
2021-08-23 12:40:00,5.920000000000001,244.14,0.29,27.59
2021-08-23 12:42:00,5.67,241.8,0.36,27.59
2021-08-23 12:44:00,5.73,241.7,0.33,27.59
2021-08-23 12:46:00,5.6,240.61,0.27,27.59
2021-08-23 12:48:00,5.47,243.25,0.34,27.59
2021-08-23 12:50:00,5.619999999999999,242.12,0.32,27.59
2021-08-23 12:52:00,5.720000000000001,242.06,0.26,27.59
2021-08-23 12:54:00,5.91,241.67,0.36,27.59
2021-08-23 12:56:00,5.89,242.45,0.35,27.59
2021-08-23 12:58:00,5.76,242.3,0.34,27.59
2021-08-23 13:00:00,5.72,241.64,0.32,27.59
2021-08-23 13:04:00,5.66,240.51,0.33,27.59
2021-08-23 13:06:00,5.6000000000000005,241.74,0.29,27.59
2021-08-23 13:08:00,5.55,238.98,0.35,27.59
2021-08-23 13:10:00,5.720000000000001,239.29,0.3,27.59
2021-08-23 13:12:00,5.75,240.03,0.34,27.59
2021-08-23 13:14:00,5.62,241.32,0.34,27.59
2021-08-23 13:16:00,5.630000000000001,239.21,0.31,27.59
2021-08-23 13:18:00,5.710000000000001,239.67,0.35,27.59
2021-08-23 13:20:00,5.3100000000000005,240.41,0.31,27.59
2021-08-23 13:22:00,5.69,240.71,0.35,27.59
2021-08-23 13:24:00,5.64,238.57,0.33,27.59
2021-08-23 13:26:00,5.75,238.35,0.27,27.59
2021-08-23 13:28:00,5.85,239.92,0.33,27.6
2021-08-23 13:30:00,5.61,239.82,0.33,27.65
2021-08-23 13:32:00,5.58,238.82,0.27,27.65
2021-08-23 13:34:00,5.58,239.73,0.3,27.6
2021-08-23 13:36:00,5.59,240.37,0.29,27.6
2021-08-23 13:38:00,5.54,238.55,0.27,27.6
2021-08-23 13:40:00,5.739999999999999,238.83,0.38,27.6
2021-08-23 13:42:00,5.49,238.95,0.29,27.6
2021-08-23 13:44:00,5.84,239.46,0.34,27.6
2021-08-23 13:46:00,5.77,238.75,0.27,27.6
2021-08-23 13:48:00,5.37,239.21,0.26,27.6
2021-08-23 13:50:00,5.800000000000001,238.72,0.34,27.6
2021-08-23 13:52:00,5.67,241.12,0.31,27.6
2021-08-23 13:56:00,5.7700000000000005,239.09,0.35,27.6
2021-08-23 14:00:00,5.65,240.14,0.28,27.6
2021-08-23 14:02:00,5.5600000000000005,240.0,0.29,27.6
2021-08-23 14:04:00,5.4,240.22,0.28,27.6
2021-08-23 14:06:00,5.49,240.18,0.3,27.6
2021-08-23 14:08:00,5.6,240.83,0.28,27.6
2021-08-23 14:10:00,5.62,240.79,0.31,27.6
2021-08-23 14:12:00,5.640000000000001,240.28,0.33,27.6
2021-08-23 14:14:00,4.77,240.7,0.06,27.6
2021-08-23 14:16:00,4.8100000000000005,240.35,0.11,27.6
2021-08-23 14:18:00,5.699999999999999,240.53,0.35,27.6
2021-08-23 14:20:00,5.65,242.03,0.31,27.6
2021-08-23 14:22:00,5.73,241.09,0.38,27.6
2021-08-23 14:24:00,5.700000000000001,239.37,0.3,27.6
2021-08-23 14:26:00,5.91,241.45,0.31,27.6
2021-08-23 14:28:00,5.49,241.86,0.27,27.6
2021-08-23 14:30:00,5.680000000000001,242.63,0.29,27.59
2021-08-23 14:32:00,5.43,243.2,0.27,27.65
2021-08-23 14:34:00,5.44,241.98,0.33,27.65
2021-08-23 14:36:00,5.409999999999999,241.84,0.27,27.65
2021-08-23 14:38:00,5.5,241.72,0.28,27.65
2021-08-23 14:44:00,5.86,241.59,0.32,27.6
2021-08-23 14:46:00,5.5,242.19,0.3,27.61
2021-08-23 14:48:00,5.75,241.9,0.28,27.6
2021-08-23 14:50:00,5.949999999999999,240.85,0.35,27.65
2021-08-23 14:52:00,5.75,242.47,0.35,27.65
2021-08-23 14:56:00,5.67,241.89,0.27,27.6
2021-08-23 14:58:00,5.51,242.21,0.3,27.6
2021-08-23 15:00:00,5.870000000000001,243.73,0.35,27.61
2021-08-23 15:02:00,5.69,242.86,0.29,27.6
2021-08-23 15:04:00,5.62,242.93,0.34,27.61
2021-08-23 15:06:00,5.699999999999999,243.19,0.35,27.61
2021-08-23 15:08:00,5.78,244.55,0.34,27.61
2021-08-23 15:10:00,5.59,242.44,0.34,27.6
2021-08-23 15:14:00,5.78,242.47,0.27,27.6
2021-08-23 15:16:00,5.66,243.51,0.3,27.61
2021-08-23 15:18:00,5.84,243.91,0.35,27.61
2021-08-23 15:22:00,5.62,244.18,0.26,27.61
2021-08-23 15:24:00,5.73,242.78,0.31,27.61
2021-08-23 15:26:00,5.75,243.94,0.29,27.6
2021-08-23 15:28:00,5.82,243.34,0.34,27.6
2021-08-23 15:30:00,5.6,244.59,0.32,27.59
2021-08-23 15:32:00,5.56,243.95,0.32,27.59
2021-08-23 15:34:00,5.8,242.6,0.34,27.59
2021-08-23 15:40:00,5.840000000000001,242.49,0.38,27.59
2021-08-23 15:42:00,5.72,244.09,0.28,27.59
2021-08-23 15:44:00,5.79,242.86,0.33,27.59
2021-08-23 15:46:00,5.720000000000001,242.47,0.31,27.61
2021-08-23 15:48:00,5.83,243.95,0.3,27.61
2021-08-23 15:50:00,5.69,243.84,0.35,27.61
2021-08-23 15:52:00,5.619999999999999,242.51,0.25,27.61
2021-08-23 15:54:00,5.64,242.61,0.29,27.61
2021-08-23 15:56:00,5.859999999999999,244.28,0.3,27.61
2021-08-23 15:58:00,5.8500000000000005,242.89,0.34,27.61
2021-08-23 16:00:00,5.609999999999999,244.08,0.3,27.61
2021-08-23 16:02:00,5.64,242.97,0.28,27.61
2021-08-23 16:04:00,5.74,243.78,0.34,27.61
2021-08-23 16:06:00,5.56,242.15,0.32,27.61
2021-08-23 16:08:00,5.58,243.68,0.25,27.61
2021-08-23 16:10:00,5.57,242.69,0.3,27.61
2021-08-23 16:12:00,5.57,242.61,0.39,27.61
2021-08-23 16:14:00,5.6,242.01,0.29,27.61
2021-08-23 16:16:00,5.66,241.9,0.29,27.61
2021-08-23 16:18:00,5.26,243.29,0.28,27.61
2021-08-23 16:20:00,5.73,241.37,0.32,27.61
2021-08-23 16:22:00,5.739999999999999,242.09,0.27,27.61
2021-08-23 16:24:00,5.5600000000000005,241.75,0.29,27.61
2021-08-23 16:26:00,5.67,241.45,0.3,27.61
2021-08-23 16:28:00,5.970000000000001,242.02,0.35,27.61
2021-08-23 16:32:00,4.87,242.55,0.13,27.59
2021-08-23 16:38:00,5.58,244.08,0.28,27.59
2021-08-23 16:40:00,5.74,242.91,0.32,27.59
2021-08-23 16:42:00,5.779999999999999,242.36,0.32,27.59
2021-08-23 16:44:00,5.42,242.08,0.19,27.59
2021-08-23 16:46:00,5.12,241.74,0.03,27.59
2021-08-23 16:48:00,5.68,242.54,0.33,27.59
2021-08-23 16:50:00,5.870000000000001,241.57,0.27,27.59
2021-08-23 16:52:00,5.64,240.95,0.31,27.59
2021-08-23 16:54:00,5.550000000000001,241.91,0.35,27.59
2021-08-23 16:56:00,5.7,242.0,0.31,27.59
2021-08-23 16:58:00,5.61,242.05,0.25,27.59
2021-08-23 17:00:00,5.7,242.47,0.33,27.59
2021-08-23 17:02:00,5.83,243.53,0.31,27.59
2021-08-23 17:04:00,5.680000000000001,241.76,0.35,27.59
2021-08-23 17:06:00,5.620000000000001,242.59,0.31,27.6
2021-08-23 17:08:00,5.840000000000001,242.85,0.29,27.6
2021-08-23 17:10:00,5.430000000000001,242.51,0.27,27.6
2021-08-23 17:12:00,5.68,240.23,0.29,27.6
2021-08-23 17:14:00,5.73,241.78,0.32,27.6
2021-08-23 17:16:00,5.6,241.58,0.3,27.6
2021-08-23 17:18:00,5.58,242.01,0.27,27.6
2021-08-23 17:20:00,4.71,242.7,0.01,27.6
2021-08-23 17:22:00,5.66,241.79,0.27,27.6
2021-08-23 17:24:00,5.73,241.68,0.29,27.6
2021-08-23 17:26:00,5.63,241.52,0.32,27.6
2021-08-23 17:28:00,5.66,241.95,0.28,27.6
2021-08-23 17:30:00,5.57,242.16,0.34,27.59
2021-08-23 17:32:00,5.75,241.8,0.29,27.59
2021-08-23 17:34:00,5.7,241.2,0.26,27.59
2021-08-23 17:36:00,5.36,241.34,0.31,27.59
2021-08-23 17:38:00,5.69,241.83,0.31,27.59
2021-08-23 17:40:00,4.83,242.05,0.03,27.59
2021-08-23 17:42:00,4.630000000000001,242.84,0.04,27.59
2021-08-23 17:44:00,5.82,241.3,0.36,27.59
2021-08-23 17:46:00,75.49000000000001,239.05,0.76,27.59
2021-08-23 17:48:00,5.569999999999999,241.7,0.34,27.59
2021-08-23 17:50:00,5.66,241.01,0.35,27.59
2021-08-23 17:52:00,5.71,240.71,0.32,27.59
2021-08-23 17:54:00,5.66,240.46,0.33,27.59
2021-08-23 17:56:00,5.79,240.95,0.32,27.59
2021-08-23 18:00:00,5.63,241.46,0.33,27.59
2021-08-23 18:02:00,5.76,241.59,0.28,27.59
2021-08-23 18:04:00,5.66,242.22,0.32,27.59
2021-08-23 18:06:00,5.62,241.47,0.31,27.59
2021-08-23 18:08:00,5.94,239.79,0.38,27.59
2021-08-23 18:10:00,5.43,241.6,0.32,27.59
2021-08-23 18:12:00,5.7,240.64,0.32,27.59
2021-08-23 18:14:00,5.8,239.3,0.35,27.59
2021-08-23 18:16:00,5.75,240.89,0.34,27.59
2021-08-23 18:18:00,5.82,240.85,0.35,27.59
2021-08-23 18:20:00,5.43,240.68,0.28,27.59
2021-08-23 18:22:00,5.68,241.41,0.26,27.59
2021-08-23 18:24:00,5.75,242.04,0.28,27.59
2021-08-23 18:26:00,5.82,243.02,0.36,27.59
2021-08-23 18:28:00,5.61,239.79,0.27,27.59
2021-08-23 18:30:00,5.69,240.84,0.32,27.55
2021-08-23 18:32:00,5.81,240.25,0.26,27.59
2021-08-23 18:34:00,4.970000000000001,241.65,0.07,27.59
2021-08-23 18:36:00,4.7700000000000005,241.1,0.12,27.59
2021-08-23 18:38:00,5.39,241.39,0.31,27.59
2021-08-23 18:40:00,76.18,239.16,0.76,27.59
2021-08-23 18:46:00,5.8100000000000005,241.68,0.32,27.59
2021-08-23 18:50:00,5.68,242.47,0.28,27.59
2021-08-23 18:52:00,5.75,242.15,0.34,27.59
2021-08-23 18:54:00,5.6,241.66,0.34,27.59
2021-08-23 18:56:00,5.619999999999999,243.55,0.33,27.59
2021-08-23 18:58:00,5.93,243.58,0.34,27.59
2021-08-23 19:00:00,5.57,243.56,0.3,27.59
2021-08-23 19:02:00,5.59,244.77,0.29,27.59
2021-08-23 19:04:00,5.71,243.65,0.26,27.59
2021-08-23 19:06:00,5.779999999999999,241.76,0.3,27.59
2021-08-23 19:08:00,5.81,241.39,0.33,27.59
2021-08-23 19:10:00,5.51,241.41,0.3,27.59
2021-08-23 19:12:00,5.51,240.43,0.31,27.59
2021-08-23 19:14:00,5.590000000000001,239.2,0.34,27.59
2021-08-23 19:16:00,5.59,239.65,0.28,27.59
2021-08-23 19:18:00,5.58,242.4,0.26,27.59
2021-08-23 19:20:00,5.59,240.88,0.33,27.59
2021-08-23 19:22:00,5.64,241.36,0.31,27.59
2021-08-23 19:24:00,5.41,242.02,0.35,27.59
2021-08-23 19:26:00,5.73,240.27,0.32,27.59
2021-08-23 19:28:00,4.8,240.75,-0.0,27.59
2021-08-23 19:30:00,4.82,243.09,0.14,27.54
2021-08-23 19:32:00,5.7,242.45,0.3,27.55
2021-08-23 19:34:00,5.59,241.65,0.36,27.55
2021-08-23 19:36:00,5.02,243.11,0.06,27.55
2021-08-23 19:38:00,5.08,241.63,0.08,27.55
2021-08-23 19:42:00,5.83,242.25,0.34,27.55
2021-08-23 19:44:00,5.6000000000000005,241.2,0.31,27.55
2021-08-23 19:46:00,5.56,241.57,0.27,27.55
2021-08-23 19:48:00,5.93,244.09,0.31,27.55
2021-08-23 19:50:00,5.38,244.01,0.31,27.55
2021-08-23 19:52:00,5.62,244.05,0.32,27.55
2021-08-23 19:54:00,5.58,244.01,0.26,27.55
2021-08-23 19:56:00,5.66,243.18,0.28,27.55
2021-08-23 20:00:00,5.68,243.54,0.3,27.55
2021-08-23 20:02:00,5.54,242.86,0.28,27.55
2021-08-23 20:04:00,5.68,242.51,0.34,27.55
2021-08-23 20:06:00,5.56,242.59,0.26,27.55
2021-08-23 20:08:00,5.630000000000001,243.5,0.36,27.55
2021-08-23 20:10:00,5.63,243.81,0.3,27.55
2021-08-23 20:12:00,5.75,244.24,0.33,27.55
2021-08-23 20:14:00,5.62,241.6,0.31,27.55
2021-08-23 20:16:00,5.84,242.83,0.31,27.55
2021-08-23 20:18:00,5.5600000000000005,244.76,0.29,27.55
2021-08-23 20:24:00,5.69,244.83,0.39,27.55
2021-08-23 20:26:00,5.72,244.63,0.31,27.55
2021-08-23 20:28:00,5.8100000000000005,244.52,0.37,27.55
2021-08-23 20:32:00,5.57,244.09,0.35,27.54
2021-08-23 20:36:00,5.64,243.67,0.27,27.54
2021-08-23 20:38:00,5.489999999999999,243.99,0.25,27.54
2021-08-23 20:40:00,5.88,244.02,0.3,27.55
2021-08-23 20:42:00,5.44,244.26,0.22,27.55
2021-08-23 20:44:00,5.67,243.77,0.36,27.55
2021-08-23 20:46:00,5.77,243.8,0.3,27.55
2021-08-23 20:48:00,5.6,243.89,0.29,27.55
2021-08-23 20:50:00,5.77,243.24,0.37,27.55
2021-08-23 20:52:00,5.5,243.19,0.28,27.55
2021-08-23 20:54:00,5.83,244.66,0.34,27.55
2021-08-23 20:56:00,5.7,244.17,0.28,27.55
2021-08-23 20:58:00,5.5600000000000005,243.8,0.34,27.55
2021-08-23 21:00:00,5.63,244.41,0.36,27.55
2021-08-23 21:02:00,5.63,245.22,0.3,27.55
2021-08-23 21:04:00,5.66,245.24,0.34,27.55
2021-08-23 21:06:00,5.8500000000000005,244.3,0.34,27.55
2021-08-23 21:08:00,5.31,244.84,0.27,27.55
2021-08-23 21:10:00,5.57,244.03,0.32,27.55
2021-08-23 21:12:00,5.62,244.64,0.31,27.55
2021-08-23 21:14:00,5.65,245.17,0.29,27.55
2021-08-23 21:16:00,5.88,244.22,0.32,27.55
2021-08-23 21:18:00,5.6,241.68,0.33,27.55
2021-08-23 21:20:00,5.66,241.91,0.3,27.55
2021-08-23 21:22:00,5.8,242.85,0.32,27.55
2021-08-23 21:24:00,74.98,239.29,0.77,27.55
2021-08-23 21:26:00,5.84,241.71,0.28,27.55
2021-08-23 21:28:00,5.680000000000001,242.11,0.33,27.55
2021-08-23 21:30:00,5.7,242.95,0.28,27.55
2021-08-23 21:32:00,5.720000000000001,243.35,0.33,27.55
2021-08-23 21:34:00,5.48,240.93,0.31,27.55
2021-08-23 21:36:00,5.630000000000001,240.41,0.33,27.55
2021-08-23 21:38:00,5.61,241.02,0.32,27.55
2021-08-23 21:40:00,5.62,239.81,0.31,27.55
2021-08-23 21:42:00,5.71,240.28,0.34,27.55
2021-08-23 21:44:00,5.58,241.6,0.35,27.54
2021-08-23 21:46:00,5.83,240.62,0.32,27.54
2021-08-23 21:48:00,5.48,239.67,0.33,27.55
2021-08-23 21:50:00,5.75,240.26,0.3,27.54
2021-08-23 21:52:00,5.53,240.37,0.28,27.53
2021-08-23 21:54:00,5.73,240.47,0.32,27.54
2021-08-23 21:56:00,5.74,241.71,0.31,27.54
2021-08-23 21:58:00,5.73,240.25,0.31,27.54
2021-08-23 22:00:00,5.789999999999999,242.13,0.28,27.54
2021-08-23 22:04:00,5.56,239.72,0.28,27.54
2021-08-23 22:06:00,5.83,241.47,0.31,27.54
2021-08-23 22:08:00,5.64,240.96,0.34,27.55
2021-08-23 22:12:00,5.91,240.55,0.34,27.54
2021-08-23 22:14:00,5.33,241.31,0.31,27.54
2021-08-23 22:16:00,5.529999999999999,241.3,0.28,27.54
2021-08-23 22:18:00,5.44,239.7,0.31,27.54
2021-08-23 22:20:00,5.67,239.38,0.35,27.54
2021-08-23 22:22:00,5.47,240.42,0.31,27.54
2021-08-23 22:24:00,5.710000000000001,240.29,0.28,27.55
2021-08-23 22:26:00,5.590000000000001,241.04,0.33,27.55
2021-08-23 22:28:00,5.76,240.94,0.32,27.55
2021-08-23 22:32:00,5.69,239.87,0.31,27.53
2021-08-23 22:36:00,5.64,242.3,0.3,27.53
2021-08-23 22:38:00,5.83,240.52,0.28,27.53
2021-08-23 22:42:00,5.59,241.39,0.3,27.53
2021-08-23 22:44:00,5.54,241.78,0.25,27.53
2021-08-23 22:46:00,5.79,240.26,0.32,27.53
2021-08-23 22:48:00,5.8500000000000005,241.49,0.33,27.53
2021-08-23 22:50:00,5.61,241.1,0.34,27.53
2021-08-23 22:52:00,5.390000000000001,240.97,0.23,27.53
2021-08-23 22:54:00,5.71,242.33,0.39,27.53
2021-08-23 22:56:00,5.45,241.7,0.35,27.53
2021-08-23 22:58:00,5.68,240.44,0.32,27.53
2021-08-23 23:00:00,5.67,238.11,0.33,27.53
2021-08-23 23:02:00,5.62,240.33,0.3,27.53
2021-08-23 23:04:00,5.82,240.01,0.3,27.52
2021-08-23 23:06:00,5.45,240.43,0.31,27.53
2021-08-23 23:08:00,5.609999999999999,241.01,0.32,27.55
2021-08-23 23:10:00,5.69,242.25,0.28,27.55
2021-08-23 23:12:00,5.5,239.96,0.27,27.55
2021-08-23 23:14:00,6.029999999999999,241.04,0.37,27.55
2021-08-23 23:16:00,5.62,240.71,0.35,27.55
2021-08-23 23:18:00,5.75,239.75,0.29,27.55
2021-08-23 23:20:00,5.91,240.79,0.33,27.55
2021-08-23 23:22:00,5.53,240.52,0.32,27.55
2021-08-23 23:24:00,5.82,239.31,0.3,27.55
2021-08-23 23:26:00,5.76,243.04,0.33,27.55
2021-08-23 23:28:00,5.72,243.82,0.28,27.55
2021-08-23 23:30:00,5.52,242.49,0.34,27.54
2021-08-23 23:32:00,5.640000000000001,242.87,0.32,27.53
2021-08-23 23:34:00,5.59,243.01,0.29,27.53
2021-08-23 23:36:00,76.08999999999999,240.85,0.77,27.53
2021-08-23 23:38:00,5.5,242.8,0.35,27.53
2021-08-23 23:44:00,5.460000000000001,242.97,0.3,27.53
2021-08-23 23:46:00,5.699999999999999,241.72,0.28,27.53
2021-08-23 23:48:00,5.659999999999999,241.79,0.33,27.53
2021-08-23 23:50:00,5.890000000000001,241.45,0.34,27.53
2021-08-23 23:52:00,5.79,243.42,0.27,27.53
2021-08-23 23:54:00,5.779999999999999,242.11,0.34,27.53
2021-08-23 23:56:00,5.65,243.22,0.26,27.53
2021-08-23 23:58:00,5.790000000000001,242.07,0.3,27.53
2021-08-24 00:00:00,5.66,241.95,0.31,27.53
2021-08-24 00:02:00,5.67,242.3,0.26,27.53
2021-08-24 00:04:00,5.7,243.59,0.36,27.53
2021-08-24 00:06:00,5.88,244.13,0.37,27.54
2021-08-24 00:08:00,5.550000000000001,242.11,0.33,27.54
2021-08-24 00:10:00,5.4,241.29,0.25,27.54
2021-08-24 00:12:00,5.63,241.78,0.29,27.54
2021-08-24 00:16:00,5.62,241.46,0.36,27.54
2021-08-24 00:18:00,4.94,242.27,0.1,27.54
2021-08-24 00:20:00,4.79,241.03,-0.01,27.54
2021-08-24 00:22:00,5.55,242.6,0.32,27.53
2021-08-24 00:24:00,5.89,243.33,0.32,27.53
2021-08-24 00:26:00,5.6,242.37,0.29,27.53
2021-08-24 00:28:00,5.91,241.44,0.28,27.53
2021-08-24 00:32:00,5.73,242.44,0.27,27.54
2021-08-24 00:34:00,5.49,241.68,0.35,27.53
2021-08-24 00:38:00,5.720000000000001,242.47,0.28,27.53
2021-08-24 00:40:00,5.45,241.37,0.36,27.53
2021-08-24 00:42:00,5.3500000000000005,241.12,0.3,27.53
2021-08-24 00:44:00,5.790000000000001,241.87,0.32,27.53
2021-08-24 00:46:00,5.64,242.89,0.31,27.53
2021-08-24 00:48:00,5.7700000000000005,242.72,0.28,27.53
2021-08-24 00:50:00,5.869999999999999,241.6,0.26,27.53
2021-08-24 00:52:00,5.62,243.3,0.35,27.53
2021-08-24 00:54:00,5.77,240.44,0.36,27.53
2021-08-24 00:56:00,5.82,241.65,0.35,27.53
2021-08-24 00:58:00,5.76,242.33,0.35,27.53
2021-08-24 01:00:00,5.74,241.19,0.31,27.53
2021-08-24 01:02:00,5.89,240.23,0.36,27.53
2021-08-24 01:04:00,5.61,241.42,0.36,27.53
2021-08-24 01:06:00,5.51,241.26,0.36,27.53
2021-08-24 01:08:00,5.66,242.08,0.31,27.53
2021-08-24 01:10:00,4.68,242.05,0.12,27.53
2021-08-24 01:12:00,4.92,242.54,0.13,27.53
2021-08-24 01:14:00,5.75,238.48,0.36,27.53
2021-08-24 01:18:00,5.6,242.08,0.34,27.53
2021-08-24 01:20:00,5.59,242.29,0.32,27.53
2021-08-24 01:22:00,5.71,244.8,0.26,27.53
2021-08-24 01:24:00,5.7,241.94,0.32,27.53
2021-08-24 01:28:00,5.81,241.47,0.3,27.53
2021-08-24 01:30:00,5.58,242.67,0.27,27.53
2021-08-24 01:32:00,5.640000000000001,241.4,0.31,27.53
2021-08-24 01:34:00,5.92,241.78,0.31,27.53
2021-08-24 01:36:00,5.81,239.76,0.37,27.53
2021-08-24 01:38:00,5.74,242.59,0.32,27.53
2021-08-24 01:40:00,5.78,242.81,0.26,27.53
2021-08-24 01:42:00,5.44,243.21,0.32,27.53
2021-08-24 01:44:00,5.42,242.7,0.33,27.53
2021-08-24 01:46:00,5.73,242.86,0.34,27.53
2021-08-24 01:48:00,5.640000000000001,241.68,0.27,27.53
2021-08-24 01:50:00,5.72,242.81,0.39,27.53
2021-08-24 01:52:00,5.890000000000001,243.66,0.28,27.53
2021-08-24 01:54:00,5.57,244.97,0.27,27.53
2021-08-24 01:56:00,5.72,242.14,0.32,27.53
2021-08-24 01:58:00,5.859999999999999,242.76,0.38,27.53
2021-08-24 02:00:00,5.620000000000001,241.89,0.3,27.54
2021-08-24 02:02:00,5.7700000000000005,243.22,0.28,27.54
2021-08-24 02:06:00,5.55,241.71,0.26,27.54
2021-08-24 02:08:00,5.48,241.79,0.32,27.54
2021-08-24 02:10:00,4.87,241.31,0.04,27.54
2021-08-24 02:12:00,5.66,241.35,0.37,27.53
2021-08-24 02:14:00,5.609999999999999,242.54,0.27,27.53
2021-08-24 02:16:00,5.68,240.99,0.34,27.53
2021-08-24 02:18:00,5.82,241.73,0.35,27.53
2021-08-24 02:20:00,5.64,242.12,0.32,27.53
2021-08-24 02:22:00,5.73,242.68,0.35,27.53
2021-08-24 02:24:00,5.72,240.7,0.27,27.53
2021-08-24 02:26:00,5.84,242.43,0.27,27.53
2021-08-24 02:28:00,5.5,242.52,0.24,27.53
2021-08-24 02:32:00,5.8,243.11,0.28,27.55
2021-08-24 02:34:00,5.74,242.91,0.32,27.55
2021-08-24 02:36:00,5.49,239.1,0.32,27.55
2021-08-24 02:40:00,5.42,244.46,0.3,27.57
2021-08-24 02:42:00,4.87,242.9,0.12,27.55
2021-08-24 02:44:00,4.94,245.57,0.11,27.55
2021-08-24 02:46:00,5.6000000000000005,243.46,0.34,27.55
2021-08-24 02:48:00,5.74,242.3,0.31,27.55
2021-08-24 02:50:00,5.65,243.81,0.31,27.55
2021-08-24 02:52:00,5.7,243.49,0.35,27.57
2021-08-24 02:54:00,5.71,243.17,0.3,27.55
2021-08-24 02:56:00,5.54,244.37,0.26,27.57
2021-08-24 02:58:00,5.69,242.98,0.37,27.57
2021-08-24 03:00:00,5.41,243.57,0.27,27.57
2021-08-24 03:02:00,5.67,241.29,0.33,27.57
2021-08-24 03:04:00,5.760000000000001,246.24,0.35,27.57
2021-08-24 03:06:00,5.5600000000000005,244.1,0.25,27.57
2021-08-24 03:08:00,5.68,242.7,0.35,27.57
2021-08-24 03:10:00,5.59,241.14,0.28,27.57
2021-08-24 03:12:00,5.65,238.77,0.28,27.57
2021-08-24 03:14:00,5.97,240.35,0.32,27.53
2021-08-24 03:16:00,5.63,241.38,0.31,27.53
2021-08-24 03:18:00,5.94,241.02,0.36,27.53
2021-08-24 03:20:00,5.680000000000001,240.49,0.27,27.53
2021-08-24 03:22:00,5.88,241.3,0.35,27.53
2021-08-24 03:24:00,5.76,241.2,0.27,27.53
2021-08-24 03:26:00,5.45,240.87,0.36,27.53
2021-08-24 03:28:00,76.10000000000001,238.9,0.76,27.53
2021-08-24 03:30:00,5.8100000000000005,240.9,0.3,27.58
2021-08-24 03:32:00,5.72,240.42,0.32,27.54
2021-08-24 03:34:00,5.66,238.09,0.3,27.55
2021-08-24 03:36:00,5.69,238.84,0.29,27.55
2021-08-24 03:38:00,5.54,238.04,0.24,27.55
2021-08-24 03:40:00,5.550000000000001,241.4,0.27,27.55
2021-08-24 03:42:00,5.91,241.89,0.35,27.55
2021-08-24 03:52:00,5.609999999999999,239.46,0.28,27.57
2021-08-24 03:54:00,5.69,241.46,0.3,27.57
2021-08-24 03:56:00,5.01,240.2,0.12,27.57
2021-08-24 03:58:00,6.43,241.92,0.42,27.57
2021-08-24 04:00:00,5.78,239.83,0.36,27.55
2021-08-24 04:02:00,5.77,238.66,0.28,27.55
2021-08-24 04:04:00,5.78,241.06,0.29,27.54
2021-08-24 04:06:00,5.65,241.97,0.27,27.54
2021-08-24 04:08:00,5.8100000000000005,243.1,0.33,27.54
2021-08-24 04:10:00,5.59,242.78,0.3,27.54
2021-08-24 04:12:00,5.74,241.73,0.28,27.55
2021-08-24 04:16:00,5.77,241.41,0.34,27.54
2021-08-24 04:18:00,5.81,240.77,0.34,27.54
2021-08-24 04:20:00,5.819999999999999,240.47,0.32,27.54
2021-08-24 04:28:00,5.220000000000001,243.72,-0.03,27.54
2021-08-24 04:32:00,15.22,240.87,0.02,27.57
2021-08-24 04:36:00,6.279999999999999,240.29,0.05,27.58
2021-08-24 04:38:00,5.34,238.66,0.01,27.55
2021-08-24 04:40:00,4.99,236.48,-0.03,27.55
2021-08-24 04:42:00,4.69,236.68,-0.02,27.55
2021-08-24 04:44:00,4.52,242.23,0.02,27.55
2021-08-24 04:46:00,4.84,240.35,-0.05,27.54
2021-08-24 04:48:00,4.68,240.09,0.04,27.55
2021-08-24 04:52:00,4.91,241.57,0.08,27.54
2021-08-24 04:54:00,4.9,240.4,0.06,27.54
2021-08-24 04:56:00,21.26,237.74,0.01,27.54
2021-08-24 04:58:00,14.7,238.53,0.04,27.54
2021-08-24 05:02:00,5.81,240.24,-0.01,27.54
2021-08-24 05:04:00,5.41,239.78,-0.01,27.54
2021-08-24 05:06:00,4.84,237.08,0.07,27.54
2021-08-24 05:10:00,4.88,237.48,0.08,27.55
2021-08-24 05:12:00,4.99,245.59,0.05,27.54
2021-08-24 05:18:00,4.98,241.61,0.0,27.3
2021-08-24 05:20:00,22.16,238.89,0.04,27.29
2021-08-24 05:22:00,15.69,236.9,0.16,27.29
2021-08-24 05:24:00,10.22,236.06,0.21,27.29
2021-08-24 05:26:00,6.92,240.19,0.28,27.29
2021-08-24 05:28:00,6.18,241.4,0.3,27.29
2021-08-24 05:30:00,5.83,240.33,0.29,27.29
2021-08-24 05:32:00,5.470000000000001,239.83,0.32,27.29
2021-08-24 05:34:00,5.6000000000000005,239.77,0.29,27.29
2021-08-24 05:36:00,4.83,238.53,0.03,27.29
2021-08-24 05:38:00,5.02,237.36,0.13,27.29
2021-08-24 05:40:00,5.9,237.41,0.38,27.29
2021-08-24 05:42:00,5.7,236.55,0.34,27.29
2021-08-24 05:44:00,5.58,237.1,0.31,27.3
2021-08-24 05:46:00,5.46,236.59,0.29,27.57
2021-08-24 05:48:00,5.67,237.25,0.28,27.57
2021-08-24 05:50:00,5.55,238.09,0.26,27.57
2021-08-24 05:52:00,5.45,236.24,0.28,27.57
2021-08-24 05:54:00,5.76,236.22,0.35,27.57
2021-08-24 05:56:00,5.46,236.55,0.25,27.57
2021-08-24 05:58:00,5.74,235.55,0.3,27.57
2021-08-24 06:02:00,5.62,238.58,0.3,27.57
2021-08-24 06:04:00,5.8,239.14,0.32,27.57
2021-08-24 06:06:00,5.81,239.0,0.37,27.58
2021-08-24 06:08:00,5.59,239.62,0.29,27.58
2021-08-24 06:10:00,5.59,240.22,0.32,27.58
2021-08-24 06:12:00,5.63,239.21,0.32,27.58
2021-08-24 06:14:00,5.76,238.38,0.4,27.58
2021-08-24 06:16:00,5.67,238.31,0.26,27.58
2021-08-24 06:18:00,4.62,237.35,-0.01,27.58
2021-08-24 06:20:00,4.94,237.57,0.09,27.58
2021-08-24 06:24:00,5.54,241.34,0.31,27.58
2021-08-24 06:30:00,5.43,238.61,0.33,27.57
2021-08-24 06:32:00,5.89,238.82,0.33,27.29
2021-08-24 06:34:00,5.51,238.73,0.3,27.29
2021-08-24 06:36:00,5.64,239.16,0.37,27.29
2021-08-24 06:38:00,5.620000000000001,238.31,0.34,27.29
2021-08-24 06:40:00,5.65,238.49,0.33,27.29
2021-08-24 06:42:00,5.84,238.3,0.32,27.29
2021-08-24 06:48:00,5.840000000000001,240.39,0.28,27.47
2021-08-24 06:50:00,5.56,237.02,0.31,27.48
2021-08-24 06:54:00,5.640000000000001,237.22,0.3,27.49
2021-08-24 06:56:00,5.61,236.58,0.34,27.48
2021-08-24 06:58:00,5.59,236.43,0.32,27.49
2021-08-24 07:00:00,5.79,238.61,0.31,27.49
2021-08-24 07:02:00,5.5600000000000005,240.36,0.3,27.5
2021-08-24 07:04:00,5.7700000000000005,239.32,0.27,27.5
2021-08-24 07:06:00,5.81,239.65,0.27,27.52
2021-08-24 07:12:00,5.5,238.82,0.32,27.5
2021-08-24 07:16:00,5.59,240.8,0.27,27.51
2021-08-24 07:18:00,5.53,240.1,0.34,27.51
2021-08-24 07:20:00,5.640000000000001,241.41,0.31,27.52
2021-08-24 07:22:00,5.65,240.63,0.29,27.52
2021-08-24 07:24:00,5.52,240.1,0.25,27.53
2021-08-24 07:26:00,5.67,241.82,0.36,27.53
2021-08-24 07:28:00,5.6,244.96,0.37,27.54
2021-08-24 07:32:00,5.640000000000001,242.38,0.25,27.62
2021-08-24 07:36:00,5.81,241.25,0.35,27.57
2021-08-24 07:38:00,5.6,241.72,0.24,27.57
2021-08-24 07:40:00,5.74,242.47,0.35,27.55
2021-08-24 07:42:00,5.82,241.28,0.28,27.57
2021-08-24 07:44:00,5.42,240.6,0.36,27.57
2021-08-24 07:46:00,5.54,242.25,0.27,27.59
2021-08-24 07:50:00,4.859999999999999,242.88,0.17,27.59
2021-08-24 07:52:00,5.86,245.47,0.35,27.6
2021-08-24 07:54:00,5.44,242.56,0.27,27.6
2021-08-24 07:56:00,5.51,242.88,0.28,27.62
2021-08-24 07:58:00,5.79,242.09,0.32,27.61
2021-08-24 08:00:00,5.71,242.96,0.34,27.61
2021-08-24 08:02:00,5.550000000000001,241.82,0.3,27.62
2021-08-24 08:06:00,5.760000000000001,242.11,0.32,27.62
2021-08-24 08:08:00,5.41,240.09,0.26,27.62
2021-08-24 08:10:00,5.59,241.25,0.28,27.62
2021-08-24 08:12:00,5.6,240.8,0.32,27.62
2021-08-24 08:14:00,5.49,238.89,0.3,27.63
2021-08-24 08:16:00,5.58,238.89,0.33,27.63
2021-08-24 08:18:00,5.41,239.27,0.33,27.63
2021-08-24 08:20:00,5.67,238.83,0.27,27.64
2021-08-24 08:22:00,5.66,238.53,0.31,27.65
2021-08-24 08:24:00,5.45,239.96,0.25,27.66
2021-08-24 08:28:00,5.52,240.12,0.31,27.68
2021-08-24 08:32:00,5.819999999999999,240.3,0.33,27.62
2021-08-24 08:36:00,5.88,240.36,0.37,27.6
2021-08-24 08:38:00,5.57,239.47,0.3,27.57
2021-08-24 08:40:00,5.65,238.21,0.33,27.55
2021-08-24 08:42:00,5.66,235.8,0.31,27.53
2021-08-24 08:44:00,5.5600000000000005,241.78,0.35,27.55
2021-08-24 08:46:00,5.64,238.88,0.32,27.57
2021-08-24 08:50:00,5.41,237.78,0.32,27.57
2021-08-24 08:52:00,5.8,236.2,0.36,27.57
2021-08-24 08:54:00,5.77,238.5,0.28,27.57
2021-08-24 08:58:00,5.07,246.39,-0.0,27.55
2021-08-24 09:00:00,5.29,245.96,0.06,27.55
2021-08-24 09:04:00,15.5,238.66,0.14,27.55
2021-08-24 09:06:00,10.29,237.02,0.19,27.55
2021-08-24 09:12:00,5.01,240.78,0.12,27.42
2021-08-24 09:14:00,5.76,240.04,0.31,27.43
2021-08-24 09:16:00,5.390000000000001,239.69,0.32,27.44
2021-08-24 09:18:00,5.61,237.92,0.34,27.45
2021-08-24 09:20:00,5.76,236.5,0.32,27.46
2021-08-24 09:22:00,5.5,237.55,0.34,27.47
2021-08-24 09:24:00,5.91,235.66,0.37,27.48
2021-08-24 09:26:00,5.69,236.13,0.28,27.49
2021-08-24 09:28:00,5.6000000000000005,236.11,0.33,27.51
2021-08-24 09:30:00,5.83,236.59,0.31,27.53
2021-08-24 09:32:00,5.56,236.15,0.31,27.53
2021-08-24 09:34:00,5.84,236.36,0.38,27.63
2021-08-24 09:36:00,5.66,238.29,0.31,27.63
2021-08-24 09:38:00,5.47,237.7,0.32,27.63
2021-08-24 09:44:00,5.45,235.36,0.29,27.63
2021-08-24 09:46:00,5.39,236.9,0.3,27.63
2021-08-24 09:48:00,5.73,237.84,0.33,27.63
2021-08-24 09:50:00,5.59,236.98,0.34,27.63
2021-08-24 09:52:00,5.569999999999999,235.46,0.29,27.63
2021-08-24 09:54:00,5.54,238.1,0.27,27.63
2021-08-24 09:56:00,5.59,240.03,0.32,27.63
2021-08-24 09:58:00,5.7700000000000005,240.13,0.31,27.63
2021-08-24 10:00:00,5.57,238.98,0.37,27.63
2021-08-24 10:02:00,5.5600000000000005,238.03,0.28,27.62
2021-08-24 10:04:00,5.69,240.6,0.3,27.62
2021-08-24 10:06:00,5.68,239.32,0.33,27.62
2021-08-24 10:08:00,5.5,238.53,0.33,27.62
2021-08-24 10:10:00,4.88,238.88,0.05,27.62
2021-08-24 10:12:00,5.41,236.66,0.26,27.62
2021-08-24 10:14:00,5.66,237.89,0.33,27.62
2021-08-24 10:16:00,5.65,239.55,0.32,27.62
2021-08-24 10:18:00,5.540000000000001,237.51,0.32,27.62
2021-08-24 10:20:00,5.73,238.76,0.32,27.62
2021-08-24 10:24:00,5.67,240.26,0.27,27.63
2021-08-24 10:26:00,5.6,238.06,0.25,27.63
2021-08-24 10:28:00,5.69,240.64,0.38,27.63
2021-08-24 10:30:00,5.48,238.15,0.29,27.58
2021-08-24 10:32:00,5.75,239.72,0.3,27.52
2021-08-24 10:34:00,5.7,240.88,0.3,27.52
2021-08-24 10:36:00,5.69,241.23,0.32,27.53
2021-08-24 10:38:00,5.859999999999999,239.99,0.37,27.53
2021-08-24 10:40:00,5.8,239.43,0.33,27.53
2021-08-24 10:44:00,5.69,239.36,0.34,27.53
2021-08-24 10:48:00,5.84,237.22,0.35,27.52
2021-08-24 10:52:00,5.56,241.78,0.36,27.54
2021-08-24 10:54:00,5.470000000000001,240.8,0.23,27.52
2021-08-24 10:56:00,5.92,239.34,0.29,27.52
2021-08-24 10:58:00,5.800000000000001,237.88,0.35,27.52
2021-08-24 11:02:00,5.72,239.35,0.35,27.53
2021-08-24 11:04:00,5.68,239.57,0.28,27.53
2021-08-24 11:14:00,5.49,238.09,0.32,27.57
2021-08-24 11:16:00,5.52,237.27,0.3,27.55
2021-08-24 11:18:00,5.72,238.65,0.33,27.55
2021-08-24 11:24:00,5.65,239.38,0.32,27.55
2021-08-24 11:26:00,5.83,240.58,0.35,27.57
2021-08-24 11:32:00,5.84,243.35,0.37,27.09
2021-08-24 11:36:00,5.75,238.06,0.28,27.09
2021-08-24 11:40:00,5.58,239.32,0.37,27.55
2021-08-24 11:42:00,5.11,239.82,0.06,27.53
2021-08-24 11:46:00,5.5,241.2,0.27,27.5
2021-08-24 11:52:00,5.51,240.18,0.34,27.48
2021-08-24 11:54:00,5.680000000000001,240.36,0.33,27.45
2021-08-24 11:58:00,5.68,240.01,0.28,27.43
2021-08-24 12:02:00,5.62,242.02,0.31,27.39
2021-08-24 12:04:00,5.66,241.15,0.31,27.37
2021-08-24 12:06:00,5.42,241.67,0.33,27.36
2021-08-24 12:08:00,5.96,241.87,0.3,27.34
2021-08-24 12:10:00,6.02,241.73,0.34,27.32
2021-08-24 12:12:00,5.66,243.73,0.29,27.29
2021-08-24 12:16:00,5.760000000000001,242.0,0.33,27.28
2021-08-24 12:18:00,5.550000000000001,243.73,0.27,27.24
2021-08-24 12:20:00,5.890000000000001,244.48,0.31,27.22
2021-08-24 12:24:00,5.5200000000000005,242.87,0.33,27.19
2021-08-24 12:26:00,5.7,243.81,0.32,27.16
2021-08-24 12:28:00,5.819999999999999,244.52,0.32,27.14
2021-08-24 12:32:00,5.550000000000001,244.71,0.28,26.87
2021-08-24 12:42:00,5.42,244.36,0.27,27.09
2021-08-24 12:44:00,5.7,244.61,0.3,27.09
2021-08-24 12:46:00,5.6,240.78,0.36,27.08
2021-08-24 12:48:00,5.839999999999999,242.09,0.3,27.08
2021-08-24 12:52:00,5.529999999999999,240.82,0.26,27.05
2021-08-24 12:56:00,5.8100000000000005,240.97,0.29,27.04
2021-08-24 12:58:00,5.75,240.31,0.33,27.04
2021-08-24 13:00:00,5.7,240.82,0.27,27.04
2021-08-24 13:02:00,5.62,240.82,0.34,27.05
2021-08-24 13:04:00,5.39,239.83,0.27,27.04
2021-08-24 13:06:00,5.6000000000000005,238.67,0.29,27.04
2021-08-24 13:08:00,5.539999999999999,240.3,0.28,27.04
2021-08-24 13:10:00,5.62,239.39,0.32,27.02
2021-08-24 13:12:00,5.75,241.95,0.31,27.01
2021-08-24 13:14:00,5.069999999999999,240.16,0.05,27.01
2021-08-24 13:30:00,5.59,242.79,0.3,26.9
2021-08-24 13:32:00,5.7,243.35,0.33,26.9
2021-08-24 13:34:00,5.74,242.41,0.28,26.89
2021-08-24 13:36:00,5.73,243.24,0.31,26.88
2021-08-24 13:42:00,5.72,241.71,0.27,26.85
2021-08-24 13:46:00,5.81,243.98,0.3,26.85
2021-08-24 13:48:00,5.73,243.22,0.31,26.84
2021-08-24 13:50:00,5.65,242.81,0.34,26.83
2021-08-24 13:52:00,5.610000000000001,241.26,0.31,26.81
2021-08-24 13:54:00,5.67,240.88,0.24,26.8
2021-08-24 13:56:00,4.859999999999999,240.16,0.07,26.79
2021-08-24 13:58:00,5.02,240.82,0.05,26.78
2021-08-24 14:00:00,5.84,239.51,0.27,26.77
2021-08-24 14:06:00,5.9,242.09,0.37,26.76
2021-08-24 14:08:00,5.67,242.26,0.35,26.74
2021-08-24 14:10:00,5.83,242.34,0.31,26.73
2021-08-24 14:12:00,5.539999999999999,241.44,0.32,26.72
2021-08-24 14:16:00,5.84,242.28,0.31,26.72
2021-08-24 14:18:00,4.890000000000001,241.18,0.06,26.7
2021-08-24 14:20:00,5.8100000000000005,242.27,0.29,26.7
2021-08-24 14:22:00,5.739999999999999,242.48,0.28,26.69
2021-08-24 14:24:00,5.54,242.18,0.3,26.65
2021-08-24 14:26:00,5.67,242.18,0.29,26.65
2021-08-24 14:28:00,5.78,242.44,0.3,26.63
2021-08-24 14:32:00,4.66,244.28,0.05,26.88
2021-08-24 14:36:00,5.67,241.31,0.32,26.89
2021-08-24 14:38:00,5.55,242.81,0.28,26.88
2021-08-24 14:40:00,5.5,243.12,0.34,26.87
2021-08-24 14:46:00,5.56,242.0,0.27,26.85
2021-08-24 14:48:00,5.9,243.89,0.33,26.85
2021-08-24 14:50:00,5.54,243.71,0.32,26.84
2021-08-24 14:52:00,4.859999999999999,243.53,0.14,26.83
2021-08-24 14:54:00,4.91,242.96,0.03,26.81
2021-08-24 14:56:00,5.67,243.71,0.32,26.8
2021-08-24 14:58:00,5.66,242.3,0.26,26.79
2021-08-24 15:00:00,5.790000000000001,243.52,0.3,26.78
2021-08-24 15:02:00,5.53,242.39,0.33,26.77
2021-08-24 15:04:00,5.59,243.7,0.32,26.76
2021-08-24 15:06:00,5.65,243.17,0.27,26.74
2021-08-24 15:08:00,5.840000000000001,243.38,0.33,26.73
2021-08-24 15:10:00,5.5600000000000005,242.78,0.29,26.72
2021-08-24 15:12:00,5.65,243.46,0.31,26.72
2021-08-24 15:14:00,5.69,242.6,0.28,26.7
2021-08-24 15:16:00,5.699999999999999,242.88,0.34,26.7
2021-08-24 15:18:00,5.82,240.68,0.33,26.69
2021-08-24 15:20:00,5.81,241.56,0.3,26.65
2021-08-24 15:24:00,5.62,242.84,0.29,26.65
2021-08-24 15:26:00,5.869999999999999,242.67,0.3,26.63
2021-08-24 15:28:00,5.65,244.11,0.3,26.62
2021-08-24 15:32:00,5.41,243.77,0.29,26.06
2021-08-24 15:34:00,5.59,243.12,0.24,26.9
2021-08-24 15:36:00,5.779999999999999,242.18,0.36,26.89
2021-08-24 15:40:00,5.91,241.45,0.33,26.87
2021-08-24 15:42:00,5.77,242.5,0.33,26.85
2021-08-24 15:44:00,5.67,240.44,0.32,26.85
2021-08-24 15:46:00,5.74,240.78,0.35,26.84
2021-08-24 15:54:00,5.58,239.42,0.29,26.87
2021-08-24 15:56:00,5.75,236.24,0.28,26.85
2021-08-24 15:58:00,5.85,239.21,0.31,26.85
2021-08-24 16:00:00,5.77,241.38,0.3,26.85
2021-08-24 16:02:00,5.78,240.22,0.3,26.85
2021-08-24 16:06:00,5.670000000000001,239.6,0.35,26.87
2021-08-24 16:08:00,5.65,238.82,0.34,26.87
2021-08-24 16:12:00,4.949999999999999,240.87,0.08,26.87
2021-08-24 16:20:00,5.859999999999999,239.08,0.34,26.9
2021-08-24 16:24:00,5.46,239.93,0.26,26.91
2021-08-24 16:26:00,5.85,238.91,0.31,26.91
2021-08-24 16:28:00,5.91,238.36,0.32,26.9
2021-08-24 16:32:00,5.77,240.06,0.3,25.85
2021-08-24 16:36:00,5.5200000000000005,242.56,0.25,26.05
2021-08-24 16:38:00,76.7,240.72,0.76,26.03
2021-08-24 16:40:00,5.85,242.28,0.34,26.03
2021-08-24 16:42:00,5.63,241.98,0.28,26.02
2021-08-24 16:44:00,5.739999999999999,243.0,0.35,26.01
2021-08-24 16:48:00,4.84,243.2,0.04,25.99
2021-08-24 16:50:00,5.61,240.67,0.3,25.99
2021-08-24 16:54:00,5.5600000000000005,241.71,0.34,25.98
2021-08-24 16:56:00,5.66,240.75,0.31,25.98
2021-08-24 16:58:00,5.6,239.08,0.34,25.98
2021-08-24 17:00:00,5.54,240.53,0.31,25.97
2021-08-24 17:02:00,5.63,239.34,0.34,25.95
2021-08-24 17:04:00,5.74,239.04,0.32,25.94
2021-08-24 17:06:00,5.53,240.01,0.29,25.94
2021-08-24 17:08:00,5.859999999999999,241.39,0.3,25.95
2021-08-24 17:10:00,5.8500000000000005,243.42,0.36,25.95
2021-08-24 17:12:00,5.65,242.59,0.31,25.92
2021-08-24 17:18:00,5.87,239.14,0.39,25.91
2021-08-24 17:22:00,5.65,239.03,0.35,25.91
2021-08-24 17:32:00,5.55,239.11,0.27,25.85
2021-08-24 17:36:00,5.640000000000001,240.21,0.33,25.84
2021-08-24 17:40:00,5.609999999999999,239.32,0.35,25.84
2021-08-24 17:42:00,5.680000000000001,241.54,0.25,25.82
2021-08-24 17:48:00,5.859999999999999,241.09,0.34,25.83
2021-08-24 17:50:00,5.7700000000000005,239.86,0.31,25.82
2021-08-24 17:54:00,5.5600000000000005,241.58,0.28,25.82
2021-08-24 17:56:00,5.65,241.32,0.34,25.81
2021-08-24 17:58:00,5.87,240.97,0.3,25.8
2021-08-24 18:00:00,5.79,242.45,0.28,25.8
2021-08-24 18:02:00,5.5600000000000005,242.64,0.3,25.79
2021-08-24 18:08:00,5.6,243.31,0.31,25.77
2021-08-24 18:12:00,5.76,242.52,0.33,25.77
2021-08-24 18:20:00,5.83,242.72,0.35,25.75
2021-08-24 18:22:00,5.470000000000001,241.02,0.27,25.76
2021-08-24 18:24:00,5.7700000000000005,241.32,0.36,25.75
2021-08-24 18:28:00,5.63,241.56,0.36,25.75
2021-08-24 18:30:00,5.5,242.6,0.29,25.69
2021-08-24 18:32:00,5.57,241.54,0.32,25.86
2021-08-24 18:34:00,5.5600000000000005,242.69,0.3,25.86
2021-08-24 18:36:00,5.540000000000001,243.07,0.31,25.86
2021-08-24 18:38:00,5.57,241.93,0.29,25.86
2021-08-24 18:40:00,5.73,242.67,0.35,25.86
2021-08-24 18:42:00,5.83,241.76,0.3,25.85
2021-08-24 18:44:00,5.83,242.34,0.31,25.85
2021-08-24 18:50:00,5.92,243.74,0.29,25.86
2021-08-24 18:52:00,5.91,239.62,0.33,25.86
2021-08-24 18:54:00,5.63,243.06,0.25,25.86
2021-08-24 18:56:00,5.69,242.94,0.3,25.86
2021-08-24 18:58:00,5.82,240.95,0.35,25.86
2021-08-24 19:00:00,5.6,241.61,0.34,25.86
2021-08-24 19:02:00,5.82,241.83,0.34,25.86
2021-08-24 19:04:00,5.61,242.11,0.33,25.85
2021-08-24 19:06:00,5.53,241.39,0.28,25.85
2021-08-24 19:08:00,5.5600000000000005,242.96,0.31,25.85
2021-08-24 19:10:00,5.8500000000000005,243.14,0.37,25.84
2021-08-24 19:12:00,5.73,243.58,0.36,25.84
2021-08-24 19:16:00,5.65,241.99,0.25,25.85
2021-08-24 19:18:00,5.59,241.09,0.38,25.85
2021-08-24 19:20:00,5.45,242.12,0.25,25.85
2021-08-24 19:22:00,5.75,241.93,0.37,25.84
2021-08-24 19:24:00,5.5,242.68,0.33,25.84
2021-08-24 19:26:00,5.66,243.45,0.27,25.84
2021-08-24 19:28:00,5.73,243.81,0.31,25.84
2021-08-24 19:30:00,5.609999999999999,243.7,0.27,25.54
2021-08-24 19:32:00,5.81,243.93,0.35,25.53
2021-08-24 19:34:00,5.779999999999999,243.69,0.29,25.52
2021-08-24 19:36:00,5.629999999999999,243.14,0.31,25.52
2021-08-24 19:38:00,5.66,242.87,0.29,25.52
2021-08-24 19:42:00,5.9,242.26,0.36,25.52
2021-08-24 19:44:00,5.74,240.93,0.31,25.5
2021-08-24 19:46:00,5.8100000000000005,243.64,0.37,25.69
2021-08-24 19:48:00,5.85,243.13,0.38,25.48
2021-08-24 19:50:00,5.55,242.46,0.35,25.69
2021-08-24 19:52:00,5.5200000000000005,241.86,0.29,25.69
2021-08-24 19:54:00,5.59,243.28,0.32,25.5
2021-08-24 19:58:00,5.69,241.84,0.33,25.48
2021-08-24 20:00:00,5.94,241.52,0.33,25.69
2021-08-24 20:02:00,76.82000000000001,239.57,0.76,25.47
2021-08-24 20:06:00,5.63,242.3,0.33,25.46
2021-08-24 20:08:00,5.739999999999999,243.16,0.3,25.69
2021-08-24 20:10:00,5.72,242.29,0.32,25.68
2021-08-24 20:12:00,5.61,241.03,0.33,25.69
2021-08-24 20:16:00,5.64,242.51,0.37,25.43
2021-08-24 20:26:00,5.77,242.34,0.34,25.43
2021-08-24 20:28:00,5.57,243.01,0.34,25.43
2021-08-24 20:32:00,5.57,242.5,0.27,25.25
2021-08-24 20:36:00,5.8,244.52,0.33,25.54
2021-08-24 20:40:00,5.83,243.62,0.31,25.39
2021-08-24 20:42:00,5.6,243.23,0.29,25.39
2021-08-24 20:44:00,5.57,241.91,0.31,25.38
2021-08-24 20:46:00,5.78,242.69,0.3,25.37
2021-08-24 20:48:00,5.530000000000001,243.02,0.3,25.37
2021-08-24 20:50:00,5.859999999999999,244.02,0.33,25.36
2021-08-24 20:52:00,5.63,242.77,0.29,25.36
2021-08-24 20:54:00,5.68,243.03,0.32,25.35
2021-08-24 20:56:00,5.890000000000001,242.16,0.27,25.33
2021-08-24 20:58:00,5.680000000000001,241.54,0.27,25.33
2021-08-24 21:00:00,5.76,243.14,0.36,25.33
2021-08-24 21:04:00,5.38,244.23,0.28,25.32
2021-08-24 21:06:00,4.9,242.98,0.05,25.33
2021-08-24 21:08:00,4.9,242.74,0.13,25.32
2021-08-24 21:12:00,5.619999999999999,242.48,0.26,25.31
2021-08-24 21:16:00,5.640000000000001,242.36,0.29,25.31
2021-08-24 21:18:00,5.75,242.04,0.26,25.3
2021-08-24 21:20:00,75.55,239.19,0.77,25.31
2021-08-24 21:22:00,5.75,241.54,0.3,25.3
2021-08-24 21:24:00,5.64,241.59,0.28,25.29
2021-08-24 21:26:00,5.9,242.28,0.3,25.29
2021-08-24 21:28:00,5.6000000000000005,244.18,0.31,25.28
2021-08-24 21:30:00,5.79,243.35,0.31,25.15
2021-08-24 21:36:00,5.84,242.49,0.28,25.25
2021-08-24 21:42:00,4.91,242.48,0.12,25.25
2021-08-24 21:44:00,4.890000000000001,242.71,0.08,25.27
2021-08-24 21:46:00,5.6000000000000005,243.31,0.29,25.25
2021-08-24 21:50:00,5.720000000000001,243.23,0.28,25.25
2021-08-24 21:54:00,5.6,242.41,0.31,25.24
2021-08-24 21:56:00,5.79,242.31,0.34,25.23
2021-08-24 21:58:00,5.54,242.32,0.34,25.23
2021-08-24 22:00:00,5.73,242.86,0.32,25.23
2021-08-24 22:02:00,5.62,242.84,0.31,25.23
2021-08-24 22:04:00,5.61,241.26,0.27,25.23
2021-08-24 22:06:00,5.61,241.09,0.22,25.23
2021-08-24 22:08:00,6.029999999999999,242.19,0.3,25.22
2021-08-24 22:10:00,5.75,242.05,0.31,25.22
2021-08-24 22:12:00,5.56,241.66,0.24,25.2
2021-08-24 22:14:00,5.84,241.87,0.37,25.2
2021-08-24 22:16:00,5.56,242.44,0.3,25.18
2021-08-24 22:18:00,5.590000000000001,242.02,0.3,25.18
2021-08-24 22:20:00,5.67,243.15,0.26,25.2
2021-08-24 22:22:00,5.65,242.09,0.32,25.2
2021-08-24 22:24:00,5.720000000000001,241.87,0.26,25.18
2021-08-24 22:26:00,5.739999999999999,241.55,0.34,25.17
2021-08-24 22:28:00,5.8500000000000005,243.13,0.35,25.17
2021-08-24 22:32:00,5.7,242.94,0.3,25.06
2021-08-24 22:36:00,5.69,243.37,0.31,25.14
2021-08-24 22:38:00,5.6,242.07,0.32,25.13
2021-08-24 22:40:00,5.470000000000001,241.94,0.29,25.25
2021-08-24 22:42:00,5.46,242.88,0.27,25.25
2021-08-24 22:44:00,5.53,241.18,0.31,25.25
2021-08-24 22:48:00,5.52,242.69,0.31,25.1
2021-08-24 22:50:00,5.58,240.21,0.29,25.08
2021-08-24 22:52:00,5.89,240.95,0.33,25.08
2021-08-24 22:54:00,5.630000000000001,241.87,0.3,25.08
2021-08-24 22:56:00,5.62,240.3,0.32,25.08
2021-08-24 22:58:00,6.01,240.61,0.32,25.08
2021-08-24 23:00:00,5.6,239.11,0.27,25.08
2021-08-24 23:02:00,5.79,237.87,0.34,25.25
2021-08-24 23:04:00,5.73,238.95,0.32,25.25
2021-08-24 23:06:00,5.58,237.86,0.3,25.25
2021-08-24 23:08:00,5.74,240.67,0.32,25.25
2021-08-24 23:10:00,5.78,240.3,0.34,25.25
2021-08-24 23:12:00,5.7700000000000005,240.63,0.3,25.25
2021-08-24 23:14:00,5.66,240.03,0.33,25.25
2021-08-24 23:16:00,5.76,239.24,0.25,25.25
2021-08-24 23:18:00,5.82,241.45,0.28,25.25
2021-08-24 23:20:00,5.73,240.42,0.32,25.25
2021-08-24 23:22:00,5.75,239.54,0.32,25.25
2021-08-24 23:24:00,5.81,240.75,0.35,25.25
2021-08-24 23:26:00,5.66,239.61,0.36,25.25
2021-08-24 23:28:00,5.87,240.66,0.28,25.25
2021-08-24 23:32:00,76.10000000000001,239.63,0.77,25.06
2021-08-24 23:36:00,5.819999999999999,241.39,0.31,25.06
2021-08-24 23:38:00,5.79,241.16,0.34,25.06
2021-08-24 23:40:00,4.9,242.76,0.1,25.05
2021-08-24 23:42:00,6.300000000000001,243.19,0.41,25.02
2021-08-24 23:44:00,5.52,241.95,0.3,25.01
2021-08-24 23:48:00,6.06,243.06,0.33,25.01
2021-08-24 23:50:00,5.68,239.92,0.28,25.01
2021-08-24 23:52:00,5.68,242.09,0.32,25.0
2021-08-24 23:54:00,5.140000000000001,242.6,0.08,25.01
2021-08-25 00:02:00,5.6000000000000005,243.56,0.33,25.0
2021-08-25 00:04:00,5.55,242.09,0.25,25.01
2021-08-25 00:06:00,5.75,242.13,0.3,25.01
2021-08-25 00:10:00,5.8500000000000005,241.33,0.34,25.0
2021-08-25 00:12:00,5.65,241.68,0.26,24.99
2021-08-25 00:14:00,5.72,240.96,0.31,24.99
2021-08-25 00:20:00,5.8,239.79,0.27,24.98
2021-08-25 00:26:00,5.5,241.89,0.29,24.99
2021-08-25 00:28:00,5.76,241.25,0.36,24.98
2021-08-25 00:32:00,5.45,241.78,0.3,24.83
2021-08-25 00:34:00,5.84,241.85,0.37,25.06
2021-08-25 00:36:00,5.859999999999999,242.23,0.31,25.06
2021-08-25 00:40:00,5.720000000000001,245.09,0.26,25.06
2021-08-25 00:42:00,4.77,240.93,0.12,25.06
2021-08-25 00:44:00,4.81,242.25,0.03,25.06
2021-08-25 00:46:00,5.7,233.54,0.33,25.06
2021-08-25 00:48:00,5.71,241.0,0.29,25.06
2021-08-25 00:50:00,5.75,242.25,0.32,25.06
2021-08-25 00:52:00,5.72,242.44,0.31,25.06
2021-08-25 00:54:00,5.59,242.03,0.29,25.06
2021-08-25 00:56:00,5.630000000000001,240.9,0.28,25.06
2021-08-25 00:58:00,5.58,241.74,0.29,25.06
2021-08-25 01:00:00,5.859999999999999,240.99,0.29,25.06
2021-08-25 01:02:00,5.6,240.39,0.3,25.06
2021-08-25 01:04:00,5.76,240.87,0.38,25.06
2021-08-25 01:08:00,5.57,241.78,0.32,25.06
2021-08-25 01:10:00,5.83,241.16,0.35,25.06
2021-08-25 01:12:00,5.970000000000001,239.85,0.28,25.06
2021-08-25 01:14:00,5.72,240.46,0.35,25.06
2021-08-25 01:16:00,6.02,241.64,0.3,25.06
2021-08-25 01:20:00,5.63,239.56,0.33,24.83
2021-08-25 01:22:00,5.79,240.65,0.32,24.83
2021-08-25 01:24:00,5.6000000000000005,240.66,0.35,24.83
2021-08-25 01:26:00,5.97,241.55,0.26,24.82
2021-08-25 01:30:00,4.72,241.95,0.06,24.79
2021-08-25 01:32:00,5.63,242.07,0.32,24.84
2021-08-25 01:34:00,5.74,243.35,0.33,24.84
2021-08-25 01:36:00,5.67,242.85,0.35,24.83
2021-08-25 01:38:00,5.67,242.25,0.25,24.84
2021-08-25 01:40:00,5.82,242.29,0.35,24.83
2021-08-25 01:48:00,5.58,242.18,0.3,24.83
2021-08-25 01:50:00,5.86,242.36,0.29,24.84
2021-08-25 01:52:00,5.71,240.54,0.32,24.84
2021-08-25 01:54:00,5.73,241.67,0.31,24.83
2021-08-25 01:56:00,5.83,242.04,0.24,24.82
2021-08-25 01:58:00,5.869999999999999,241.83,0.33,24.82
2021-08-25 02:00:00,5.72,244.67,0.34,24.81
2021-08-25 02:02:00,5.73,243.09,0.29,24.82
2021-08-25 02:04:00,6.01,245.43,0.34,24.82
2021-08-25 02:06:00,5.83,244.6,0.35,24.82
2021-08-25 02:12:00,5.65,244.68,0.31,24.81
2021-08-25 02:16:00,5.57,241.62,0.3,24.82
2021-08-25 02:18:00,5.5200000000000005,241.44,0.27,24.82
2021-08-25 02:20:00,5.890000000000001,240.84,0.35,24.82
2021-08-25 02:22:00,5.55,241.11,0.33,24.82
2021-08-25 02:24:00,5.67,243.11,0.35,24.82
2021-08-25 02:26:00,5.76,243.58,0.32,24.81
2021-08-25 02:28:00,5.590000000000001,242.38,0.33,24.8
2021-08-25 02:32:00,6.02,242.03,0.36,24.83
2021-08-25 02:34:00,5.829999999999999,241.32,0.31,24.84
2021-08-25 02:36:00,5.62,242.45,0.33,24.79
2021-08-25 02:38:00,5.08,243.8,0.08,24.79
2021-08-25 02:40:00,5.62,243.04,0.29,24.78
2021-08-25 02:42:00,5.750000000000001,241.63,0.28,24.78
2021-08-25 02:46:00,5.49,240.81,0.32,24.79
2021-08-25 02:48:00,5.79,241.25,0.33,24.78
2021-08-25 02:50:00,5.7700000000000005,240.34,0.27,24.79
2021-08-25 02:52:00,5.68,241.12,0.34,24.79
2021-08-25 02:54:00,5.56,239.89,0.28,24.79
2021-08-25 02:56:00,5.640000000000001,242.34,0.29,24.78
2021-08-25 03:00:00,5.880000000000001,244.39,0.32,24.78
2021-08-25 03:02:00,5.37,243.97,0.31,24.79
2021-08-25 03:04:00,5.69,242.1,0.38,24.8
2021-08-25 03:08:00,5.71,240.45,0.36,24.79
2021-08-25 03:10:00,5.72,239.43,0.29,24.78
2021-08-25 03:14:00,5.6000000000000005,239.17,0.32,24.77
2021-08-25 03:16:00,5.8,240.17,0.31,24.77
2021-08-25 03:18:00,5.86,243.36,0.31,24.77
2021-08-25 03:20:00,5.94,241.64,0.32,24.78
2021-08-25 03:22:00,5.92,241.71,0.31,24.78
2021-08-25 03:24:00,5.829999999999999,241.59,0.31,24.79
2021-08-25 03:28:00,5.62,240.49,0.23,24.8
2021-08-25 03:32:00,5.48,241.28,0.34,24.82
2021-08-25 03:42:00,5.68,238.99,0.35,24.83
2021-08-25 03:44:00,5.640000000000001,240.42,0.29,24.84
2021-08-25 03:46:00,5.68,238.66,0.28,24.84
2021-08-25 03:48:00,5.750000000000001,240.41,0.34,24.84
2021-08-25 03:50:00,5.859999999999999,239.05,0.37,24.84
2021-08-25 03:52:00,5.51,239.04,0.27,24.84
2021-08-25 03:56:00,5.73,242.37,0.35,24.84
2021-08-25 03:58:00,5.56,243.03,0.37,24.84
2021-08-25 04:00:00,5.74,240.55,0.33,24.84
2021-08-25 04:02:00,5.720000000000001,239.24,0.32,24.84
2021-08-25 04:04:00,5.41,238.19,0.34,24.84
2021-08-25 04:06:00,5.8,240.5,0.35,24.85
2021-08-25 04:08:00,5.65,239.86,0.3,24.85
